Geneid	expr	quartile
DDX11L1	0	0
WASH7P	182	2
MIR6859-3	0	0
MIR6859-2	0	0
MIR6859-1	0	0
MIR6859-4	0	0
MIR1302-2	0	0
MIR1302-11	0	0
MIR1302-9	0	0
MIR1302-10	0	0
FAM138A	0	0
FAM138C	0	0
FAM138F	0	0
OR4F5	0	0
LOC729737	0	0
FAM138D	0	0
OR4F29	0	0
OR4F3	0	0
OR4F16	0	0
LOC100132287	0	0
LOC100132062	0	0
LOC101928626	2	1
MIR6723	60	2
LOC100133331	11	1
LOC100288069	16	1
FAM87B	3	1
LINC00115	10	1
LINC01128	198	2
FAM41C	0	0
LOC100130417	14	1
SAMD11	32	1
NOC2L	2713	4
KLHL17	415	2
PLEKHN1	245	2
PERM1	100	2
HES4	905	3
ISG15	13680	4
AGRN	18928	4
RNF223	0	0
C1orf159	327	2
LINC01342	0	0
MIR200B	0	0
MIR200A	0	0
MIR429	0	0
TTLL10	0	0
TNFRSF18	0	0
TNFRSF4	0	0
SDF4	5843	4
B3GALT6	1110	3
FAM132A	19	1
UBE2J2	1366	3
SCNN1D	46	2
ACAP3	846	3
MIR6726	0	0
PUSL1	403	2
CPSF3L	1314	3
MIR6727	0	0
CPTP	508	2
TAS1R3	14	1
DVL1	2948	4
MIR6808	0	0
MXRA8	6740	4
AURKAIP1	2109	4
CCNL2	1217	3
LOC148413	169	2
MRPL20	1032	3
ANKRD65	0	0
TMEM88B	0	0
LOC102724312	0	0
VWA1	0	0
ATAD3C	1	1
ATAD3B	1000	3
ATAD3A	1782	3
TMEM240	11	1
SSU72	1589	3
C1orf233	0	0
MIB2	410	2
MMP23B	0	0
MMP23A	0	0
CDK11B	944	3
SLC35E2B	387	2
CDK11A	470	2
SLC35E2	488	2
NADK	1336	3
GNB1	11329	4
CALML6	0	0
TMEM52	0	0
CFAP74	0	0
GABRD	0	0
PRKCZ	1	1
FAAP20	657	3
SKI	1986	3
MORN1	85	2
LOC100129534	2	1
RER1	2987	4
PEX10	311	2
PLCH2	2	1
PANK4	758	3
HES5	0	0
LOC115110	0	0
TNFRSF14	108	2
LOC100996583	0	0
FAM213B	644	3
MMEL1	0	0
TTC34	0	0
ACTRT2	0	0
LINC00982	0	0
PRDM16	0	0
MIR4251	0	0
ARHGEF16	2	1
MEGF6	2228	4
MIR551A	0	0
TPRG1L	1125	3
WRAP73	285	2
TP73	2	1
TP73-AS1	118	2
CCDC27	0	0
SMIM1	0	0
LRRC47	1133	3
CEP104	574	2
DFFB	92	2
C1orf174	448	2
LINC01134	6	1
LINC01346	0	0
LOC284661	0	0
AJAP1	0	0
MIR4417	0	0
MIR4689	0	0
NPHP4	340	2
KCNAB2	122	2
CHD5	0	0
RPL22	4003	4
LOC102724450	0	0
RNF207	0	0
ICMT	5421	4
LINC00337	0	0
HES3	0	0
GPR153	183	2
ACOT7	1276	3
HES2	0	0
ESPN	0	0
MIR4252	0	0
TNFRSF25	71	2
PLEKHG5	368	2
NOL9	515	2
TAS1R1	0	0
ZBTB48	133	2
KLHL21	1205	3
PHF13	806	3
THAP3	267	2
DNAJC11	765	3
LOC100505887	0	0
CAMTA1	464	2
VAMP3	2990	4
PER3	176	2
UTS2	0	0
TNFRSF9	0	0
PARK7	3714	4
ERRFI1	266	2
LOC102724539	0	0
SLC45A1	16	1
RERE	896	3
LOC102724552	0	0
ENO1	39249	4
MIR6728	0	0
ENO1-AS1	6	1
CA6	0	0
SLC2A7	0	0
SLC2A5	0	0
GPR157	47	2
MIR34A	3	1
H6PD	1786	3
SPSB1	738	3
LOC100506022	4	1
SLC25A33	430	2
TMEM201	1099	3
PIK3CD	1156	3
PIK3CD-AS1	0	0
PIK3CD-AS2	0	0
CLSTN1	7707	4
CTNNBIP1	613	3
LZIC	1043	3
NMNAT1	541	2
MIR5697	0	0
RBP7	0	0
UBE4B	1743	3
KIF1B	2568	4
MIR1273D	0	0
RNU6-1	0	0
RNU6-2	0	0
RNU6-7	0	0
RNU6-9	0	0
RNU6-8	0	0
PGD	14096	4
APITD1-CORT	0	0
APITD1	95	2
CORT	1	1
DFFA	1530	3
PEX14	879	3
CASZ1	21	1
C1orf127	0	0
TARDBP	6231	4
MASP2	24	1
SRM	4283	4
EXOSC10	3862	4
MTOR	3189	4
MTOR-AS1	0	0
ANGPTL7	0	0
UBIAD1	960	3
PTCHD2	0	0
LOC101929181	0	0
FBXO2	2	1
FBXO44	74	2
FBXO6	282	2
MAD2L2	1813	3
DRAXIN	0	0
AGTRAP	2800	4
C1orf167	6	1
LOC102724659	0	0
MTHFR	548	2
CLCN6	428	2
NPPA-AS1	6	1
NPPA	7	1
NPPB	1	1
RNU5E-1	0	0
KIAA2013	3374	4
PLOD1	10731	4
MFN2	6098	4
MIIP	512	2
MIR6729	0	0
TNFRSF8	0	0
MIR7846	0	0
TNFRSF1B	892	3
MIR4632	0	0
VPS13D	2184	4
SNORA59A	0	0
SNORA59B	0	0
DHRS3	4	1
MIR6730	0	0
AADACL4	0	0
AADACL3	0	0
C1orf158	0	0
PRAMEF12	0	0
PRAMEF1	0	0
PRAMEF11	0	0
HNRNPCL1	4	1
PRAMEF2	0	0
PRAMEF4	0	0
PRAMEF10	0	0
PRAMEF7	0	0
PRAMEF6	0	0
LOC101929983	0	0
HNRNPCL3	0	0
HNRNPCL4	0	0
PRAMEF25	0	0
PRAMEF26	0	0
LOC649324	0	0
LOC645354	0	0
HNRNPCL2	4	1
PRAMEF9	0	0
LOC400736	0	0
LOC391003	0	0
PRAMEF22	0	0
PRAMEF5	0	0
PRAMEF8	0	0
LOC645382	0	0
PRAMEF15	0	0
PRAMEF14	0	0
PRAMEF19	0	0
PRAMEF16	0	0
PRAMEF17	0	0
PRAMEF20	0	0
LRRC38	0	0
PDPN	0	0
PRDM2	1126	3
KAZN	584	2
TMEM51-AS1	1	1
TMEM51	985	3
C1orf195	2	1
FHAD1	4	1
EFHD2	3932	4
CTRC	0	0
CELA2A	0	0
CELA2B	0	0
CASP9	178	2
DNAJC16	809	3
AGMAT	2	1
DDI2	224	2
RSC1A1	107	2
PLEKHM2	3426	4
SLC25A34	30	1
TMEM82	0	0
FBLIM1	3584	4
UQCRHL	24	1
FLJ37453	38	2
SPEN	4021	4
MIR5096	4	1
ZBTB17	1251	3
C1orf64	0	0
HSPB7	0	0
CLCNKA	0	0
CLCNKB	0	0
FAM131C	2	1
EPHA2	8013	4
ARHGEF19	486	2
RSG1	133	2
FBXO42	799	3
SZRD1	9698	4
SPATA21	1	1
NECAP2	2668	4
CROCCP3	103	2
RNU1-1	0	0
RNU1-2	0	0
RNU1-3	0	0
RNU1-28P	0	0
RNVU1-18	0	0
RNU1-27P	0	0
RNU1-4	0	0
FAM231B	0	0
MIR3675	0	0
NBPF1	449	2
CROCCP2	203	2
MST1P2	2	1
FAM231A	0	0
FAM231C	0	0
ESPNP	0	0
MST1L	2	1
CROCC	443	2
MFAP2	2218	4
ATP13A2	1180	3
SDHB	2238	4
PADI2	0	0
PADI1	6	1
PADI3	0	0
MIR3972	0	0
PADI4	0	0
PADI6	0	0
RCC2	4713	4
ARHGEF10L	770	3
ACTL8	2	1
LOC101927876	0	0
IGSF21	0	0
KLHDC7A	0	0
PAX7	0	0
TAS1R2	0	0
ALDH4A1	386	2
MIR4695	0	0
MIR1290	0	0
IFFO2	741	3
UBR4	11830	4
EMC1	5586	4
MRTO4	3873	4
AKR7L	13	1
AKR7A3	11	1
LOC100506730	49	2
AKR7A2	1373	3
PQLC2	839	3
CAPZB	9938	4
MINOS1-NBL1	0	0
MINOS1	1686	3
RPS14P3	2	1
NBL1	41	2
HTR6	8	1
TMCO4	1384	3
RNF186	0	0
OTUD3	160	2
PLA2G2E	0	0
PLA2G2A	0	0
PLA2G5	0	0
PLA2G2D	0	0
PLA2G2F	0	0
PLA2G2C	0	0
UBXN10-AS1	0	0
UBXN10	0	0
VWA5B1	0	0
LINC01141	0	0
CAMK2N1	2332	4
MUL1	1822	3
FAM43B	0	0
CDA	21	1
PINK1	800	3
MIR6084	0	0
PINK1-AS	199	2
DDOST	12110	4
KIF17	86	2
SH2D5	355	2
HP1BP3	6472	4
EIF4G3	4548	4
MIR1256	0	0
ECE1	10248	4
LOC100506801	4	1
NBPF3	534	2
ALPL	2	1
RAP1GAP	0	0
USP48	2119	4
LDLRAD2	0	0
HSPG2	8598	4
CELA3B	0	0
CELA3A	0	0
LOC101928043	4	1
LINC00339	397	2
CDC42	11774	4
WNT4	4	1
MIR4418	0	0
ZBTB40	935	3
EPHA8	0	0
MIR6127	0	0
C1QA	0	0
C1QC	0	0
C1QB	0	0
EPHB2	2615	4
MIR4684	0	0
MIR4253	0	0
LACTBL1	0	0
C1orf234	0	0
KDM1A	2949	4
MIR3115	0	0
MIR4419A	0	0
LUZP1	4318	4
HTR1D	14	1
LINC01355	52	2
HNRNPR	11213	4
ZNF436	530	2
ZNF436-AS1	30	1
TCEA3	488	2
ASAP3	188	2
E2F2	549	2
LOC101928163	2	1
ID3	9506	4
MDS2	0	0
RPL11	21383	4
TCEB3	2915	4
TCEB3-AS1	6	1
PITHD1	1627	3
LYPLA2	1635	3
GALE	1505	3
HMGCL	635	3
FUCA1	6	1
CNR2	0	0
MIR378F	0	0
PNRC2	3619	4
SRSF10	5082	4
MYOM3	2	1
IL22RA1	32	1
IFNLR1	0	0
LOC284632	0	0
GRHL3	4	1
STPG1	454	2
NIPAL3	4502	4
RCAN3AS	0	0
RCAN3	450	2
LOC100506985	31	1
NCMAP	0	0
SRRM1	3776	4
CLIC4	34989	4
RUNX3	0	0
MIR6731	0	0
MIR4425	0	0
SYF2	1905	3
RSRP1	537	2
RHD	11	1
TMEM50A	6379	4
RHCE	10	1
TMEM57	1142	3
LDLRAP1	723	3
MAN1C1	0	0
SEPN1	5036	4
MTFR1L	717	3
LOC646471	76	2
AUNIP	288	2
PAQR7	728	3
STMN1	14134	4
MIR3917	0	0
PAFAH2	508	2
EXTL1	18	1
SLC30A2	0	0
TRIM63	0	0
PDIK1L	264	2
FAM110D	0	0
ZNF593	819	3
CNKSR1	0	0
CATSPER4	0	0
LOC101928303	0	0
CEP85	851	3
SH3BGRL3	10099	4
UBXN11	330	2
CD52	0	0
AIM1L	2	1
ZNF683	0	0
LIN28A	0	0
DHDDS	1713	3
LOC101928324	4	1
HMGN2	16248	4
RPS6KA1	102	2
MIR1976	0	0
ARID1A	3895	4
PIGV	470	2
ZDHHC18	1461	3
SFN	10	1
GPN2	659	3
GPATCH3	488	2
NR0B2	0	0
NUDC	5108	4
KDF1	0	0
TRNP1	8858	4
FAM46B	388	2
SLC9A1	1766	3
WDTC1	1298	3
TMEM222	1698	3
ACTG1P20	54	2
RNU6-48P	0	0
SYTL1	8	1
MAP3K6	2005	3
FCN3	4	1
CD164L2	0	0
GPR3	170	2
WASF2	5443	4
AHDC1	1105	3
FGR	4	1
IFI6	62064	4
FAM76A	468	2
STX12	2502	4
PPP1R8	2257	4
SCARNA1	0	0
THEMIS2	936	3
RPA2	2204	4
SMPDL3B	0	0
XKR8	54	2
EYA3	1128	3
PTAFR	14	1
DNAJC8	4922	4
ATPIF1	2403	4
SESN2	438	2
MED18	637	3
PHACTR4	2000	3
SNHG3	948	3
RCC1	3521	4
SNORA73A	71	2
SNORA73B	50	2
TRNAU1AP	726	3
SNHG12	481	2
SNORD99	19	1
SNORA61	95	2
SNORA44	15	1
SNORA16A	59	2
RAB42	50	2
TAF12	746	3
RNU11	0	0
GMEB1	508	2
YTHDF2	2867	4
OPRD1	0	0
EPB41	252	2
TMEM200B	1276	3
SRSF4	4284	4
MECR	639	3
PTPRU	281	2
LOC101928460	0	0
LOC101929406	0	0
MATN1	3	1
MATN1-AS1	32	1
LAPTM5	18	1
MIR4420	0	0
SDC3	3422	4
PUM1	3060	4
SNORD103A	0	0
SNORD103B	0	0
SNORD85	0	0
NKAIN1	0	0
SNRNP40	1777	3
ZCCHC17	1737	3
FABP3	123	2
SERINC2	3634	4
LINC01225	0	0
LINC01226	0	0
TINAGL1	0	0
HCRTR1	1	1
PEF1	2349	4
COL16A1	10738	4
ADGRB2	483	2
MIR4254	0	0
SPOCD1	3411	4
PTP4A2	11331	4
KHDRBS1	8846	4
TMEM39B	807	3
MIR5585	0	0
KPNA6	4120	4
TXLNA	5725	4
CCDC28B	194	2
IQCC	181	2
DCDC2B	33	1
TMEM234	296	2
EIF3I	7296	4
MTMR9LP	163	2
FAM167B	41	2
LCK	0	0
HDAC1	4095	4
MARCKSL1	414	2
FAM229A	14	1
TSSK3	33	1
BSDC1	1855	3
ZBTB8B	0	0
ZBTB8A	689	3
ZBTB8OS	777	3
RBBP4	2939	4
SYNC	1152	3
KIAA1522	1251	3
YARS	3774	4
S100PBP	1193	3
FNDC5	2	1
HPCA	4	1
TMEM54	1217	3
RNF19B	638	3
AK2	5085	4
AZIN2	88	2
TRIM62	358	2
ZNF362	410	2
A3GALT2	0	0
PHC2	3922	4
MIR3605	2	1
LOC101929464	0	0
ZSCAN20	286	2
CSMD2	2	1
HMGB4	0	0
CSMD2-AS1	0	0
C1orf94	0	0
MIR552	0	0
GJB5	0	0
GJB4	0	0
GJB3	4	1
GJA4	2	1
SMIM12	1260	3
DLGAP3	0	0
LOC653160	27	1
ZMYM6NB	736	3
ZMYM6	759	3
ZMYM1	758	3
SFPQ	12076	4
ZMYM4	2781	4
KIAA0319L	1354	3
NCDN	1605	3
TFAP2E	17	1
PSMB2	5274	4
C1orf216	1413	3
CLSPN	3955	4
AGO4	443	2
AGO1	883	3
AGO3	475	2
TEKT2	0	0
ADPRHL2	2256	4
COL8A2	70	2
TRAPPC3	2105	4
MAP7D1	12166	4
THRAP3	8107	4
SH3D21	81	2
EVA1B	5525	4
STK40	2699	4
LSM10	866	3
OSCP1	88	2
MRPS15	2071	4
CSF3R	0	0
GRIK3	0	0
MIR4255	0	0
LINC01137	115	2
ZC3H12A	1229	3
MIR6732	3	1
MEAF6	1334	3
MIR5581	4	1
SNIP1	830	3
DNALI1	1	1
GNL2	3457	4
RSPO1	0	0
C1orf109	780	3
CDCA8	2904	4
EPHA10	4	1
MANEAL	40	2
YRDC	842	3
C1orf122	1848	3
MTF1	1085	3
INPP5B	719	3
SF3A3	4204	4
FHL3	1181	3
UTP11L	2150	4
POU3F1	0	0
MIR3659	0	0
LINC01343	0	0
RRAGC	2362	4
MYCBP	1	1
GJA9-MYCBP	0	0
GJA9	0	0
RHBDL2	119	2
AKIRIN1	2897	4
NDUFS5	3336	4
MACF1	10220	4
KIAA0754	2139	4
BMP8A	10	1
PPIEL	2	1
PABPC4	5746	4
LOC101929516	5	1
SNORA55	6	1
HEYL	0	0
NT5C1A	0	0
HPCAL4	0	0
PPIE	1584	3
BMP8B	8	1
OXCT2	0	0
TRIT1	401	2
MYCL	1	1
MFSD2A	268	2
CAP1	27753	4
PPT1	4067	4
RLF	822	3
TMCO2	0	0
ZMPSTE24	4663	4
COL9A2	2	1
SMAP2	1461	3
ZFP69B	123	2
ZFP69	182	2
EXO5	486	2
ZNF684	178	2
RIMS3	2	1
NFYC-AS1	34	2
NFYC	1123	3
MIR30E	0	0
MIR30C1	0	0
KCNQ4	1	1
CITED4	0	0
CTPS1	5680	4
SLFNL1-AS1	36	2
SLFNL1	12	1
SCMH1	976	3
FOXO6	8	1
EDN2	0	0
HIVEP3	300	2
GUCA2B	0	0
GUCA2A	0	0
FOXJ3	1726	3
RIMKLA	0	0
ZMYND12	0	0
PPCS	916	3
CCDC30	0	0
PPIH	992	3
YBX1	37293	4
CLDN19	0	0
P3H1	5773	4
C1orf50	179	2
LOC100129924	0	0
SVBP	209	2
ERMAP	635	3
ZNF691	80	2
LOC339539	0	0
SLC2A1	4646	4
SLC2A1-AS1	14	1
FAM183A	0	0
EBNA1BP2	5937	4
MIR6733	1	1
CFAP57	13	1
TMEM125	0	0
C1orf210	0	0
TIE1	14	1
MPL	6	1
CDC20	6426	4
ELOVL1	6029	4
MIR6734	0	0
MED8	2059	4
SZT2	1687	3
MIR6735	0	0
HYI	0	0
PTPRF	7161	4
KDM4A	1265	3
KDM4A-AS1	35	2
ST3GAL3	680	3
LOC101929592	4	1
MIR6079	0	0
ARTN	25	1
IPO13	1241	3
DPH2	905	3
ATP6V0B	3653	4
B4GALT2	3969	4
CCDC24	125	2
SLC6A9	630	3
KLF17	6	1
DMAP1	675	3
ERI3	1450	3
ERI3-IT1	8	1
RNF220	1905	3
MIR5584	0	0
TMEM53	75	2
C1orf228	0	0
RNU5F-1	0	0
RNU5D-1	0	0
KIF2C	4883	4
RPS8	29942	4
SNORD55	54	2
SNORD46	1	1
SNORD38A	3	1
SNORD38B	26	1
BEST4	6	1
PLK3	686	3
TCTEX1D4	23	1
BTBD19	144	2
PTCH2	8	1
EIF2B3	1455	3
HECTD3	2205	4
UROD	3332	4
ZSWIM5	360	2
LINC01144	8	1
HPDL	8	1
MUTYH	413	2
TOE1	763	3
TESK2	39	2
CCDC163P	47	2
MMACHC	335	2
PRDX1	18342	4
AKR1A1	2071	4
NASP	5226	4
CCDC17	4	1
GPBP1L1	2110	4
RPS15AP10	8	1
TMEM69	768	3
IPP	642	3
MAST2	2646	4
PIK3R3	785	3
LOC101929626	0	0
TSPAN1	21	1
POMGNT1	3221	4
LURAP1	54	2
RAD54L	904	3
LRRC41	3718	4
UQCRH	2905	4
NSUN4	714	3
FAAH	57	2
FAAHP1	0	0
LINC01398	0	0
DMBX1	0	0
MKNK1-AS1	1	1
KNCN	0	0
MKNK1	546	2
MOB3C	525	2
ATPAF1	729	3
TEX38	0	0
EFCAB14-AS1	0	0
EFCAB14	3307	4
CYP4B1	0	0
CYP4Z2P	0	0
CYP4A11	2	1
CYP4X1	0	0
CYP4Z1	0	0
CYP4A22	0	0
LINC00853	2	1
PDZK1IP1	0	0
TAL1	0	0
STIL	2217	4
CMPK1	6503	4
LINC01389	4	1
FOXE3	0	0
FOXD2-AS1	67	2
FOXD2	63	2
TRABD2B	0	0
SKINTL	0	0
SLC5A9	0	0
SPATA6	34	2
AGBL4	0	0
BEND5	0	0
LOC101929721	0	0
AGBL4-IT1	0	0
ELAVL4	0	0
DMRTA2	0	0
FAF1	2214	4
CDKN2C	2926	4
MIR4421	0	0
MIR6500	0	0
C1orf185	0	0
RNF11	3588	4
TTC39A	4	1
TTC39A-AS1	0	0
EPS15	1822	3
OSBPL9	2243	4
NRD1	9076	4
MIR761	0	0
RAB3B	12742	4
TXNDC12	2976	4
KTI12	0	0
TXNDC12-AS1	1	1
BTF3L4	2644	4
ZFYVE9	697	3
CC2D1B	2615	4
ORC1	1345	3
PRPF38A	1123	3
ZCCHC11	1016	3
GPX7	38	2
FAM159A	0	0
COA7	943	3
ZYG11B	1568	3
ZYG11A	12	1
ECHDC2	18	1
SCP2	3473	4
MIR1273F	0	0
MIR5095	0	0
MIR1273G	2	1
PODN	420	2
SLC1A7	2	1
CPT2	398	2
C1orf123	1268	3
MAGOH	1248	3
LOC100507564	7	1
LRP8	2089	4
LOC105378732	0	0
SLC25A3P1	0	0
DMRTB1	0	0
GLIS1	234	2
NDC1	4598	4
YIPF1	764	3
DIO1	12	1
HSPB11	1356	3
LRRC42	2239	4
LDLRAD1	0	0
TMEM59	8310	4
TCEANC2	300	2
MIR4781	0	0
CDCP2	0	0
CYB5RL	337	2
MRPL37	3040	4
SSBP3	1027	3
SSBP3-AS1	22	1
ACOT11	132	2
FAM151A	1	1
MROH7	0	0
MROH7-TTC4	0	0
TTC4	20	1
PARS2	222	2
TTC22	0	0
C1orf177	0	0
DHCR24	13716	4
TMEM61	0	0
BSND	0	0
PCSK9	0	0
USP24	2864	4
LOC100507634	9	1
MIR4422	0	0
PPAP2B	938	3
PRKAA2	58	2
C1orf168	2	1
C8A	0	0
C8B	0	0
DAB1	0	0
DAB1-AS1	0	0
OMA1	282	2
TACSTD2	0	0
MYSM1	1234	3
JUN	7110	4
LINC01135	0	0
LINC01358	45	2
HSD52	6	1
FGGY	116	2
MIR4711	0	0
LOC101926944	0	0
HOOK1	0	0
CYP2J2	136	2
C1orf87	0	0
LOC101926964	0	0
NFIA-AS2	0	0
NFIA	155	2
NFIA-AS1	0	0
MGC34796	0	0
TM2D1	915	3
INADL	125	2
MIR3116-1	0	0
MIR3116-2	0	0
L1TD1	0	0
KANK4	0	0
USP1	6338	4
DOCK7	4715	4
ANGPTL3	2	1
ATG4C	416	2
LINC00466	0	0
FOXD3-AS1	2	1
FOXD3	0	0
MIR6068	0	0
ALG6	431	2
ITGB3BP	736	3
EFCAB7	184	2
DLEU2L	2	1
PGM1	1332	3
ROR1	52	2
ROR1-AS1	0	0
UBE2U	0	0
CACHD1	359	2
MIR4794	0	0
RAVER2	208	2
JAK1	6474	4
LINC01359	2	1
MIR3671	0	0
MIR101-1	0	0
AK4	0	0
DNAJC6	1831	3
LEPROT	5855	4
LEPR	441	2
PDE4B	3326	4
LOC101927139	0	0
SGIP1	821	3
MIR3117	2	1
TCTEX1D1	0	0
INSL5	0	0
WDR78	86	2
MIER1	2090	4
SLC35D1	3330	4
C1orf141	0	0
IL23R	0	0
IL12RB2	2	1
SERBP1	19890	4
GADD45A	3780	4
GNG12	12371	4
GNG12-AS1	25	1
DIRAS3	12	1
WLS	7493	4
MIR1262	0	0
RPE65	0	0
DEPDC1	2998	4
DEPDC1-AS1	6	1
LRRC7	2	1
PIN1P1	0	0
LRRC40	1560	3
SRSF11	5692	4
ANKRD13C	1505	3
HHLA3	74	2
CTH	39	2
LOC101927244	93	2
PTGER3	12	1
ZRANB2-AS1	37	2
ZRANB2	3202	4
MIR186	24	1
ZRANB2-AS2	10	1
NEGR1	930	3
NEGR1-IT1	0	0
LINC01360	0	0
LRRIQ3	32	1
FPGT-TNNI3K	0	0
FPGT	573	2
TNNI3K	0	0
ERICH3	0	0
ERICH3-AS1	0	0
CRYZ	1878	3
TYW3	1294	3
LHX8	0	0
SLC44A5	0	0
ACADM	1463	3
DLSTP1	29	1
RABGGTB	2762	4
SNORD45C	11	1
SNORD45A	25	1
SNORD45B	27	1
MSH4	0	0
ASB17	0	0
LOC101927342	0	0
ST6GALNAC3	259	2
ST6GALNAC5	60	2
MIR7156	0	0
PIGK	2774	4
AK5	1143	3
ZZZ3	2969	4
USP33	3166	4
FAM73A	1530	3
NEXN-AS1	103	2
NEXN	3533	4
FUBP1	6558	4
DNAJB4	1959	3
GIPC2	2	1
MGC27382	0	0
PTGFR	2224	4
IFI44L	9776	4
IFI44	14252	4
ADGRL4	2	1
LOC101927412	0	0
LOC101927434	0	0
ADGRL2	55	2
LINC01361	0	0
LOC101927587	0	0
LOC101927560	0	0
TTLL7	376	2
PRKACB	1913	3
SAMD13	31	1
UOX	1	1
DNASE2B	0	0
RPF1	2080	4
GNG5	4298	4
SPATA1	13	1
CTBS	1394	3
LINC01461	4	1
LINC01555	2	1
SSX2IP	2768	4
LPAR3	0	0
MCOLN2	162	2
MCOLN3	20	1
WDR63	42	2
MIR4423	0	0
SYDE2	204	2
C1orf52	859	3
BCL10	961	3
LOC646626	17	1
DDAH1	8102	4
CYR61	36466	4
ZNHIT6	1719	3
COL24A1	92	2
ODF2L	911	3
MIR7856	1	1
CLCA2	199	2
CLCA1	0	0
CLCA4	0	0
CLCA3P	4	1
SH3GLB1	5685	4
SEP15	6865	4
HS2ST1	1678	3
LINC01140	0	0
LOC101927844	0	0
LMO4	1108	3
LINC01364	0	0
PKN2-AS1	2	1
PKN2	2847	4
GTF2B	1200	3
CCBL2	1326	3
RBMXL1	615	3
GBP3	4692	4
GBP1	14080	4
GBP2	516	2
GBP7	0	0
GBP4	435	2
GBP5	251	2
LOC729930	0	0
GBP6	0	0
GBP1P1	74	2
LRRC8B	0	0
FLJ27354	4	1
LRRC8C	3336	4
LRRC8D	2162	4
GEMIN8P4	16	1
ZNF326	1295	3
BARHL2	0	0
ZNF644	2161	4
HFM1	0	0
CDC7	863	3
TGFBR3	1389	3
BRDT	0	0
EPHX4	12	1
SETSIP	6	1
BTBD8	29	1
KIAA1107	76	2
C1orf146	0	0
GLMN	397	2
RPAP2	464	2
GFI1	2	1
EVI5	707	3
RPL5	21764	4
FAM69A	875	3
SNORD21	1	1
SNORA66	1	1
MTF2	862	3
TMED5	4591	4
CCDC18	1087	3
LOC100131564	88	2
DR1	4420	4
FNBP1L	214	2
BCAR3	3294	4
LOC100129046	7	1
MIR760	0	0
DNTTIP2	3475	4
GCLM	2979	4
ABCA4	6	1
ARHGAP29	5969	4
ABCD3	1744	3
F3	19743	4
LINC01057	0	0
MIR378G	0	0
SLC44A3	32	1
CNN3	7978	4
LOC729970	38	2
ALG14	329	2
TMEM56	0	0
TMEM56-RWDD3	7	1
LOC101928118	0	0
RWDD3	170	2
FLJ31662	0	0
LOC100996635	0	0
LOC102723661	0	0
LOC101928241	3	1
PTBP2	431	2
DPYD	2003	3
DPYD-AS1	6	1
DPYD-AS2	0	0
MIR137HG	0	0
MIR2682	2	1
MIR137	0	0
LOC729987	4	1
SNX7	2478	4
LPPR5	0	0
LOC100129620	0	0
LPPR4	276	2
LOC101928270	0	0
MIR548N	0	0
PALMD	2	1
FRRS1	204	2
AGL	586	2
SLC35A3	1296	3
HIAT1	2666	4
SASS6	599	2
TRMT13	609	3
LRRC39	13	1
DBT	1076	3
RTCA-AS1	10	1
RTCA	2721	4
MIR553	0	0
CDC14A	258	2
GPR88	0	0
LINC01349	0	0
VCAM1	2	1
EXTL2	1299	3
SLC30A7	1781	3
DPH5	995	3
LOC102606465	145	2
LOC101928370	28	1
S1PR1	839	3
LINC01307	0	0
OLFM3	0	0
DNAJA1P5	0	0
COL11A1	18	1
LOC101928436	0	0
RNPC3	209	2
AMY2B	11	1
ACTG1P4	0	0
AMY2A	0	0
AMY1A	0	0
AMY1C	0	0
AMY1B	0	0
LOC100129138	2	1
LOC101928476	0	0
PRMT6	568	2
NTNG1	2	1
VAV3	0	0
MIR7852	0	0
VAV3-AS1	0	0
SLC25A24	5687	4
NBPF4	0	0
NBPF6	0	0
FAM102B	614	3
HENMT1	22	1
PRPF38B	3219	4
FNDC7	0	0
STXBP3	2014	3
AKNAD1	8	1
SPATA42	1	1
GPSM2	1226	3
CLCC1	1805	3
WDR47	1197	3
TAF13	1656	3
TMEM167B	2199	4
SCARNA2	2	1
C1orf194	2	1
KIAA1324	18	1
SARS	5911	4
CELSR2	22	1
PSRC1	1246	3
MYBPHL	0	0
SORT1	701	3
PSMA5	5022	4
SYPL2	22	1
ATXN7L2	108	2
CYB561D1	540	2
AMIGO1	32	1
GPR61	0	0
GNAI3	7890	4
MIR197	0	0
GNAT2	6	1
AMPD2	2423	4
GSTM4	368	2
GSTM2	181	2
GSTM1	4	1
GSTM5	0	0
GSTM3	734	3
EPS8L3	0	0
CSF1	6394	4
AHCYL1	3593	4
STRIP1	1367	3
ALX3	78	2
LINC01397	0	0
UBL4B	0	0
SLC6A17	0	0
KCNC4-AS1	2	1
KCNC4	269	2
LOC440600	12	1
RBM15	688	3
SLC16A4	480	2
LAMTOR5	2157	4
LAMTOR5-AS1	6	1
PROK1	0	0
CYMP	0	0
LOC440602	0	0
KCNA10	0	0
KCNA2	0	0
KCNA3	0	0
CD53	0	0
LRIF1	900	3
DRAM2	800	3
CEPT1	1099	3
DENND2D	2	1
CHI3L2	0	0
CHIAP2	0	0
CHIA	0	0
PIFO	0	0
PGCP1	0	0
OVGP1	16	1
WDR77	1683	3
ATP5F1	5692	4
C1orf162	5	1
TMIGD3	10	1
ADORA3	0	0
LINC01160	2	1
RAP1A	2291	4
FAM212B	490	2
FAM212B-AS1	5	1
LOC101928718	0	0
DDX20	1535	3
KCND3	0	0
KCND3-IT1	0	0
KCND3-AS1	0	0
LOC643355	0	0
CTTNBP2NL	2104	4
MIR4256	2	1
WNT2B	17	1
ST7L	824	3
CAPZA1	12693	4
MOV10	5452	4
RHOC	11431	4
PPM1J	10	1
FAM19A3	7	1
LINC01356	8	1
SLC16A1	2810	4
AKR7A2P1	2	1
SLC16A1-AS1	49	2
LOC100996251	10	1
LRIG2	511	2
LOC643441	0	0
MAGI3	768	3
PHTF1	1196	3
RSBN1	860	3
AP4B1-AS1	7	1
PTPN22	18	1
BCL2L15	6	1
AP4B1	441	2
DCLRE1B	1070	3
HIPK1-AS1	0	0
HIPK1	1969	3
OLFML3	6103	4
SYT6	0	0
TRIM33	1442	3
BCAS2	1563	3
DENND2C	20	1
AMPD1	0	0
NRAS	4861	4
CSDE1	19060	4
SIKE1	1362	3
SYCP1	0	0
TSHB	0	0
TSPAN2	0	0
NGF	1059	3
VANGL1	1630	3
CASQ2	0	0
NHLH2	3	1
LOC101928995	0	0
LOC101928977	0	0
SLC22A15	69	2
MAB21L3	0	0
ATP1A1	11059	4
ATP1A1-AS1	6	1
LOC101929023	0	0
CD58	297	2
MIR548AC	0	0
IGSF3	0	0
MIR320B1	0	0
C1orf137	0	0
CD2	2	1
PTGFRN	0	0
CD101	0	0
LOC101929099	0	0
TTF2	1598	3
MIR942	0	0
TRIM45	112	2
VTCN1	0	0
LINC01525	0	0
MAN1A2	1899	3
LOC100996263	0	0
FAM46C	0	0
GDAP2	561	2
WDR3	1962	3
SPAG17	0	0
TBX15	112	2
WARS2	291	2
WARS2-IT1	0	0
LOC101929147	155	2
HAO2	0	0
HAO2-IT1	0	0
HSD3B2	0	0
HSD3B1	0	0
HSD3BP4	0	0
LINC00622	0	0
ZNF697	682	3
PHGDH	1725	3
HMGCS2	0	0
REG4	0	0
NBPF7	0	0
ADAM30	0	0
NOTCH2	11068	4
SEC22B	7270	4
PFN1P2	33	1
NBPF8	836	3
RNVU1-19	0	0
PPIAL4A	0	0
LINC00623	0	0
RNVU1-20	0	0
RNVU1-4	0	0
FCGR1B	0	0
HIST2H2BA	0	0
FAM72B	297	2
SRGAP2C	219	2
SRGAP2-AS1	2	1
EMBP1	0	0
LOC645166	108	2
RNVU1-17	0	0
LOC388692	0	0
FAM231D	0	0
FCGR1C	0	0
FAM72C	72	2
SRGAP2D	228	2
LOC101060524	0	0
DRD5P2	0	0
PPIAL4F	0	0
PPIAL4D	0	0
PPIAL4E	0	0
RNVU1-15	6	1
NBPF15	1096	3
SRGAP2B	319	2
FAM72D	122	2
LOC103091866	80	2
RNVU1-14	3	1
NBPF20	85	2
NBPF25P	18	1
GPR89A	250	2
PDZK1	14	1
CD160	9	1
RNF115	1505	3
POLR3C	1566	3
NUDT17	64	2
PIAS3	1240	3
MIR6736	0	0
ANKRD35	2	1
ITGA10	213	2
PEX11B	813	3
GNRHR2	23	1
RBM8A	4846	4
LIX1L	1926	3
ANKRD34A	110	2
POLR3GL	831	3
TXNIP	3916	4
HFE2	0	0
RNVU1-6	0	0
LOC101928979	17	1
NBPF10	151	2
NOTCH2NL	166	2
NUDT4P2	0	0
NUDT4P1	0	0
CH17-408M7.1	0	0
HYDIN2	10	1
NBPF12	329	2
LOC728989	0	0
RNVU1-8	0	0
NBPF13P	0	0
PRKAB2	1245	3
PDIA3P1	140	2
FMO5	8	1
CHD1L	2393	4
LINC00624	0	0
BCL9	184	2
ACP6	49	2
GJA5	4	1
GJA8	0	0
GPR89B	112	2
PDZK1P1	6	1
RNVU1-7	0	0
NBPF11	328	2
LOC101927468	0	0
MIR5087	0	0
RNVU1-1	0	0
MIR6077	0	0
RNU1-13P	0	0
LOC100132057	2	1
RNVU1-3	0	0
LINC01138	10	1
PPIAL4G	0	0
NBPF14	366	2
PDE4DIP	2074	4
LOC653513	46	2
NBPF9	820	3
PPIAL4C	0	0
LINC00869	2	1
HIST2H2BF	51	2
FCGR1A	0	0
HIST2H3D	10	1
HIST2H4B	0	0
HIST2H4A	0	0
HIST2H3A	0	0
HIST2H3C	0	0
HIST2H2AA3	0	0
HIST2H2AA4	0	0
HIST2H2BC	15	1
HIST2H2BE	311	2
HIST2H2AC	52	2
HIST2H2AB	1	1
BOLA1	185	2
SV2A	2239	4
SF3B4	3250	4
MTMR11	927	3
OTUD7B	1670	3
VPS45	1252	3
PLEKHO1	2995	4
ANP32E	5016	4
CA14	10	1
APH1A	5942	4
C1orf54	46	2
CIART	36	2
MRPS21	599	2
PRPF3	1709	3
RPRD2	1319	3
TARS2	1003	3
MIR6878	0	0
ECM1	7508	4
FALEC	1	1
ADAMTSL4	788	3
MIR4257	5	1
ADAMTSL4-AS1	8	1
MCL1	15604	4
ENSA	4237	4
GOLPH3L	969	3
HORMAD1	0	0
CTSS	3021	4
CTSK	17967	4
ARNT	1219	3
SETDB1	1069	3
CERS2	6813	4
ANXA9	39	2
FAM63A	278	2
PRUNE	188	2
BNIPL	2	1
C1orf56	60	2
CDC42SE1	2742	4
MLLT11	1526	3
GABPB2	280	2
SEMA6C	25	1
TNFAIP8L2-SCNM1	0	0
TNFAIP8L2	2	1
LYSMD1	199	2
SCNM1	7	1
TMOD4	13	1
VPS72	1612	3
PIP5K1A	4488	4
PSMD4	4515	4
ZNF687	829	3
PI4KB	2810	4
RFX5	1436	3
GBAT2	6	1
SELENBP1	140	2
PSMB4	7414	4
POGZ	1539	3
CGN	2	1
TUFT1	853	3
MIR554	0	0
SNX27	1089	3
CELF3	2	1
RIIAD1	0	0
MRPL9	1268	3
OAZ3	16	1
TDRKH	8	1
LINGO4	0	0
RORC	0	0
C2CD4D	0	0
LOC100132111	0	0
THEM5	0	0
THEM4	200	2
S100A10	6332	4
NBPF18P	0	0
S100A11	17876	4
LOC100131107	0	0
TCHHL1	0	0
TCHH	0	0
RPTN	0	0
HRNR	0	0
FLG	0	0
FLG-AS1	0	0
FLG2	0	0
CRNN	0	0
LCE5A	2	1
CRCT1	0	0
LCE3E	0	0
LCE3D	0	0
LCE3C	0	0
LCE3B	0	0
LCE3A	0	0
LCE2D	0	0
LCE2C	0	0
LCE2B	0	0
LCE2A	38	2
LCE4A	2	1
C1orf68	0	0
KPRP	0	0
LCE1F	0	0
LCE1E	0	0
LCE1D	0	0
LCE1C	0	0
LCE1B	0	0
LCE1A	0	0
LCE6A	0	0
SMCP	0	0
IVL	0	0
SPRR4	0	0
SPRR1A	0	0
SPRR3	0	0
SPRR1B	0	0
SPRR2D	0	0
SPRR2A	0	0
SPRR2B	0	0
SPRR2E	0	0
SPRR2F	0	0
SPRR2C	0	0
SPRR2G	0	0
LOC101928009	0	0
LELP1	0	0
PRR9	0	0
LOR	0	0
PGLYRP3	0	0
PGLYRP4	0	0
S100A9	0	0
S100A12	0	0
S100A8	0	0
S100A7A	0	0
S100A7L2	0	0
S100A7	0	0
S100A6	34237	4
S100A5	1	1
S100A4	11313	4
LOC101928034	72	2
S100A3	193	2
S100A2	138	2
S100A16	4857	4
S100A14	2	1
S100A13	3298	4
S100A1	21	1
CHTOP	2832	4
SNAPIN	881	3
ILF2	8909	4
NPR1	0	0
MIR8083	0	0
INTS3	2048	3
SLC27A3	44	2
LOC343052	0	0
GATAD2B	702	3
DENND4B	1711	3
CRTC2	818	3
SLC39A1	6611	4
MIR6737	0	0
CREB3L4	150	2
JTB	3668	4
RAB13	6522	4
RPS27	16866	4
NUP210L	3	1
MIR5698	0	0
TPM3	31516	4
MIR190B	0	0
C1orf189	4	1
C1orf43	6762	4
UBAP2L	6682	4
HAX1	3135	4
AQP10	0	0
ATP8B2	4959	4
IL6R	158	2
SHE	0	0
TDRD10	0	0
UBE2Q1	2883	4
UBE2Q1-AS1	6	1
CHRNB2	15	1
ADAR	24977	4
KCNN3	0	0
PMVK	801	3
PBXIP1	1318	3
PYGO2	987	3
SHC1	16139	4
CKS1B	3481	4
MIR4258	1	1
FLAD1	983	3
LENEP	0	0
ZBTB7B	1471	3
DCST2	0	0
DCST1	3	1
LOC100505666	22	1
ADAM15	3644	4
EFNA4	126	2
EFNA3	20	1
EFNA1	0	0
SLC50A1	822	3
DPM3	310	2
KRTCAP2	2043	3
TRIM46	128	2
MUC1	189	2
MIR92B	4	1
THBS3	769	3
MTX1	643	3
GBAP1	204	2
GBA	3138	4
FAM189B	1533	3
SCAMP3	3141	4
CLK2	919	3
HCN3	156	2
PKLR	0	0
FDPS	3939	4
RUSC1-AS1	11	1
RUSC1	2068	4
ASH1L	2435	4
MIR555	0	0
POU5F1P4	0	0
ASH1L-AS1	51	2
MSTO1	10	1
MSTO2P	119	2
YY1AP1	1608	3
DAP3	3311	4
GON4L	1297	3
SYT11	798	3
RIT1	1228	3
KIAA0907	976	3
SNORA80E	0	0
SCARNA4	0	0
RXFP4	0	0
ARHGEF2	3968	4
MIR6738	0	0
SSR2	9227	4
UBQLN4	1176	3
LAMTOR2	844	3
RAB25	0	0
MEX3A	52	2
LMNA	51644	4
SEMA4A	0	0
SLC25A44	977	3
PMF1	326	2
PMF1-BGLAP	0	0
BGLAP	0	0
PAQR6	15	1
SMG5	3706	4
TMEM79	248	2
GLMP	2121	4
VHLL	0	0
CCT3	12968	4
TSACC	5	1
RHBG	0	0
C1orf61	0	0
MIR9-1	0	0
MEF2D	1974	3
IQGAP3	3441	4
TTC24	0	0
APOA1BP	1089	3
GPATCH4	2438	4
HAPLN2	0	0
BCAN	18	1
NES	10445	4
CRABP2	1540	3
ISG20L2	1463	3
RRNAD1	427	2
MRPL24	1980	3
HDGF	18015	4
PRCC	1620	3
SH2D2A	2	1
NTRK1	0	0
INSRR	4	1
PEAR1	2255	4
LRRC71	47	2
ARHGEF11	2017	3
MIR765	0	0
ETV3L	0	0
ETV3	398	2
CYCSP52	2	1
FCRL5	0	0
FCRL4	0	0
FCRL3	0	0
FCRL2	0	0
FCRL1	0	0
CD5L	4	1
KIRREL	11166	4
LOC646268	0	0
CD1D	0	0
CD1A	0	0
CD1C	0	0
CD1B	0	0
CD1E	0	0
OR10T2	0	0
OR10K2	0	0
OR10K1	0	0
OR10R2	0	0
OR6Y1	0	0
OR6P1	0	0
OR10X1	0	0
OR10Z1	0	0
SPTA1	0	0
OR6K2	0	0
OR6K3	0	0
OR6K6	0	0
OR6N1	0	0
OR6N2	0	0
MNDA	0	0
PYHIN1	0	0
IFI16	15274	4
AIM2	601	2
CADM3	0	0
CADM3-AS1	0	0
ACKR1	0	0
FCER1A	0	0
OR10J3	0	0
OR10J1	0	0
OR10J5	0	0
APCS	0	0
CRP	0	0
DUSP23	168	2
FCRL6	0	0
SLAMF8	8	1
C1orf204	12	1
VSIG8	18	1
CFAP45	95	2
MIR4259	0	0
TAGLN2	30481	4
IGSF9	0	0
SLAMF9	0	0
LINC01133	0	0
PIGM	628	3
KCNJ10	0	0
KCNJ9	0	0
IGSF8	958	3
ATP1A2	0	0
ATP1A4	0	0
CASQ1	3	1
LOC729867	46	2
PEA15	15303	4
DCAF8	2443	4
PEX19	2231	4
COPA	12562	4
SUMO1P3	12	1
NCSTN	4905	4
NHLH1	2	1
VANGL2	0	0
SLAMF6	0	0
CD84	0	0
SLAMF1	0	0
CD48	0	0
SLAMF7	0	0
LY9	0	0
CD244	0	0
ITLN1	0	0
LOC101928372	0	0
ITLN2	0	0
F11R	6	1
TSTD1	6	1
USF1	1244	3
ARHGAP30	2	1
PVRL4	0	0
KLHDC9	4	1
PFDN2	2186	4
NIT1	394	2
DEDD	792	3
UFC1	1481	3
USP21	537	2
PPOX	251	2
B4GALT3	777	3
ADAMTS4	703	3
NDUFS2	3363	4
FCER1G	6	1
APOA2	0	0
TOMM40L	661	3
MIR5187	0	0
NR1I3	8	1
PCP4L1	0	0
MPZ	24	1
SDHC	2659	4
CFAP126	102	2
FCGR2A	30	1
HSPA6	15	1
FCGR3A	0	0
FCGR2C	16	1
HSPA7	9	1
FCGR3B	0	0
FCGR2B	0	0
RPL31P11	0	0
FCRLA	270	2
FCRLB	127	2
DUSP12	864	3
ATF6	4050	4
OLFML2B	824	3
NOS1AP	22	1
MIR4654	0	0
MIR556	0	0
C1orf111	0	0
C1orf226	26	1
SH2D1B	4	1
UHMK1	6778	4
UAP1	6744	4
DDR2	4278	4
HSD17B7	261	2
C1orf110	0	0
RGS4	2554	4
RGS5	198	2
LOC101928404	0	0
NUF2	2701	4
LOC100422212	0	0
PBX1	1823	3
LOC100505795	2	1
LMX1A	0	0
RXRG	0	0
LOC400794	0	0
LRRC52	0	0
MGST3	2665	4
ALDH9A1	3194	4
LOC440700	0	0
TMCO1	3918	4
LOC100147773	4	1
UCK2	3053	4
MIR3658	0	0
FAM78B	0	0
MIR921	0	0
FMO9P	0	0
POGK	1846	3
TADA1	318	2
ILDR2	0	0
MAEL	0	0
GPA33	0	0
DUSP27	0	0
LINC01363	0	0
POU2F1	408	2
CD247	0	0
CREG1	0	0
RCSD1	0	0
MPZL1	5553	4
ADCY10	2	1
MPC2	1495	3
DCAF6	2844	4
MIR1255B2	0	0
GPR161	1732	3
TIPRL	2358	4
SFT2D2	366	2
ANKRD36BP1	327	2
TBX19	25	1
MIR557	0	0
LOC100505918	0	0
LOC101928565	1	1
XCL2	0	0
XCL1	0	0
DPT	12	1
LINC00626	0	0
LINC00970	0	0
ATP1B1	1485	3
NME7	519	2
BLZF1	3040	4
CCDC181	3	1
SLC19A2	121	2
F5	0	0
SELP	0	0
SELL	6	1
SELE	0	0
METTL18	234	2
C1orf112	815	3
SCYL3	407	2
KIFAP3	1306	3
METTL11B	0	0
MIR3119-2	0	0
MIR3119-1	0	0
LINC01142	0	0
LOC101928650	4	1
GORAB	638	3
PRRX1	7726	4
MROH9	2	1
FMO3	0	0
MIR1295A	0	0
MIR1295B	0	0
FMO6P	0	0
FMO2	0	0
FMO1	0	0
FMO4	60	2
TOP1P1	0	0
PRRC2C	9421	4
MYOC	0	0
VAMP4	961	3
METTL13	1993	3
DNM3	18	1
DNM3-IT1	0	0
DNM3OS	608	3
MIR214	0	0
MIR3120	0	0
MIR199A2	0	0
C1orf105	0	0
PIGC	637	3
SUCO	2860	4
FASLG	0	0
TNFSF18	2	1
TNFSF4	14	1
LOC100506023	27	1
LOC101928673	2	1
PRDX6	8088	4
SLC9C2	0	0
ANKRD45	59	2
LOC730159	0	0
KLHL20	1337	3
CENPL	1071	3
DARS2	1724	3
GAS5-AS1	34	2
GAS5	3792	4
SNORD81	22	1
SNORD47	45	2
SNORD80	170	2
SNORD79	8	1
SNORD78	31	1
SNORD44	45	2
SNORD77	22	1
SNORD76	21	1
SNORD75	3	1
SNORD74	24	1
ZBTB37	130	2
SERPINC1	4	1
RC3H1	870	3
LOC102724601	0	0
RABGAP1L	846	3
GPR52	0	0
LOC101928696	0	0
CACYBP	5751	4
MRPS14	803	3
TNN	0	0
KIAA0040	4	1
TNR	0	0
LOC101928751	0	0
RFWD2	1244	3
SCARNA3	0	0
PAPPA2	16	1
ASTN1	0	0
MIR488	0	0
BRINP2	0	0
LOC102724661	0	0
LOC101928778	0	0
SEC16B	23	1
LOC730102	0	0
RASAL2-AS1	21	1
RASAL2	1585	3
TEX35	0	0
C1orf220	37	2
MIR4424	0	0
RALGPS2	4510	4
ANGPTL1	8	1
FAM20B	3844	4
TOR3A	1741	3
ABL2	3955	4
SOAT1	2824	4
AXDND1	0	0
NPHS2	0	0
TDRD5	0	0
FAM163A	0	0
TOR1AIP2	2272	4
TOR1AIP1	4229	4
CEP350	2702	4
QSOX1	28834	4
FLJ23867	997	3
LHX4	21	1
LHX4-AS1	31	1
ACBD6	1273	3
MIR3121	0	0
OVAAL	0	0
XPR1	1310	3
KIAA1614	233	2
STX6	1029	3
MR1	1766	3
IER5	4640	4
LOC101928973	0	0
GM140	0	0
CACNA1E	0	0
ZNF648	0	0
LINC01344	0	0
GLUL	4561	4
TEDDM1	0	0
LINC00272	0	0
RGSL1	0	0
RNASEL	463	2
RGS16	0	0
LOC284648	0	0
RGS8	0	0
NPL	2	1
DHX9	11813	4
SHCBP1L	0	0
LAMC1	56860	4
LAMC2	831	3
NMNAT2	1649	3
SMG7-AS1	24	1
SMG7	3415	4
NCF2	145	2
ARPC5	17007	4
RGL1	1454	3
APOBEC4	2	1
COLGALT2	118	2
TSEN15	1765	3
C1orf21	814	3
EDEM3	2595	4
FAM129A	3379	4
RNF2	910	3
TRMT1L	862	3
SWT1	94	2
IVNS1ABP	2500	4
GS1-279B7.1	0	0
LINC01350	0	0
HMCN1	216	2
PRG4	2	1
TPR	7390	4
C1orf27	1433	3
OCLM	8	1
LOC102724919	0	0
PDC	4	1
PTGS2	7868	4
PACERR	12	1
PLA2G4A	1160	3
LINC01036	0	0
BRINP3	0	0
LINC01351	0	0
LOC440704	0	0
RGS18	2	1
RGS21	0	0
RGS1	0	0
RGS13	0	0
MIR4426	74	2
RGS2	222	2
LINC01032	0	0
UCHL5	1963	3
TROVE2	1008	3
GLRX2	608	3
CDC73	3833	4
MIR1278	0	0
B3GALT2	22	1
LINC01031	2	1
KCNT2	116	2
MIR4735	0	0
CFH	3955	4
CFHR3	2	1
CFHR1	9	1
CFHR4	0	0
CFHR2	0	0
CFHR5	0	0
F13B	0	0
ASPM	7934	4
ZBTB41	1247	3
CRB1	9	1
DENND1B	680	3
C1orf53	210	2
LHX9	325	2
NEK7	16715	4
ATP6V1G3	0	0
PTPRC	23	1
MIR181A1HG	6	1
MIR181B1	0	0
MIR181A1	0	0
LINC01222	0	0
LINC01221	0	0
NR5A2	4	1
LINC00862	6	1
ZNF281	2288	4
KIF14	2518	4
DDX59	656	3
LOC101929224	7	1
CAMSAP2	3456	4
GPR25	0	0
C1orf106	0	0
KIF21B	0	0
CACNA1S	0	0
ASCL5	0	0
TMEM9	878	3
IGFN1	12	1
PKP1	0	0
TNNT2	0	0
LAD1	0	0
TNNI1	0	0
PHLDA3	2188	4
CSRP1	16755	4
RPS10P7	2	1
NAV1	6541	4
IPO9-AS1	6	1
MIR5191	1	1
MIR1231	0	0
IPO9	5419	4
MIR6739	0	0
SHISA4	548	2
LMOD1	1264	3
TIMM17A	4124	4
RNPEP	2586	4
MIR6740	0	0
ELF3	80	2
GPR37L1	0	0
ARL8A	1339	3
PTPN7	0	0
PTPRVP	0	0
LGR6	0	0
UBE2T	2307	4
PPP1R12B	229	2
SYT2	3	1
KDM5B	1505	3
PCAT6	8	1
MGAT4EP	0	0
LOC148709	0	0
RABIF	525	2
KLHL12	1068	3
ADIPOR1	3207	4
CYB5R1	1430	3
LOC100506747	0	0
TMEM183A	1203	3
PPFIA4	0	0
MYOG	0	0
ADORA1	14	1
MYBPH	4	1
CHI3L1	56	2
CHIT1	0	0
LINC01353	0	0
LINC01136	0	0
BTG2	58	2
FMOD	62	2
PRELP	14	1
OPTC	7	1
ATP2B4	19344	4
SNORA77	2	1
LINC00260	39	2
LAX1	2	1
ZC3H11A	3834	4
ZBED6	442	2
SNRPE	2743	4
LINC00303	0	0
SOX13	608	3
ETNK2	133	2
LOC101929441	0	0
REN	2	1
KISS1	24	1
GOLT1A	0	0
PLEKHA6	610	3
LINC00628	0	0
PPP1R15B	2527	4
PIK3C2B	18	1
MDM4	584	2
LRRN2	0	0
NFASC	12	1
CNTN2	3	1
TMEM81	24	1
RBBP5	1196	3
DSTYK	1642	3
TMCC2	124	2
NUAK2	772	3
KLHDC8A	0	0
LEMD1-AS1	0	0
LEMD1	0	0
BLACAT1	0	0
MIR135B	0	0
CDK18	0	0
LOC284578	0	0
MFSD4	6	1
ELK4	1456	3
SLC45A3	134	2
NUCKS1	21495	4
RAB29	692	3
SLC41A1	1426	3
PM20D1	10	1
LOC284581	0	0
SLC26A9	0	0
LOC103021296	0	0
LOC103021295	2	1
RAB7B	28	1
CTSE	0	0
C1orf186	0	0
AVPR1B	0	0
FAM72A	120	2
SRGAP2	2473	4
IKBKE	1898	3
MIR6769B	0	0
RASSF5	42	2
EIF2D	1283	3
DYRK3	806	3
MAPKAPK2	5762	4
IL10	0	0
IL19	4	1
IL20	2	1
IL24	927	3
FCMR	54	2
PIGR	2	1
FCAMR	0	0
C1orf116	2	1
YOD1	582	2
PFKFB2	0	0
C4BPB	0	0
C4BPA	0	0
CD55	1824	3
CR2	0	0
CR1	0	0
CR1L	0	0
CD46	7252	4
MIR29C	7	1
MIR29B2	0	0
LOC148696	12	1
CD34	74	2
PLXNA2	909	3
MIR205HG	0	0
MIR205	0	0
CAMK1G	518	2
LAMB3	16858	4
MIR4260	0	0
G0S2	25840	4
HSD11B1	2923	4
TRAF3IP3	2	1
C1orf74	168	2
IRF6	2	1
DIEXF	2451	4
SYT14	497	2
SERTAD4-AS1	153	2
SERTAD4	449	2
HHAT	192	2
KCNH1	50	2
RCOR3	754	3
TRAF5	613	3
LINC00467	60	2
RD3	0	0
SLC30A1	1224	3
LOC105748977	0	0
NEK2	1458	3
LPGAT1	2971	4
INTS7	1436	3
DTL	3036	4
RPL21P28	236	2
MIR3122	0	0
LOC101929541	0	0
PPP2R5A	981	3
SNORA16B	0	0
TMEM206	382	2
NENF	1332	3
LOC101929565	0	0
ATF3	124	2
FAM71A	0	0
BATF3	325	2
NSL1	1293	3
TATDN3	374	2
SPATA45	4	1
FLVCR1-AS1	85	2
FLVCR1	364	2
VASH2	0	0
ANGEL2	1226	3
RPS6KC1	2078	4
PROX1-AS1	0	0
LINC00538	0	0
PROX1	2	1
SMYD2	1577	3
PTPN14	6287	4
CENPF	7604	4
KCNK2	5149	4
KCTD3	2477	4
USH2A	6	1
LOC102723833	0	0
ESRRG	6	1
GPATCH2	574	2
SPATA17	16	1
SPATA17-AS1	0	0
LINC00210	0	0
LOC101929631	0	0
RRP15	1320	3
TGFB2-AS1	0	0
TGFB2	715	3
MIR548F3	2	1
TGFB2-OT1	0	0
LYPLAL1-AS1	12	1
LYPLAL1	189	2
SLC30A10	0	0
EPRS	8206	4
BPNT1	1037	3
IARS2	6515	4
MIR215	0	0
MIR194-1	1	1
RAB3GAP2	3022	4
MIR664A	0	0
SNORA36B	0	0
AURKAPS1	2	1
MARK1	213	2
C1orf115	80	2
MARC2	120	2
MARC1	0	0
LINC01352	2	1
HLX-AS1	5	1
HLX	738	3
C1orf140	2	1
DUSP10	1000	3
LOC101929771	0	0
HHIPL2	0	0
TAF1A	485	2
TAF1A-AS1	12	1
MIA3	2841	4
AIDA	5996	4
BROX	1840	3
FAM177B	2	1
DISP1	229	2
TLR5	0	0
SUSD4	64	2
CCDC185	0	0
CAPN8	0	0
CAPN2	26545	4
TP53BP2	2015	3
GTF2IP20	53	2
FBXO28	1646	3
DEGS1	10700	4
LOC101927143	0	0
LOC101927164	0	0
NVL	933	3
MIR320B2	2	1
CNIH4	2100	4
WDR26	4019	4
MIR4742	0	0
CNIH3	786	3
DNAH14	96	2
LBR	2457	4
ENAH	8274	4
SRP9	6406	4
EPHX1	979	3
TMEM63A	1811	3
LEFTY1	0	0
PYCR2	2473	4
MIR6741	0	0
LEFTY2	0	0
SDE2	1538	3
H3F3A	0	0
H3F3AP4	720	3
ACBD3	3780	4
MIXL1	0	0
LIN9	951	3
PARP1	8248	4
C1orf95	0	0
ITPKB	158	2
ITPKB-IT1	0	0
PSEN2	423	2
ADCK3	153	2
CDC42BPA	3695	4
ZNF678	260	2
ZNF847P	0	0
LOC100130093	16	1
JMJD4	176	2
SNAP47	782	3
PRSS38	0	0
WNT9A	10	1
MIR5008	0	0
WNT3A	0	0
ARF1	19662	4
MIR3620	0	0
C1orf35	808	3
MRPL55	764	3
GUK1	4110	4
GJC2	60	2
IBA57-AS1	0	0
IBA57	259	2
C1orf145	5	1
OBSCN	70	2
TRIM11	1037	3
MIR6742	0	0
TRIM17	9	1
HIST3H3	2	1
HIST3H2A	262	2
HIST3H2BB	4	1
MIR4666A	0	0
RNF187	3458	4
BTNL10	0	0
RNA5S16	0	0
RNA5S15	0	0
RNA5S14	0	0
RNA5S13	0	0
RNA5S12	0	0
RNA5S11	0	0
RNA5S2	0	0
RNA5S10	0	0
RNA5S8	0	0
RNA5S1	0	0
RNA5S3	0	0
RNA5S5	0	0
RNA5S4	0	0
RNA5S6	0	0
RNA5S7	0	0
RNA5S17	0	0
MIR7641-2	3	1
RNA5S9	0	0
RHOU	98	2
DUSP5P1	8	1
MIR4454	0	0
RAB4A	737	3
SPHAR	0	0
CCSAP	880	3
ACTA1	0	0
NUP133	2440	4
LOC101927478	0	0
ABCB10	2152	4
TAF5L	1380	3
URB2	1275	3
GALNT2	10582	4
PGBD5	0	0
COG2	807	3
AGT	4	1
CAPN9	0	0
C1orf198	2054	3
LOC101927604	0	0
TTC13	751	3
ARV1	599	2
FAM89A	399	2
MIR1182	0	0
TRIM67	0	0
LOC149373	0	0
C1orf131	581	2
GNPAT	2009	3
EXOC8	927	3
SPRTN	780	3
EGLN1	1760	3
SNRPD2P2	0	0
TSNAX-DISC1	0	0
TSNAX	1282	3
LINC00582	0	0
DISC1	10	1
DISC2	4	1
DISC1-IT1	0	0
SIPA1L2	0	0
LOC101927683	0	0
MAP10	0	0
NTPCR	486	2
PCNXL2	673	3
KIAA1804	18	1
KCNK1	0	0
MIR4427	0	0
SLC35F3	2	1
MIR4671	0	0
LOC101927765	19	1
COA6	885	3
TARBP1	739	3
LINC01354	0	0
IRF2BP2	2179	4
LINC00184	2	1
LOC101927787	0	0
LINC01132	0	0
LOC101927851	6	1
LINC01348	0	0
TOMM20	5942	4
SNORA14B	4	1
RBM34	2117	4
ARID4B	1941	3
MIR4753	0	0
GGPS1	1107	3
TBCE	777	3
B3GALNT2	913	3
GNG4	11	1
LYST	3160	4
MIR1537	0	0
NID1	18716	4
GPR137B	291	2
ERO1B	64	2
EDARADD	2	1
LGALS8	1808	3
LGALS8-AS1	0	0
HEATR1	2815	4
ACTN2	22	1
MTR	2338	4
MT1HL1	0	0
RYR2	14	1
MIR4428	0	0
LOC100130331	2	1
ZP4	0	0
LINC01139	0	0
CHRM3	106	2
CHRM3-AS2	0	0
CHRM3-AS1	0	0
RPS7P5	0	0
FMN2	3320	4
GREM2	814	3
RGS7	20	1
MIR3123	0	0
FH	4196	4
KMO	13	1
OPN3	491	2
CHML	1249	3
WDR64	2	1
EXO1	1758	3
BECN2	0	0
MAP1LC3C	0	0
PLD5	0	0
LINC01347	18	1
CEP170	6370	4
SDCCAG8	763	3
MIR4677	0	0
AKT3	2981	4
LOC339529	0	0
ZBTB18	358	2
C1orf100	0	0
ADSS	3563	4
C1orf101	9	1
DESI2	2854	4
COX20	13	1
HNRNPU-AS1	93	2
HNRNPU	25621	4
LOC101928068	2	1
EFCAB2	273	2
KIF26B	169	2
SMYD3	373	2
LOC255654	0	0
TFB2M	1072	3
CNST	2239	4
SCCPDH	2892	4
LINC01341	1	1
AHCTF1	3184	4
ZNF695	0	0
ZNF670-ZNF695	0	0
ZNF670	82	2
ZNF669	126	2
C1orf229	0	0
ZNF124	118	2
MIR3916	28	1
VN1R5	0	0
ZNF496	855	3
NLRP3	105	2
OR2B11	0	0
OR2W5	0	0
GCSAML	0	0
GCSAML-AS1	0	0
OR2C3	0	0
OR2G2	0	0
OR2G3	0	0
OR13G1	0	0
OR6F1	0	0
OR1C1	0	0
OR14A16	0	0
OR11L1	0	0
TRIM58	0	0
OR2W3	0	0
OR2T8	0	0
OR2L13	0	0
OR2L8	0	0
OR2AK2	0	0
OR2L1P	0	0
OR2L5	0	0
OR2L2	0	0
OR2L3	0	0
OR2M1P	0	0
OR2M5	0	0
OR2M2	0	0
OR2M3	0	0
OR2M4	0	0
OR2T33	0	0
OR2T12	0	0
OR2M7	0	0
OR14C36	0	0
OR2T4	0	0
OR2T6	0	0
OR2T1	0	0
OR2T2	0	0
OR2T3	0	0
OR2T5	0	0
OR2G6	0	0
OR2T29	0	0
OR2T34	0	0
OR2T10	0	0
OR2T11	0	0
OR2T35	0	0
OR2T27	0	0
OR14I1	0	0
LOC101928226	0	0
LYPD8	0	0
SH3BP5L	2275	4
MIR3124	2	1
ZNF672	925	3
ZNF692	288	2
PGBD2	95	2
LOC102723376	0	0
TUBB8	0	0
ZMYND11	3288	4
DIP2C	1525	3
MIR5699	0	0
PRR26	3	1
LARP4B	3555	4
LOC101927762	0	0
GTPBP4	4174	4
IDI2	164	2
IDI2-AS1	8	1
IDI1	3601	4
WDR37	944	3
LINC00200	0	0
ADARB2	0	0
ADARB2-AS1	0	0
LINC00700	0	0
MIR6072	0	0
LINC00701	0	0
PFKP	13822	4
PITRM1	3752	4
PITRM1-AS1	69	2
LOC105376360	0	0
KLF6	10208	4
MIR6078	0	0
LOC101927964	0	0
LINC00702	63	2
LINC00703	0	0
LINC00704	205	2
LINC00705	3	1
AKR1E2	80	2
AKR1C6P	4	1
AKR1C1	3861	4
AKR1C2	569	2
AKR1C3	203	2
AKR1C8P	0	0
AKR1C4	3	1
UCN3	0	0
TUBAL3	2	1
NET1	2109	4
CALML5	0	0
CALML3-AS1	0	0
CALML3	0	0
ASB13	453	2
FAM208B	3718	4
GDI2	14694	4
ANKRD16	152	2
FBXO18	2374	4
IL15RA	329	2
IL2RA	0	0
RBM17	2232	4
PFKFB3	1942	3
MIR3155A	0	0
MIR3155B	0	0
LOC399715	0	0
PRKCQ	0	0
PRKCQ-AS1	4	1
LOC101928150	0	0
LINC00706	2	1
LINC00707	39	2
SFMBT2	0	0
ITIH5	0	0
ITIH2	5	1
KIN	650	3
ATP5C1	5907	4
TAF3	485	2
GATA3-AS1	0	0
GATA3	2	1
LINC00708	0	0
LOC105755953	0	0
LOC101928272	0	0
LINC00709	0	0
LOC101928298	0	0
LOC101928322	0	0
SFTA1P	3	1
LINC00710	0	0
CELF2	105	2
CELF2-AS2	0	0
CELF2-AS1	0	0
USP6NL	566	2
ECHDC3	0	0
PROSER2	0	0
PROSER2-AS1	0	0
UPF2	2209	4
DHTKD1	1291	3
SEC61A2	262	2
MIR548AK	4	1
NUDT5	1242	3
CDC123	2963	4
CAMK1D	28	1
MIR4480	0	0
MIR4481	0	0
MIR548Q	0	0
CCDC3	0	0
OPTN	8478	4
MCM10	1578	3
UCMA	0	0
PHYH	631	3
SEPHS1	2807	4
BEND7	0	0
PRPF18	986	3
FRMD4A	3731	4
LOC101928453	0	0
MIR4293	0	0
MIR1265	0	0
FAM107B	3341	4
CDNF	20	1
HSPA14	2176	4
SUV39H2	855	3
DCLRE1C	893	3
MEIG1	0	0
OLAH	0	0
ACBD7	18	1
C10orf111	2	1
RPP38	421	2
NMT2	1145	3
PPIAP30	0	0
FAM171A1	889	3
ITGA8	2309	4
FAM188A	1130	3
PTER	22	1
C1QL3	2	1
RSU1	6588	4
CUBN	122	2
TRDMT1	262	2
VIM-AS1	59	2
VIM	175311	4
ST8SIA6	0	0
ST8SIA6-AS1	0	0
HACD1	1438	3
STAM-AS1	18	1
STAM	1778	3
TMEM236	17	1
MRC1	0	0
MIR511	0	0
SLC39A12	0	0
SLC39A12-AS1	0	0
CACNB2	8	1
NSUN6	275	2
ARL5B	884	3
MALRD1	0	0
LOC101928834	0	0
PLXDC2	0	0
MIR4675	0	0
NEBL	0	0
C10orf113	0	0
NEBL-AS1	0	0
RNU6-15P	0	0
CASC10	42	2
MIR1915	0	0
SKIDA1	2	1
MLLT10	1057	3
DNAJC1	1652	3
EBLN1	2	1
LOC100130992	0	0
COMMD3	239	2
COMMD3-BMI1	0	0
BMI1	111	2
SPAG6	0	0
LOC100499489	152	2
PIP4K2A	1626	3
ARMC3	0	0
MSRB2	309	2
PTF1A	0	0
LINC01552	1	1
C10orf67	4	1
MIR1254-2	0	0
OTUD1	133	2
KIAA1217	644	3
MIR603	0	0
ARHGAP21	5820	4
PRTFDC1	947	3
ENKUR	11	1
THNSL1	223	2
LINC01516	0	0
GPR158-AS1	0	0
GPR158	0	0
LINC00836	0	0
LOC101929073	0	0
MYO3A	0	0
GAD2	0	0
APBB1IP	0	0
LINC00264	0	0
LINC00202-2	0	0
PDSS1	579	2
ABI1	2347	4
LINC00202-1	0	0
ANKRD26	808	3
YME1L1	10042	4
MASTL	4917	4
ACBD5	1668	3
LRRC37A6P	0	0
PTCHD3	0	0
RAB18	4011	4
MKX	290	2
MKX-AS1	0	0
ARMC4	167	2
MPP7	12	1
MIR8086	0	0
WAC-AS1	606	3
WAC	4415	4
BAMBI	24	1
LINC01517	0	0
LINC00837	0	0
C10orf126	0	0
LYZL1	0	0
SVIL-AS1	1388	3
SVIL	1967	3
MIR604	0	0
MIR938	0	0
KIAA1462	1276	3
LOC101929279	0	0
MTPAP	754	3
GOLGA2P6	0	0
MIR7162	0	0
MAP3K8	63	2
LYZL2	0	0
SVILP1	10	1
ZNF438	264	2
ZEB1-AS1	74	2
ZEB1	4402	4
ARHGAP12	1161	3
KIF5B	15855	4
EPC1	922	3
LOC102031319	2	1
LOC101929431	10	1
CCDC7	60	2
ITGB1	118377	4
NRP1	15704	4
LINC00838	0	0
PARD3	1455	3
PARD3-AS1	2	1
CUL2	3001	4
MIR3611	0	0
CREM	974	3
CCNY	2594	4
GJD4	0	0
FZD8	8	1
MIR4683	0	0
PCAT5	0	0
ANKRD30A	0	0
LINC00993	0	0
MTRNR2L7	0	0
ZNF248	184	2
ZNF33BP1	0	0
ZNF25	439	2
ZNF33A	500	2
ZNF37A	612	3
LOC100129055	0	0
HSD17B7P2	24	1
SEPT7P9	0	0
LINC00999	32	1
ACTR3BP5	0	0
LOC441666	0	0
CCNYL2	0	0
LINC00839	2	1
ZNF37BP	198	2
ZNF33B	320	2
LINC01518	0	0
BMS1	3247	4
LINC01264	0	0
MIR5100	0	0
RET	0	0
CSGALNACT2	2390	4
RASGEF1A	0	0
FXYD4	0	0
HNRNPF	11403	4
ZNF487	57	2
ZNF239	36	2
ZNF485	44	2
ZNF32-AS3	2	1
ZNF32	163	2
ZNF32-AS1	2	1
ZNF32-AS2	9	1
HNRNPA3P1	10	1
LINC00619	40	2
LINC00840	2	1
LINC00841	0	0
C10orf142	3	1
CXCL12	12550	4
TMEM72-AS1	0	0
TMEM72	0	0
RASSF4	4	1
C10orf10	2	1
C10orf25	104	2
ZNF22	1138	3
RSU1P2	0	0
ANKRD30BP3	0	0
MIR3156-1	0	0
OR13A1	0	0
ALOX5	0	0
LOC102724323	0	0
MARCH8	702	3
ZFAND4	100	2
FAM21C	1353	3
AGAP4	139	2
PARGP1	59	2
TIMM23	3241	4
NCOA4	7877	4
MSMB	0	0
AGAP7P	0	0
ANTXRLP1	0	0
ANTXRL	0	0
FAM25BP	0	0
ANXA8L1	2	1
LINC00842	48	2
HNRNPA1P33	20	1
NPY4R	0	0
GPRIN2	0	0
SYT15	0	0
FAM35BP	16	1
GLUD1P7	0	0
BMS1P5	58	2
FRMPD2B	0	0
PTPN20	0	0
GDF10	0	0
GDF2	0	0
RBP3	0	0
ZNF488	2	1
ANXA8	2	1
FAM25C	0	0
FAM25G	0	0
AGAP9	138	2
BMS1P6	100	2
CTSLP2	0	0
FAM35DP	38	2
CH17-360D5.1	0	0
CTGLF12P	10	1
FRMPD2	0	0
MAPK8	1575	3
ARHGAP22	1730	3
WDFY4	0	0
LRRC18	0	0
MIR4294	0	0
VSTM4	274	2
FAM170B-AS1	0	0
FAM170B	0	0
C10orf128	0	0
C10orf71-AS1	0	0
C10orf71	1	1
DRGX	6	1
ERCC6	1035	3
PGBD3	0	0
ERCC6-PGBD3	0	0
CHAT	0	0
SLC18A3	0	0
C10orf53	0	0
OGDHL	0	0
PARG	1152	3
TIMM23B	605	3
AGAP6	230	2
FAM21EP	13	1
FAM21A	1648	3
ASAH2	12	1
SGMS1	1325	3
SGMS1-AS1	15	1
ASAH2B	58	2
A1CF	2	1
PRKG1	843	3
LOC102724719	0	0
MIR605	0	0
CSTF2T	1348	3
PRKG1-AS1	14	1
DKK1	26994	4
LINC01468	22	1
MBL2	0	0
PCDH15	0	0
MIR548F1	0	0
MTRNR2L5	0	0
ZWINT	4283	4
MIR3924	0	0
IPMK	424	2
CISD1	1264	3
UBE2D1	675	3
TFAM	1981	3
BICC1	1482	3
FAM133CP	0	0
LINC00844	0	0
CCHE1	0	0
PHYHIPL	0	0
FAM13C	0	0
SLC16A9	0	0
MRLN	0	0
CCDC6	1904	3
LINC01553	0	0
ANK3	142	2
CDK1	6875	4
RHOBTB1	331	2
LINC00845	0	0
TMEM26	42	2
TMEM26-AS1	0	0
C10orf107	18	1
ARID5B	3369	4
RTKN2	522	2
LOC283045	0	0
ZNF365	338	2
ADO	1496	3
EGR2	10	1
NRBF2	1064	3
JMJD1C	2148	4
MIR1296	0	0
JMJD1C-AS1	19	1
REEP3	3554	4
ANXA2P3	6	1
LINC01515	34	2
CTNNA3	0	0
LOC101928961	0	0
LRRTM3	0	0
MIR7151	0	0
DNAJC12	2	1
SIRT1	934	3
HERC4	12774	4
POU5F1P5	4	1
MYPN	4906	4
ATOH7	0	0
PBLD	184	2
HNRNPH3	5661	4
RUFY2	878	3
DNA2	709	3
SLC25A16	593	2
TET1	113	2
CCAR1	4044	4
SNORD98	0	0
MIR1254-1	14	1
STOX1	0	0
DDX50	2824	4
DDX21	10906	4
KIAA1279	3141	4
SRGN	18977	4
VPS26A	2932	4
SUPV3L1	761	3
LOC101928994	2	1
HKDC1	59	2
HK1	8379	4
TACR2	20	1
TSPAN15	10	1
NEUROG3	0	0
C10orf35	0	0
COL13A1	2779	4
H2AFY2	11	1
AIFM2	1481	3
TYSND1	464	2
SAR1A	7041	4
PPA1	4255	4
NPFFR1	0	0
LRRC20	225	2
EIF4EBP2	2526	4
NODAL	0	0
PALD1	0	0
PRF1	0	0
ADAMTS14	26	1
TBATA	0	0
SGPL1	868	3
PCBD1	220	2
UNC5B	86	2
UNC5B-AS1	0	0
SLC29A3	18	1
CDH23	0	0
LOC102723377	0	0
C10orf105	1	1
C10orf54	258	2
MIR7152	0	0
PSAP	27662	4
CHST3	2772	4
SPOCK2	14	1
ASCC1	707	3
ANAPC16	1317	3
DDIT4	488	2
DNAJB12	1956	3
MICU1	1770	3
MCU	1481	3
MIR4676	0	0
OIT3	0	0
PLA2G12B	0	0
P4HA1	5663	4
NUDT13	59	2
ECD	1533	3
FAM149B1	560	2
DNAJC9	4921	4
DNAJC9-AS1	28	1
MRPS16	3174	4
CFAP70	29	1
ANXA7	4910	4
MSS51	30	1
PPP3CB	2071	4
PPP3CB-AS1	91	2
USP54	306	2
MYOZ1	18	1
SYNPO2L	6	1
AGAP5	118	2
BMS1P4	100	2
GLUD1P3	59	2
SEC24C	4687	4
FUT11	1232	3
CHCHD1	1179	3
ZSWIM8	2133	4
ZSWIM8-AS1	0	0
NDST2	792	3
CAMK2G	1398	3
C10orf55	26	1
PLAU	5090	4
VCL	34304	4
AP3M1	4410	4
ADK	4320	4
LOC102723439	1	1
KAT6B	1243	3
DUPD1	0	0
DUSP13	0	0
SAMD8	2580	4
VDAC2	8176	4
COMTD1	196	2
ZNF503	533	2
ZNF503-AS1	0	0
ZNF503-AS2	44	2
LOC101929234	0	0
C10orf11	5	1
MIR606	0	0
KCNMA1	6189	4
KCNMA1-AS1	4	1
KCNMA1-AS2	0	0
KCNMA1-AS3	2	1
DLG5	6615	4
DLG5-AS1	45	2
POLR3A	2867	4
RPS24	32769	4
LINC00856	6	1
LINC00595	0	0
ZMIZ1-AS1	30	1
ZMIZ1	5906	4
PPIF	10268	4
ZCCHC24	3801	4
EIF5AL1	84	2
SFTPA2	0	0
SFTPA1	0	0
BEND3P3	245	2
NUTM2B-AS1	363	2
NUTM2B	14	1
LOC642361	104	2
BMS1P21	2	1
MBL1P	10	1
SFTPD	0	0
TMEM254-AS1	32	1
TMEM254	412	2
PLAC9	239	2
ANXA11	9115	4
LINC00857	104	2
MAT1A	0	0
DYDC1	0	0
DYDC2	2	1
FAM213A	134	2
TSPAN14	4662	4
LOC101929574	7	1
LOC102723703	41	2
SH2D4B	0	0
NRG3	0	0
NRG3-AS1	0	0
GHITM	10353	4
C10orf99	0	0
CDHR1	0	0
LRIT2	0	0
LRIT1	0	0
RGR	0	0
LINC00858	0	0
CCSER2	1828	3
LINC01519	0	0
LOC101929646	0	0
LOC101929662	0	0
LINC01520	0	0
GRID1-AS1	0	0
GRID1	0	0
MIR346	0	0
WAPL	4986	4
OPN4	0	0
LDB3	17	1
BMPR1A	2583	4
MMRN2	92	2
SNCG	13	1
ADIRF	1087	3
AGAP11	47	2
FAM25A	0	0
GLUD1	10279	4
FAM35A	2374	4
NUTM2A	52	2
NUTM2A-AS1	611	3
LOC439994	185	2
NUTM2D	44	2
LINC00864	0	0
MIR4678	0	0
MINPP1	2801	4
PAPSS2	11831	4
ATAD1	3952	4
CFL1P1	8	1
KLLN	28	1
PTEN	6130	4
RNLS	4	1
LIPJ	0	0
LIPF	0	0
LIPK	1	1
LIPN	0	0
LIPM	0	0
ANKRD22	0	0
STAMBPL1	2257	4
ACTA2-AS1	7	1
ACTA2	749	3
FAS	2923	4
FAS-AS1	6	1
MIR4679-2	0	0
MIR4679-1	0	0
CH25H	12	1
LIPA	12766	4
IFIT2	21792	4
IFIT3	47999	4
IFIT1B	32	1
IFIT1	74486	4
IFIT5	12981	4
SLC16A12	6	1
SLC16A12-AS1	0	0
PANK1	261	2
MIR107	0	0
FLJ37201	24	1
KIF20B	6777	4
LINC00865	0	0
LINC01375	0	0
LOC101926942	0	0
HTR7	26	1
RPP30	1888	3
ANKRD1	183	2
XLOC_008559	0	0
LINC00502	0	0
NUDT9P1	14	1
PCGF5	5329	4
HECTD2-AS1	0	0
HECTD2	774	3
PPP1R3C	893	3
TNKS2-AS1	2	1
TNKS2	4983	4
FGFBP3	44	2
BTAF1	2624	4
CPEB3	141	2
MARCH5	2564	4
MARK2P9	3	1
IDE	3118	4
KIF11	9573	4
HHEX	1062	3
EXOC6	1006	3
CYP26C1	0	0
CYP26A1	2	1
MYOF	41358	4
CEP55	7932	4
FFAR4	0	0
RBP4	0	0
PDE6C	0	0
FRA10AC1	671	3
LGI1	0	0
SLC35G1	234	2
PIPSL	14	1
PLCE1	31	1
PLCE1-AS2	0	0
PLCE1-AS1	0	0
NOC3L	3290	4
TBC1D12	861	3
HELLS	2855	4
CYP2C18	0	0
CYP2C19	0	0
CYP2C9	0	0
CYP2C8	0	0
ACSM6	1	1
PDLIM1	6090	4
SORBS1	10	1
ALDH18A1	6014	4
TCTN3	3111	4
ENTPD1	680	3
ENTPD1-AS1	10	1
C10orf131	16	1
CC2D2B	2	1
CCNJ	406	2
MIR3157	0	0
ZNF518A	640	3
BLNK	0	0
DNTT	0	0
OPALIN	0	0
TLL2	6	1
TM9SF3	16277	4
PIK3AP1	13	1
RPL13AP5	184	2
MIR607	0	0
LCOR	856	3
C10orf12	505	2
SLIT1	0	0
SLIT1-AS1	0	0
ARHGAP19-SLIT1	0	0
ARHGAP19	729	3
FRAT1	34	2
FRAT2	190	2
RRP12	2843	4
PGAM1	17659	4
EXOSC1	1141	3
ZDHHC16	2746	4
MMS19	2797	4
UBTD1	1675	3
ANKRD2	0	0
HOGA1	6	1
C10orf62	0	0
MORN4	163	2
PI4K2A	2837	4
AVPI1	1604	3
MARVELD1	6795	4
ZFYVE27	1156	3
SFRP5	0	0
LINC00866	0	0
GOLGA7B	0	0
CRTAC1	0	0
R3HCC1L	1138	3
LOXL4	1128	3
PYROXD2	250	2
MIR1287	0	0
HPS1	2752	4
MIR4685	1	1
HPSE2	145	2
MIR6507	0	0
CNNM1	219	2
GOT1	1621	3
LINC01475	0	0
NKX2-3	0	0
SLC25A28	3218	4
ENTPD7	1478	3
COX15	1794	3
CUTC	727	3
ABCC2	197	2
DNMBP	5425	4
DNMBP-AS1	4	1
CPN1	0	0
ERLIN1	9587	4
CHUK	2930	4
CWF19L1	1999	3
SNORA12	0	0
BLOC1S2	2255	4
PKD2L1	0	0
SCD	9571	4
OLMALINC	22	1
WNT8B	1	1
SEC31B	73	2
NDUFB8	4014	4
HIF1AN	3512	4
PAX2	0	0
SLF2	3131	4
SEMA4G	34	2
MIR608	0	0
MRPL43	2538	4
C10orf2	1002	3
LZTS2	5360	4
PDZD7	24	1
SFXN3	3317	4
KAZALD1	513	2
TLX1NB	0	0
TLX1	0	0
LINC01514	0	0
LBX1	0	0
LBX1-AS1	0	0
LOC101927419	0	0
BTRC	1317	3
POLL	681	3
DPCD	459	2
MIR3158-2	0	0
MIR3158-1	0	0
FBXW4	1062	3
FGF8	0	0
NPM3	970	3
MGEA5	4347	4
KCNIP2-AS1	3	1
KCNIP2	16	1
C10orf76	1782	3
HPS6	2122	4
LDB1	2136	4
PPRC1	3873	4
NOLC1	8031	4
ELOVL3	14	1
PITX3	0	0
GBF1	6967	4
NFKB2	3817	4
PSD	13	1
FBXL15	520	2
CUEDC2	2814	4
MIR146B	0	0
RPARP-AS1	14	1
C10orf95	5	1
TMEM180	63	2
ACTR1A	8563	4
SUFU	1055	3
TRIM8	5375	4
ARL3	1818	3
SFXN2	377	2
WBP1L	3604	4
CYP17A1	0	0
C10orf32	954	3
C10orf32-ASMT	0	0
AS3MT	0	0
CNNM2	231	2
NT5C2	4473	4
RPEL1	12	1
INA	0	0
PCGF6	854	3
TAF5	525	2
USMG5	3614	4
MIR1307	0	0
PDCD11	5400	4
CALHM2	2506	4
CALHM1	16	1
CALHM3	0	0
NEURL1-AS1	0	0
NEURL1	9	1
SH3PXD2A	11204	4
SH3PXD2A-AS1	2	1
OBFC1	953	3
SLK	8230	4
COL17A1	70	2
MIR936	0	0
SFR1	525	2
CFAP43	3	1
MIR609	0	0
GSTO1	11466	4
MIR4482	58	2
GSTO2	83	2
ITPRIP	7218	4
LOC101927472	6	1
CFAP58-AS1	0	0
CFAP58	64	2
LOC101927523	0	0
SORCS3	0	0
SORCS3-AS1	0	0
LOC101927549	0	0
SORCS1	10	1
LINC01435	12	1
XPNPEP1	3618	4
ADD3-AS1	8	1
ADD3	3242	4
MXI1	177	2
SMNDC1	1964	3
DUSP5	1758	3
SMC3	7625	4
RBM20	2	1
PDCD4-AS1	12	1
PDCD4	918	3
MIR4680	0	0
BBIP1	621	3
SHOC2	3096	4
RPL13AP6	2	1
MIR548E	1	1
ADRA2A	0	0
GPAM	864	3
TECTB	3	1
MIR6715B	0	0
MIR6715A	0	0
GUCY2GP	2	1
ACSL5	149	2
ZDHHC6	3335	4
VTI1A	1629	3
MIR4295	0	0
LOC103344931	192	2
TCF7L2	503	2
HABP2	0	0
NRAP	0	0
CASP7	3170	4
PLEKHS1	0	0
MIR4483	0	0
DCLRE1A	1321	3
NHLRC2	1495	3
ADRB1	0	0
CCDC186	1140	3
MIR2110	0	0
TDRD1	0	0
VWA2	2	1
AFAP1L2	0	0
ABLIM1	783	3
LOC101927692	0	0
FAM160B1	2887	4
TRUB1	1649	3
LOC102724589	0	0
ATRNL1	10	1
GFRA1	10	1
CCDC172	0	0
PNLIPRP3	0	0
PNLIP	0	0
PNLIPRP1	0	0
PNLIPRP2	0	0
C10orf82	6	1
HSPA12A	791	3
ENO4	4	1
SHTN1	468	2
VAX1	0	0
MIR3663HG	0	0
MIR3663	0	0
KCNK18	0	0
SLC18A2	155	2
PDZD8	1773	3
EMX2OS	0	0
EMX2	0	0
RAB11FIP2	1359	3
CASC2	44	2
FAM204A	1850	3
LINC00867	0	0
PRLHR	0	0
CACUL1	2278	4
NANOS1	207	2
EIF3A	23691	4
SNORA19	0	0
FAM45A	2264	4
SFXN4	503	2
PRDX3	9479	4
GRK5	1417	3
MIR4681	0	0
RGS10	1450	3
TIAL1	4743	4
BAG3	6297	4
INPP5F	1078	3
MCMBP	9024	4
SEC23IP	3534	4
MIR4682	2	1
RPL21	17278	4
PPAPDC1A	112	2
LINC01561	0	0
WDR11-AS1	0	0
WDR11	2998	4
FGFR2	0	0
ATE1	1433	3
ATE1-AS1	59	2
NSMCE4A	1739	3
TACC2	1368	3
BTBD16	0	0
PLEKHA1	1473	3
MIR3941	0	0
ARMS2	0	0
HTRA1	7280	4
DMBT1	0	0
C10orf120	0	0
DMBT1P1	0	0
CUZD1	0	0
FAM24B-CUZD1	0	0
FAM24B	86	2
LOC399815	55	2
FAM24A	0	0
C10orf88	983	3
PSTK	139	2
IKZF5	682	3
ACADSB	918	3
HMX3	0	0
HMX2	0	0
BUB3	14571	4
GPR26	0	0
CPXM2	152	2
CHST15	2	1
OAT	7190	4
NKX1-2	0	0
LHPP	278	2
FAM53B	923	3
FAM53B-AS1	0	0
METTL10	1293	3
FAM175B	1501	3
ZRANB1	2295	4
CTBP2	5562	4
MIR4296	0	0
TEX36-AS1	0	0
TEX36	0	0
LOC283038	2	1
FLJ37035	7	1
EDRF1	1714	3
EDRF1-AS1	2	1
MMP21	0	0
UROS	1690	3
MIR4484	0	0
BCCIP	3569	4
DHX32	1230	3
FANK1	14	1
FANK1-AS1	0	0
ADAM12	3721	4
LINC00601	2	1
C10orf90	2	1
DOCK1	5805	4
FAM196A	2	1
NPS	0	0
FOXI2	0	0
CLRN3	0	0
PTPRE	0	0
MKI67	21540	4
LINC01163	0	0
MGMT	0	0
EBF3	10	1
MIR4297	0	0
LINC00959	71	2
CTAGE7P	15	1
GLRX3	5666	4
MIR378C	0	0
TCERG1L	0	0
TCERG1L-AS1	0	0
LINC01164	0	0
PPP2R2D	1809	3
BNIP3	3230	4
JAKMIP3	16	1
DPYSL4	0	0
STK32C	198	2
LRRC27	225	2
PWWP2B	486	2
C10orf91	0	0
INPP5A	2221	4
NKX6-2	0	0
CFAP46	0	0
LINC01166	0	0
LINC01167	0	0
LINC01168	0	0
ADGRA1-AS1	0	0
ADGRA1	0	0
KNDC1	0	0
UTF1	0	0
VENTX	0	0
MIR202HG	0	0
MIR202	0	0
ADAM8	73	2
TUBGCP2	4230	4
ZNF511	575	2
CALY	0	0
PRAP1	0	0
FUOM	32	1
ECHS1	4258	4
MIR3944	0	0
PAOX	17	1
MTG1	1561	3
SPRN	168	2
SCART1	68	2
CYP2E1	37	2
SYCE1	0	0
SPRNP1	8	1
FRG2B	0	0
LINC01001	4	1
SCGB1C1	0	0
ODF3	2	1
BET1L	2543	4
RIC8A	6376	4
MIR6743	0	0
SIRT3	344	2
PSMD13	5635	4
NLRP6	0	0
ATHL1	731	3
IFITM5	0	0
IFITM2	10538	4
IFITM1	29002	4
IFITM3	31845	4
B4GALNT4	117	2
PKP3	190	2
SIGIRR	216	2
ANO9	2	1
PTDSS2	1259	3
RNH1	8187	4
HRAS	2258	4
LRRC56	13	1
LMNTD2	12	1
RASSF7	456	2
MIR210HG	52	2
MIR210	2	1
LOC143666	6	1
PHRF1	3491	4
IRF7	4065	4
CDHR5	24	1
SCT	6	1
DRD4	17	1
DEAF1	873	3
TMEM80	283	2
EPS8L2	2127	4
TALDO1	13748	4
PDDC1	1331	3
LOC171391	57	2
CEND1	26	1
SLC25A22	1466	3
PANO1	50	2
PIDD1	315	2
RPLP2	13632	4
SNORA52	29	1
PNPLA2	1986	3
CRACR2B	0	0
CD151	17517	4
POLR2L	3972	4
TSPAN4	5575	4
CHID1	2264	4
AP2A2	2439	4
MUC6	10	1
MUC2	0	0
MUC5AC	0	0
MUC5B	0	0
MIR6744	0	0
TOLLIP	1870	3
TOLLIP-AS1	6	1
BRSK2	4	1
MOB2	608	3
DUSP8	11	1
KRTAP5-AS1	0	0
KRTAP5-1	0	0
KRTAP5-2	0	0
KRTAP5-3	0	0
KRTAP5-4	0	0
KRTAP5-5	0	0
FAM99B	0	0
FAM99A	0	0
KRTAP5-6	0	0
IFITM10	103	2
CTSD	9697	4
SYT8	0	0
TNNI2	0	0
LSP1	0	0
MIR4298	0	0
MIR7847	0	0
LINC01150	0	0
TNNT3	0	0
MRPL23	881	3
MRPL23-AS1	0	0
LINC01219	0	0
HOTS	0	0
H19	0	0
MIR675	0	0
INS-IGF2	0	0
IGF2	0	0
MIR483	0	0
IGF2-AS	0	0
INS	0	0
TH	0	0
MIR4686	0	0
ASCL2	0	0
C11orf21	0	0
TSPAN32	6	1
CD81-AS1	8	1
CD81	16810	4
TSSC4	1694	3
TRPM5	0	0
KCNQ1	0	0
KCNQ1OT1	123	2
KCNQ1-AS1	0	0
KCNQ1DN	0	0
CDKN1C	2	1
SLC22A18AS	7	1
SLC22A18	375	2
PHLDA2	2993	4
NAP1L4	7698	4
SNORA54	0	0
CARS	2566	4
OSBPL5	1749	3
MRGPRG	0	0
MRGPRG-AS1	0	0
MRGPRE	0	0
ZNF195	356	2
TSSC2	8	1
OR7E12P	6	1
LOC101927708	0	0
TRPC2	0	0
ART5	0	0
ART1	1	1
CHRNA10	25	1
NUP98	5615	4
PGAP2	298	2
RHOG	1658	3
STIM1	972	3
MIR4687	0	0
RRM1	10628	4
LOC100506082	4	1
OR52B4	0	0
TRIM21	4678	4
OR52K2	0	0
OR52K1	0	0
OR52M1	0	0
C11orf40	0	0
OR52I2	0	0
OR52I1	0	0
TRIM68	482	2
OR51D1	0	0
OR51E1	0	0
OR51E2	26	1
OR51F1	0	0
OR52R1	0	0
OR51F2	0	0
OR51S1	0	0
OR51T1	0	0
OR51A7	0	0
OR51G2	0	0
OR51G1	0	0
OR51A4	0	0
OR51A2	0	0
MMP26	0	0
OR51L1	0	0
OR52J3	0	0
OR52E2	0	0
OR52A5	0	0
OR52A1	0	0
OR51V1	0	0
HBB	2	1
HBD	32	1
HBBP1	0	0
BGLT3	0	0
HBG1	0	0
HBG2	0	0
HBE1	0	0
OR51B4	0	0
OR51B2	0	0
OR51B5	2	1
OR51B6	0	0
OR51M1	0	0
OR51Q1	0	0
OR51I1	0	0
OR51I2	0	0
OR52D1	0	0
UBQLN3	0	0
UBQLNL	18	1
OR52H1	0	0
OR52B6	0	0
TRIM6	468	2
TRIM6-TRIM34	0	0
TRIM34	4	1
TRIM5	4375	4
TRIM22	12786	4
OR56B1	0	0
OR52N4	0	0
OR52N5	0	0
OR52N1	0	0
OR52N2	0	0
OR52E6	0	0
OR52E8	0	0
OR52E4	0	0
OR56A3	0	0
OR56A5	0	0
OR52L1	0	0
OR56A4	0	0
OR56A1	0	0
OR56B4	2	1
OR52B2	0	0
OR52W1	0	0
C11orf42	5	1
FAM160A2	550	2
CNGA4	0	0
CCKBR	0	0
PRKCDBP	5363	4
SMPD1	2869	4
APBB1	1034	3
HPX	0	0
TRIM3	574	2
ARFIP2	1885	3
TIMM10B	1038	3
DNHD1	232	2
RRP8	741	3
ILK	10962	4
TAF10	1814	3
TPP1	4465	4
DCHS1	522	2
MRPL17	5344	4
GVINP1	48	2
OR2AG2	2	1
OR2AG1	0	0
OR6A2	0	0
OR10A5	0	0
OR10A2	0	0
OR10A4	0	0
OR2D2	0	0
OR2D3	0	0
ZNF215	268	2
ZNF214	61	2
NLRP14	2	1
RBMXL2	0	0
MIR302E	0	0
SYT9	0	0
LOC100506258	0	0
OLFML1	0	0
PPFIBP2	279	2
CYB5R2	1080	3
OVCH2	0	0
OR5P2	0	0
OR5P3	0	0
OR5E1P	0	0
LOC283299	0	0
OR10A6	0	0
OR10A3	0	0
NLRP10	20	1
EIF3F	3777	4
CASC23	0	0
TUB	40	2
TUB-AS1	0	0
RIC3	0	0
LMO1	0	0
STK33	0	0
TRIM66	150	2
RPL27A	22336	4
SNORA45A	24	1
SNORA45B	23	1
ST5	1510	3
LOC102724784	4	1
AKIP1	1017	3
C11orf16	3	1
ASCL3	0	0
TMEM9B	2257	4
TMEM9B-AS1	12	1
NRIP3	461	2
SCUBE2	14	1
MIR5691	0	0
KRT8P41	0	0
DENND5A	6037	4
TMEM41B	1169	3
IPO7	13776	4
SNORA23	0	0
LOC644656	48	2
ZNF143	600	2
WEE1	2397	4
SWAP70	3390	4
LOC440028	28	1
SBF2-AS1	89	2
SBF2	1776	3
LOC101928008	1	1
ADM	5809	4
CAND1.11	0	0
AMPD3	570	2
MTRNR2L8	16	1
MIR4485	0	0
RNF141	983	3
MRVI1-AS1	0	0
LYVE1	0	0
MRVI1	106	2
CTR9	2758	4
EIF4G2	45539	4
SNORD97	4	1
LOC101928053	7	1
ZBED5	1107	3
ZBED5-AS1	65	2
GALNT18	2	1
CSNK2A3	13	1
MIR4299	0	0
MIR8070	0	0
USP47	3774	4
DKK3	34393	4
MICAL2	7314	4
MIR6124	0	0
MICALCL	24	1
PARVA	7947	4
TEAD1	8183	4
LINC00958	0	0
RASSF10	0	0
ARNTL	623	3
BTBD10	1486	3
PTH	0	0
FAR1	2853	4
SPON1	12	1
RRAS2	4987	4
COPB1	13861	4
PSMA1	5789	4
PDE3B	0	0
CYP2R1	116	2
CALCA	0	0
CALCB	0	0
INSC	28	1
LOC102724957	0	0
SOX6	48	2
MIR6073	0	0
C11orf58	7186	4
PLEKHA7	2	1
OR7E14P	0	0
RPS13	11337	4
SNORD14A	28	1
SNORD14B	19	1
PIK3C2A	2343	4
NUCB2	7082	4
NCR3LG1	531	2
KCNJ11	0	0
ABCC8	0	0
USH1C	0	0
OTOG	0	0
LOC102723330	0	0
MYOD1	0	0
KCNC1	2	1
SERGEF	316	2
TPH1	4	1
SAAL1	745	3
SAA3P	0	0
MRGPRX3	0	0
MRGPRX4	0	0
LOC494141	0	0
SAA4	0	0
SAA2-SAA4	0	0
SAA2	2	1
SAA1	0	0
HPS5	1856	3
GTF2H1	2648	4
MIR3159	0	0
LDHA	45185	4
LDHC	2	1
LDHAL6A	9	1
TSG101	2414	4
UEVLD	1118	3
SPTY2D1-AS1	3	1
SPTY2D1	1596	3
TMEM86A	4	1
IGSF22	0	0
PTPN5	0	0
MRGPRX1	0	0
MRGPRX2	0	0
ZDHHC13	1016	3
CSRP3	0	0
E2F8	410	2
NAV2	2390	4
NAV2-AS5	0	0
NAV2-AS4	0	0
MIR4486	0	0
LOC100126784	217	2
MIR4694	0	0
NAV2-AS2	0	0
DBX1	0	0
HTATIP2	1066	3
PRMT3	899	3
SLC6A5	0	0
NELL1	0	0
ANO5	0	0
SLC17A6	0	0
LINC01495	0	0
FANCF	148	2
GAS2	0	0
SVIP	10	1
CCDC179	0	0
MIR8054	0	0
LUZP2	0	0
ANO3	21	1
MUC15	0	0
SLC5A12	0	0
FIBIN	596	2
BBOX1	0	0
BBOX1-AS1	10	1
CCDC34	691	3
LGR4	1673	3
LOC105376671	0	0
LIN7C	1090	3
BDNF-AS	46	2
MIR8087	0	0
LINC00678	0	0
BDNF	3617	4
KIF18A	2332	4
MIR610	0	0
METTL15	845	3
MIR8068	0	0
KCNA4	0	0
FSHB	0	0
ARL14EP	874	3
MPPED2	0	0
DCDC5	0	0
DCDC1	0	0
DNAJC24	675	3
IMMP1L	83	2
ELP4	530	2
PAX6	23	1
DKFZp686K1684	0	0
PAUPAR	0	0
LOC100506675	0	0
RCN1	21127	4
WT1	0	0
WT1-AS	0	0
EIF3M	4147	4
CCDC73	7	1
PRRG4	48	2
QSER1	1754	3
DEPDC7	390	2
TCP11L1	1186	3
LINC00294	377	2
CSTF3	1816	3
CSTF3-AS1	2	1
HIPK3	1804	3
KIAA1549L	2679	4
C11orf91	113	2
CD59	45909	4
FBXO3	658	3
FBXO3-AS1	0	0
LMO2	42	2
CAPRIN1	14638	4
NAT10	2249	4
ABTB2	206	2
CAT	1157	3
ELF5	0	0
EHF	24	1
APIP	812	3
PDHX	1460	3
MIR1343	0	0
LOC100507144	3	1
CD44	81774	4
SLC1A2	94	2
PAMR1	9472	4
FJX1	2475	4
TRIM44	6029	4
LDLRAD3	310	2
MIR3973	0	0
COMMD9	851	3
PRR5L	638	3
TRAF6	528	2
RAG1	6	1
RAG2	0	0
C11orf74	266	2
LOC103312105	0	0
LINC01493	0	0
LRRC4C	0	0
LINC01499	0	0
LOC100507205	0	0
HNRNPKP3	0	0
API5	5186	4
TTC17	2977	4
MIR670	0	0
MIR670HG	0	0
MIR129-2	0	0
HSD17B12	1369	3
ALKBH3	621	3
SEC14L1P1	36	2
ALKBH3-AS1	5	1
C11orf96	12	1
ACCSL	0	0
ACCS	214	2
EXT2	8191	4
ALX4	0	0
CD82	790	3
TSPAN18	0	0
TP53I11	253	2
LOC221122	0	0
PRDM11	152	2
SYT13	0	0
LOC101928812	0	0
LOC399886	0	0
CHST1	0	0
MIR7154	0	0
LOC100507384	0	0
DKFZp779M0652	8	1
SLC35C1	1296	3
CRY2	324	2
MAPK8IP1	38	2
C11orf94	0	0
PEX16	655	3
GYLTL1B	0	0
PHF21A	630	3
LOC101928894	4	1
CREB3L1	6071	4
DGKZ	2910	4
MIR4688	0	0
MDK	2354	4
CHRM4	6	1
AMBRA1	1339	3
MIR3160-1	0	0
MIR3160-2	0	0
HARBI1	190	2
ATG13	2632	4
ARHGAP1	3383	4
ZNF408	446	2
F2	0	0
CKAP5	9284	4
MIR5582	0	0
SNORD67	6	1
LRP4-AS1	8	1
LRP4	106	2
C11orf49	479	2
ARFGAP2	2403	4
PACSIN3	736	3
MIR6745	1	1
DDB2	790	3
ACP2	1492	3
NR1H3	261	2
MADD	1683	3
LOC101928943	0	0
MYBPC3	0	0
SPI1	0	0
MIR4487	0	0
SLC39A13	3763	4
PSMC3	9406	4
RAPSN	0	0
CELF1	4485	4
PTPMT1	1143	3
KBTBD4	398	2
NDUFS3	1699	3
FAM180B	0	0
C1QTNF4	0	0
MTCH2	3036	4
AGBL2	23	1
FNBP4	1489	3
NUP160	2997	4
PTPRJ	1506	3
MIR3161	0	0
OR4B1	0	0
OR4X2	0	0
OR4X1	0	0
OR4S1	0	0
OR4C3	0	0
OR4A47	0	0
TRIM49B	0	0
TRIM64C	0	0
FOLH1	0	0
LOC440040	0	0
OR4C13	0	0
OR4C12	0	0
OR4C45	0	0
LOC441601	0	0
LOC646813	0	0
OR4C46	0	0
OR4A5	0	0
TRIM48	0	0
TRIM51HP	0	0
OR4A16	0	0
OR4A15	0	0
OR4C15	0	0
OR4C16	0	0
OR4C11	0	0
OR4P4	0	0
OR4S2	0	0
OR4C6	0	0
OR5D13	0	0
OR5D14	0	0
OR5L1	0	0
OR5D18	0	0
OR5L2	0	0
OR5D16	0	0
TRIM51	0	0
OR5W2	0	0
OR5I1	0	0
OR10AG1	0	0
OR7E5P	0	0
OR5F1	0	0
OR5AS1	0	0
OR8I2	0	0
OR8H2	0	0
OR8H3	0	0
OR8J3	0	0
OR8K5	0	0
OR5J2	0	0
OR5T2	0	0
OR5T3	0	0
OR5T1	0	0
OR8H1	0	0
OR8K3	0	0
OR8K1	0	0
OR8J1	0	0
OR8U8	0	0
OR8U1	0	0
OR5R1	0	0
OR5M9	0	0
OR5M3	0	0
OR5M8	0	0
OR5M11	0	0
OR5M10	0	0
OR5M1	0	0
OR5AP2	0	0
OR5AR1	0	0
OR9G9	0	0
OR9G1	0	0
OR9G4	0	0
MIR6128	0	0
LOC101927120	0	0
OR5AK2	0	0
OR5AK4P	0	0
LRRC55	0	0
APLNR	0	0
TNKS1BP1	6760	4
SSRP1	8331	4
P2RX3	0	0
PRG3	0	0
PRG2	0	0
SLC43A3	10	1
RTN4RL2	58	2
SLC43A1	153	2
TIMM10	986	3
SMTNL1	50	2
UBE2L6	8459	4
SERPING1	32	1
MIR130A	1	1
YPEL4	15	1
CLP1	653	3
ZDHHC5	6317	4
MED19	886	3
TMX2	2565	4
TMX2-CTNND1	0	0
C11orf31	2008	3
BTBD18	3	1
CTNND1	145	2
OR9Q1	0	0
OR6Q1	0	0
OR9I1	0	0
OR9Q2	0	0
OR1S2	0	0
OR1S1	0	0
OR10Q1	4	1
OR10W1	0	0
OR5B17	0	0
OR5B3	0	0
OR5B2	0	0
OR5B12	0	0
OR5B21	0	0
LPXN	6166	4
ZFP91-CNTF	0	0
ZFP91	4886	4
CNTF	0	0
GLYAT	0	0
GLYATL2	121	2
GLYATL1	8	1
LOC283194	0	0
FAM111B	2884	4
LOC101927204	296	2
FAM111A	4628	4
DTX4	26	1
MPEG1	0	0
OR5AN1	0	0
OR5A2	0	0
OR5A1	0	0
OR4D6	0	0
OR4D10	0	0
OR4D11	0	0
OR4D9	0	0
OSBP	3054	4
MIR3162	0	0
PATL1	4324	4
OR10V1	0	0
OR10V2P	0	0
STX3	1436	3
MRPL16	1184	3
GIF	0	0
TCN1	0	0
OOSP1	0	0
OOSP2	0	0
MS4A3	0	0
MS4A2	0	0
MS4A6A	0	0
MIR6503	0	0
MS4A4A	0	0
MS4A6E	0	0
MS4A7	0	0
MS4A14	0	0
MS4A5	0	0
MS4A1	0	0
MS4A12	0	0
MS4A13	0	0
LINC00301	0	0
MS4A8	0	0
MS4A18	0	0
MS4A15	0	0
MS4A10	0	0
CCDC86	2589	4
PTGDR2	4	1
ZP1	8	1
PRPF19	4522	4
TMEM109	6242	4
TMEM132A	12111	4
SLC15A3	4077	4
CD6	0	0
CD5	1	1
VPS37C	1016	3
PGA3	0	0
PGA4	0	0
PGA5	8	1
VWCE	12	1
DDB1	9430	4
TKFC	759	3
CYB561A3	1571	3
TMEM138	875	3
TMEM216	375	2
CPSF7	2596	4
SDHAF2	1180	3
PPP1R32	6	1
MIR4488	0	0
LRRC10B	0	0
SYT7	10	1
LOC101927495	0	0
RPLP0P2	34	2
DAGLA	2	1
MYRF	12	1
DKFZP434K028	0	0
TMEM258	1526	3
MIR611	0	0
FEN1	5483	4
FADS1	7287	4
MIR1908	0	0
FADS2	8070	4
FADS3	3547	4
MIR6746	0	0
RAB3IL1	348	2
BEST1	72	2
FTH1	48328	4
INCENP	3306	4
SCGB1D1	0	0
SCGB2A1	0	0
SCGB1D2	0	0
SCGB2A2	0	0
SCGB1D4	0	0
ASRGL1	0	0
SCGB1A1	0	0
AHNAK	68995	4
EEF1G	23756	4
MIR3654	13	1
MIR6747	0	0
TUT1	610	3
MTA2	4491	4
EML3	1596	3
ROM1	72	2
B3GAT3	1781	3
GANAB	23369	4
INTS5	980	3
LBHD1	45	2
C11orf98	19	1
METTL12	85	2
SNORA57	24	1
UQCC3	620	3
UBXN1	2347	4
LRRN4CL	52	2
BSCL2	19	1
HNRNPUL2-BSCL2	0	0
GNG3	6	1
HNRNPUL2	1781	3
TTC9C	923	3
ZBTB3	86	2
POLR2G	1396	3
TAF6L	670	3
TMEM179B	1073	3
MIR6748	6	1
TMEM223	413	2
NXF1	1477	3
MIR6514	0	0
STX5	1803	3
WDR74	924	3
RNU2-2P	6	1
SNHG1	2306	4
SNORD22	65	2
SNORD31	129	2
SNORD30	2	1
SNORD29	12	1
SNORD28	42	2
SNORD27	8	1
SNORD26	6	1
SNORD25	26	1
SLC3A2	7610	4
CHRM1	0	0
SLC22A6	0	0
SLC22A8	0	0
SLC22A24	0	0
SLC22A25	0	0
SLC22A10	0	0
SLC22A9	0	0
HRASLS5	0	0
LGALS12	0	0
RARRES3	74	2
HRASLS2	10	1
PLA2G16	104	2
ATL3	7262	4
RTN3	4476	4
C11orf95	1330	3
C11orf84	1459	3
MARK2	1229	3
RCOR2	6	1
NAA40	915	3
RNU6-45P	0	0
COX8A	4436	4
OTUB1	2487	4
MACROD1	342	2
FLRT1	0	0
STIP1	8130	4
FERMT3	12	1
TRPT1	386	2
NUDT22	867	3
DNAJC4	179	2
VEGFB	1433	3
FKBP2	1693	3
PPP1R14B	10421	4
PLCB3	3758	4
BAD	1167	3
GPR137	865	3
KCNK4	6	1
TEX40	0	0
ESRRA	1318	3
TRMT112	3484	4
PRDX5	4650	4
CCDC88B	51	2
MIR7155	0	0
RPS6KA4	3985	4
MIR1237	0	0
LOC100996455	0	0
SLC22A11	0	0
SLC22A12	0	0
NRXN2	1	1
RASGRP2	0	0
PYGM	4	1
SF1	6571	4
MAP4K2	476	2
MEN1	1362	3
CDC42BPG	0	0
EHD1	7255	4
MIR192	0	0
MIR194-2	0	0
ATG2A	917	3
MIR6750	0	0
MIR6749	0	0
PPP2R5B	744	3
GPHA2	0	0
C11orf85	0	0
BATF2	929	3
ARL2	1137	3
ARL2-SNX15	6	1
MIR6879	0	0
SNX15	0	0
SAC3D1	632	3
NAALADL1	1	1
CDCA5	3548	4
ZFPL1	889	3
TMEM262	2	1
VPS51	1652	3
TM7SF2	44	2
ZNHIT2	300	2
FAU	9915	4
MRPL49	1812	3
SYVN1	1460	3
MIR6751	0	0
SPDYC	0	0
CAPN1	8771	4
SLC22A20	16	1
POLA2	2598	4
CDC42EP2	1433	3
DPF2	1695	3
TIGD3	4	1
SLC25A45	102	2
FRMD8	1434	3
NEAT1	2893	4
MIR612	0	0
MALAT1	26821	4
SCYL1	3600	4
LTBP3	3314	4
SSSCA1-AS1	14	1
SSSCA1	1000	3
FAM89B	1191	3
EHBP1L1	4587	4
KCNK7	14	1
MAP3K11	1780	3
PCNXL3	3290	4
MIR4690	0	0
SIPA1	1596	3
MIR4489	1	1
RELA	2940	4
KAT5	810	3
RNASEH2C	1289	3
AP5B1	1448	3
OVOL1	0	0
OVOL1-AS1	0	0
SNX32	2	1
CFL1	38966	4
MUS81	1566	3
EFEMP2	7424	4
CTSW	12	1
FIBP	2289	4
CCDC85B	7839	4
FOSL1	9818	4
C11orf68	2428	4
DRAP1	13561	4
TSGA10IP	0	0
SART1	3031	4
EIF1AD	976	3
BANF1	4415	4
CST6	0	0
CATSPER1	86	2
GAL3ST3	0	0
SF3B2	10600	4
PACS1	2698	4
KLC2	2581	4
RAB1B	8610	4
CNIH2	22	1
YIF1A	2511	4
TMEM151A	0	0
CD248	20296	4
RIN1	2647	4
BRMS1	1991	3
B4GAT1	1172	3
SLC29A2	15	1
NPAS4	10	1
MRPL11	1529	3
PELI3	331	2
LOC101928069	24	1
DPP3	2484	4
BBS1	309	2
ZDHHC24	604	3
ACTN3	0	0
CTSF	436	2
CCDC87	2	1
CCS	383	2
RBM14-RBM4	0	0
RBM14	1818	3
RBM4	1040	3
RBM4B	506	2
SPTBN2	6	1
C11orf80	421	2
RCE1	515	2
PC	670	3
LRFN4	1912	3
MIR3163	0	0
C11orf86	0	0
SYT12	0	0
MIR6860	0	0
RHOD	62	2
KDM2A	3131	4
ADRBK1	2627	4
ANKRD13D	765	3
SSH3	512	2
LOC100130987	7	1
POLD4	996	3
CLCF1	429	2
RAD9A	514	2
PPP1CA	4681	4
TBC1D10C	0	0
CARNS1	0	0
RPS6KB2	1747	3
PTPRCAP	23	1
CORO1B	3784	4
GPR152	0	0
CABP4	0	0
TMEM134	337	2
AIP	2102	4
MIR6752	0	0
PITPNM1	1798	3
CDK2AP2	850	3
CABP2	0	0
GSTP1	6357	4
C11orf72	0	0
NDUFV1	2920	4
DOC2GP	0	0
NUDT8	77	2
TBX10	0	0
ACY3	0	0
ALDH3B2	0	0
FAM86C2P	45	2
RNU6-46P	0	0
UNC93B1	2783	4
ALDH3B1	1743	3
NDUFS8	2138	4
MIR7113	2	1
MIR4691	13	1
TCIRG1	5749	4
MIR6753	11	1
CHKA	367	2
SUV420H1	800	3
C11orf24	2951	4
LRP5	461	2
PPP6R3	3633	4
GAL	0	0
MTL5	19	1
CPT1A	2543	4
MRPL21	867	3
IGHMBP2	534	2
MRGPRD	0	0
MRGPRF	3729	4
MRGPRF-AS1	23	1
TPCN2	408	2
MIR3164	3	1
LOC338694	0	0
MYEOV	20	1
LINC01488	0	0
CCND1	34607	4
ORAOV1	636	3
FGF19	0	0
FGF4	0	0
FGF3	0	0
LOC101928443	0	0
ANO1-AS2	0	0
ANO1	0	0
FADD	2143	4
PPFIA1	2305	4
MIR548K	0	0
CTTN	11842	4
SHANK2	237	2
SHANK2-AS1	0	0
SHANK2-AS3	0	0
MIR3664	0	0
FLJ42102	0	0
DHCR7	2324	4
NADSYN1	1150	3
MIR6754	0	0
KRTAP5-7	0	0
KRTAP5-8	0	0
KRTAP5-9	0	0
KRTAP5-10	0	0
KRTAP5-11	0	0
FAM86C1	191	2
ALG1L9P	7	1
ZNF705E	0	0
DEFB108B	0	0
LOC100133315	51	2
LOC100129216	0	0
RNF121	1172	3
IL18BP	98	2
NUMA1	5319	4
LOC100128494	44	2
MIR3165	0	0
LRTOMT	150	2
LAMTOR1	3378	4
ANAPC15	313	2
FOLR3	146	2
FOLR1	0	0
FOLR2	0	0
INPPL1	5572	4
PHOX2A	0	0
CLPB	863	3
LINC01537	4	1
PDE2A	0	0
MIR139	0	0
ARAP1	2966	4
STARD10	299	2
MIR4692	0	0
ATG16L2	289	2
FCHSD2	1622	3
MIR4459	2	1
P2RY2	0	0
P2RY6	0	0
ARHGEF17	5511	4
RELT	663	3
FAM168A	1713	3
PLEKHB1	0	0
RAB6A	5734	4
MRPL48	511	2
COA4	1870	3
PAAF1	364	2
DNAJB13	4	1
UCP2	184	2
UCP3	33	1
C2CD3	1207	3
PPME1	2057	3
P4HA3	44	2
LOC101928580	0	0
PGM2L1	140	2
MIR548AL	0	0
KCNE3	0	0
LIPT2	30	1
POLD3	1946	3
CHRDL2	0	0
MIR4696	0	0
RNF169	558	2
XRRA1	193	2
SPCS2	3106	4
NEU3	170	2
OR2AT4	0	0
SLCO2B1	0	0
TPBGL	0	0
ARRB1	532	2
MIR326	0	0
RPS3	26591	4
SNORD15A	1	1
SNORD15B	1	1
KLHL35	0	0
GDPD5	8	1
SERPINH1	27406	4
MAP6	0	0
MOGAT2	0	0
LOC283214	0	0
DGAT2	8	1
UVRAG	585	2
WNT11	0	0
PRKRIR	2849	4
LOC100506127	42	2
C11orf30	765	3
LRRC32	2	1
GUCY2EP	0	0
TSKU	1007	3
LOC101928837	1	1
ACER3	1514	3
B3GNT6	0	0
CAPN5	1189	3
OMP	0	0
MYO7A	2	1
GDPD4	0	0
PAK1	1548	3
LOC646029	0	0
AQP11	32	1
CLNS1A	2330	4
RSF1	1797	3
AAMDC	245	2
INTS4	962	3
NDUFC2-KCTD14	0	0
KCTD14	0	0
THRSP	0	0
NDUFC2	851	3
ALG8	1909	3
KCTD21-AS1	12	1
KCTD21	461	2
USP35	607	3
GAB2	432	2
LOC101928865	2	1
NARS2	589	2
LOC101928896	0	0
TENM4	30	1
MIR708	0	0
MIR5579	0	0
LOC101928944	0	0
LOC101928989	0	0
MIR4300	0	0
FAM181B	0	0
PRCP	2520	4
DDIAS	1153	3
RAB30	1270	3
SNORA70E	0	0
RAB30-AS1	110	2
PCF11	1640	3
ANKRD42	348	2
CCDC90B	1737	3
DLG2	3	1
TMEM126B	1076	3
TMEM126A	976	3
CREBZF	1814	3
CCDC89	0	0
SYTL2	792	3
CCDC83	0	0
PICALM	14170	4
EED	1134	3
MIR6755	1	1
C11orf73	1275	3
CCDC81	60	2
ME3	308	2
PRSS23	14864	4
OR7E2P	2	1
FZD4	309	2
LOC100506368	4	1
TMEM135	458	2
RAB38	516	2
MIR3166	0	0
CTSC	17963	4
GRM5-AS1	0	0
GRM5	0	0
RNU6-16P	0	0
TYR	0	0
NOX4	0	0
FOLH1B	0	0
TRIM77	0	0
TRIM49	0	0
TRIM53AP	0	0
TRIM64B	0	0
TRIM49D2	0	0
TRIM49D1	0	0
TRIM64	0	0
TRIM49C	0	0
UBTFL1	0	0
NAALAD2	78	2
CHORDC1	1565	3
DISC1FP1	0	0
MIR4490	0	0
MIR1261	0	0
FAT3	0	0
MTNR1B	0	0
SLC36A4	1113	3
CCDC67	0	0
SMCO4	102	2
CEP295	1215	3
SCARNA9	12	1
SNORA25	77	2
SNORA32	85	2
SNORD6	26	1
SNORA1	17	1
SNORA8	55	2
SNORD5	38	2
SNORA18	117	2
MIR1304	33	1
SNORA40	123	2
TAF1D	1288	3
C11orf54	544	2
MED17	1393	3
VSTM5	2	1
HEPHL1	67	2
PANX1	3559	4
IZUMO1R	0	0
GPR83	4	1
MRE11A	1175	3
MIR548L	2	1
ANKRD49	329	2
C11orf97	0	0
FUT4	244	2
PIWIL4	12	1
AMOTL1	5323	4
CWC15	1938	3
KDM4D	48	2
KDM4E	0	0
SRSF8	710	3
ENDOD1	1272	3
LOC101929295	0	0
SESN3	6	1
LOC100129203	0	0
FAM76B	697	3
CEP57	2417	4
MTMR2	2407	4
MAML2	1925	3
MIR1260B	0	0
CCDC82	2049	3
JRKL	618	3
JRKL-AS1	0	0
CNTN5	0	0
ARHGAP42	46	2
TMEM133	3	1
PGR	0	0
LOC101054525	0	0
TRPC6	0	0
MIR3920	0	0
ANGPTL5	0	0
CEP126	172	2
C11orf70	157	2
YAP1	10008	4
BIRC3	366	2
BIRC2	7695	4
TMEM123	15216	4
MMP7	6	1
MMP20	0	0
MMP27	0	0
MMP8	0	0
MMP10	116	2
WTAPP1	50	2
MMP1	418204	4
MMP3	39521	4
MMP12	24	1
MMP13	8	1
DCUN1D5	1754	3
DYNC2H1	1315	3
MIR4693	0	0
PDGFD	38	2
DDI1	0	0
MIR7641-1	0	0
LOC102723895	0	0
CASP12	6	1
LOC643733	82	2
CASP4	4796	4
CASP5	2	1
CASP1	4382	4
CARD16	1158	3
CASP1P2	1	1
CARD17	0	0
CARD18	0	0
GRIA4	20	1
MSANTD4	1243	3
KBTBD3	68	2
AASDHPPT	2001	3
LOC101928535	0	0
GUCY1A2	22	1
CWF19L2	862	3
ALKBH8	576	2
ELMOD1	16	1
LOC643923	0	0
SLN	0	0
SLC35F2	158	2
RAB39A	0	0
CUL5	2403	4
ACAT1	2288	4
NPAT	1054	3
ATM	2540	4
C11orf65	2	1
KDELC2	11072	4
EXPH5	0	0
DDX10	1537	3
C11orf87	2	1
ZC3H12C	2305	4
RDX	6008	4
FDX1	951	3
ARHGAP20	172	2
C11orf53	0	0
COLCA1	0	0
COLCA2	0	0
MIR4491	0	0
POU2AF1	0	0
LOC100132078	0	0
BTG4	2	1
MIR34B	0	0
MIR34C	0	0
C11orf88	2	1
LAYN	3123	4
SIK2	923	3
PPP2R1B	1405	3
ALG9	1059	3
FDXACB1	103	2
C11orf1	283	2
CRYAB	0	0
HSPB2	0	0
HSPB2-C11orf52	0	0
C11orf52	0	0
DIXDC1	287	2
DLAT	2556	4
PIH1D2	16	1
C11orf57	1314	3
TIMM8B	1395	3
SDHD	2371	4
IL18	105	2
TEX12	0	0
BCO2	8	1
PTS	1359	3
PLET1	4	1
LOC283140	6	1
LOC101928823	0	0
LOC387810	0	0
LOC101928847	0	0
NCAM1	0	0
NCAM1-AS1	0	0
TTC12	223	2
ANKK1	0	0
DRD2	0	0
MIR4301	0	0
TMPRSS5	6	1
ZW10	1386	3
CLDN25	0	0
USP28	1268	3
HTR3B	0	0
HTR3A	0	0
ZBTB16	0	0
NNMT	3551	4
LOC101928940	2	1
C11orf71	58	2
RBM7	2398	4
REXO2	3563	4
NXPE1	0	0
NXPE4	0	0
NXPE2	0	0
CADM1	4	1
LINC00900	2	1
BUD13	796	3
ZPR1	2323	4
APOA5	0	0
APOA4	0	0
APOC3	0	0
APOA1	0	0
APOA1-AS	2	1
SIK3	691	3
PAFAH1B2	4005	4
SIDT2	688	3
LOC100652768	59	2
TAGLN	33272	4
PCSK7	3296	4
RNF214	629	3
BACE1	5536	4
BACE1-AS	10	1
CEP164	2145	4
DSCAML1	0	0
FXYD2	0	0
FXYD6-FXYD2	0	0
FXYD6	0	0
TMPRSS13	0	0
IL10RA	0	0
TMPRSS4-AS1	0	0
TMPRSS4	0	0
SCN4B	0	0
SCN2B	0	0
AMICA1	0	0
MPZL3	0	0
MPZL2	0	0
CD3E	0	0
CD3D	0	0
CD3G	0	0
UBE4A	1740	3
LOC100131626	1	1
ATP5L	3311	4
KMT2A	3109	4
LOC101929089	2	1
TTC36	1	1
TMEM25	166	2
IFT46	654	3
ARCN1	12321	4
PHLDB1	4295	4
MIR6716	0	0
TREH	6	1
DDX6	5409	4
CXCR5	8	1
BCL9L	6632	4
MIR4492	0	0
UPK2	0	0
FOXR1	0	0
CCDC84	135	2
RPL23AP64	20	1
RPS25	13955	4
TRAPPC4	1583	3
MIR3656	0	0
SLC37A4	389	2
HYOU1	9436	4
VPS11	1170	3
HMBS	1149	3
H2AFX	7793	4
DPAGT1	1286	3
C2CD2L	535	2
HINFP	328	2
ABCG4	0	0
NLRX1	674	3
PDZD3	0	0
CCDC153	14	1
CBL	2591	4
MCAM	86	2
MIR6756	0	0
RNF26	2236	4
C1QTNF5	0	0
MFRP	0	0
USP2	0	0
USP2-AS1	4	1
THY1	14406	4
PVRL1	167	2
LOC102724301	0	0
TRIM29	10	1
OAF	3265	4
POU2F3	2	1
LOC649133	0	0
TMEM136	314	2
ARHGEF12	5937	4
GRIK4	0	0
TBCEL	953	3
TECTA	6	1
SC5D	1818	3
SORL1	24	1
MIR100HG	4247	4
MIR125B1	1	1
BLID	11	1
MIRLET7A2	0	0
MIR100	0	0
UBASH3B	3499	4
CRTAM	2	1
C11orf63	475	2
BSX	0	0
LOC341056	0	0
HSPA8	91251	4
SNORD14E	29	1
SNORD14D	15	1
SNORD14C	17	1
CLMP	11848	4
MIR4493	0	0
GRAMD1B	2147	4
SCN3B	6	1
ZNF202	543	2
OR6X1	0	0
OR6M1	0	0
TMEM225	0	0
OR8D4	0	0
OR4D5	0	0
OR6T1	0	0
OR10S1	0	0
OR10G4	0	0
OR10G9	0	0
OR10G8	0	0
OR10G7	0	0
VWA5A	8	1
OR8G2	0	0
OR8G1	0	0
OR8G5	0	0
OR8D1	0	0
OR8D2	0	0
OR8B2	0	0
OR8B3	0	0
OR8B4	0	0
OR8B8	0	0
OR8B12	0	0
OR8A1	0	0
PANX3	0	0
TBRG1	1385	3
SIAE	1057	3
SPA17	252	2
NRGN	126	2
VSIG2	2	1
ESAM	8	1
LOC101929340	10	1
MSANTD2	342	2
LOC100507283	18	1
ROBO3	150	2
ROBO4	26	1
HEPN1	0	0
HEPACAM	2	1
CCDC15	747	3
SLC37A2	791	3
TMEM218	518	2
PKNOX2-AS1	0	0
PKNOX2	0	0
FEZ1	0	0
LOC403312	0	0
EI24	4701	4
STT3A	13319	4
CHEK1	2485	4
ACRV1	18	1
PATE1	0	0
PATE2	0	0
PATE3	0	0
PATE4	0	0
HYLS1	545	2
PUS3	476	2
DDX25	4	1
CDON	16	1
RPUSD4	485	2
FAM118B	368	2
SRPR	8672	4
FOXRED1	561	2
TIRAP	282	2
DCPS	523	2
ST3GAL4-AS1	38	2
ST3GAL4	1493	3
KIRREL3	1803	3
LOC101929427	2	1
KIRREL3-AS2	1	1
MIR3167	0	0
KIRREL3-AS3	1	1
LOC101929473	0	0
LOC101929497	0	0
ETS1	5766	4
MIR6090	1	1
LOC101929517	0	0
FLI1	1058	3
SENCR	34	2
KCNJ1	0	0
KCNJ5	0	0
C11orf45	62	2
TP53AIP1	0	0
ARHGAP32	503	2
BARX2	0	0
LINC01395	0	0
TMEM45B	3	1
NFRKB	679	3
PRDM10	395	2
LINC00167	2	1
APLP2	26315	4
ST14	0	0
ZBTB44	586	2
ADAMTS8	2	1
ADAMTS15	40	2
MIR8052	0	0
C11orf44	2	1
LOC100507431	7	1
LOC103611081	92	2
SNX19	2311	4
NTM	2183	4
LOC101929653	0	0
C11orf39	0	0
NTM-IT	0	0
OPCML	0	0
LOC646522	0	0
SPATA19	0	0
MIR4697HG	0	0
MIR4697	0	0
IGSF9B	0	0
LOC100128239	0	0
JAM3	1880	3
NCAPD3	3556	4
VPS26B	1883	3
THYN1	588	2
ACAD8	529	2
GLB1L3	0	0
GLB1L2	0	0
B3GAT1	0	0
LOC283177	0	0
OR8U9	0	0
LOC100288778	473	2
IQSEC3	0	0
LOC574538	0	0
SLC6A12	0	0
LOC101929384	0	0
SLC6A13	8	1
LOC102723544	0	0
KDM5A	2459	4
CCDC77	810	3
B4GALNT3	0	0
NINJ2	2	1
LOC100049716	19	1
WNK1	5060	4
RAD52	303	2
ERC1	3879	4
LINC00942	33	1
FBXL14	301	2
WNT5B	7581	4
MIR3649	1	1
ADIPOR2	3357	4
CACNA2D4	0	0
LRTM2	0	0
LINC00940	0	0
DCP1B	391	2
CACNA1C-IT2	0	0
CACNA1C	1467	3
CACNA1C-AS4	2	1
CACNA1C-IT3	0	0
CACNA1C-AS2	2	1
CACNA1C-AS1	8	1
LOC283440	0	0
FKBP4	2793	4
ITFG2	421	2
NRIP2	35	2
LOC100507424	27	1
FOXM1	3860	4
RHNO1	1153	3
TULP3	1435	3
TEAD4	752	3
TSPAN9	2061	4
PRMT8	0	0
THCAT155	0	0
CRACR2A	0	0
PARP11	214	2
CCND2-AS1	0	0
CCND2	0	0
TIGAR	1084	3
FGF23	0	0
FGF6	0	0
C12orf4	1709	3
RAD51AP1	2690	4
DYRK4	669	3
AKAP3	16	1
NDUFA9	2812	4
LOC101929549	4	1
GALNT8	0	0
KCNA6	0	0
KCNA1	0	0
KCNA5	0	0
LOC101929584	0	0
NTF3	7	1
ANO2	2	1
VWF	34	2
CD9	4908	4
PLEKHG6	5	1
TNFRSF1A	4955	4
SCNN1A	2	1
LTBR	4275	4
CD27-AS1	232	2
CD27	14	1
TAPBPL	873	3
VAMP1	138	2
MRPL51	3923	4
NCAPD2	7183	4
SCARNA10	0	0
GAPDH	129048	4
IFFO1	1272	3
NOP2	2608	4
CHD4	11382	4
SCARNA11	1	1
LPAR5	0	0
ACRBP	0	0
ING4	283	2
ZNF384	1607	3
PIANP	39	2
COPS7A	4036	4
MLF2	7579	4
PTMS	10756	4
LAG3	20	1
CD4	10	1
GPR162	103	2
P3H3	7010	4
GNB3	152	2
CDCA3	1227	3
USP5	5875	4
TPI1	25353	4
SPSB2	353	2
RPL13P5	105	2
DSTNP2	174	2
LRRC23	102	2
ENO2	481	2
ATN1	6095	4
C12orf57	1757	3
RNU7-1	0	0
PTPN6	0	0
MIR200C	0	0
MIR141	0	0
PHB2	5689	4
SCARNA12	41	2
EMG1	1938	3
LPCAT3	1267	3
C1S	18682	4
C1R	33766	4
C1RL	1417	3
C1RL-AS1	202	2
RBP5	69	2
CLSTN3	485	2
PEX5	941	3
ACSM4	29	1
CD163L1	682	3
CD163	2	1
APOBEC1	0	0
GDF3	0	0
DPPA3	0	0
CLEC4C	0	0
NANOGNB	0	0
NANOG	0	0
SLC2A14	3	1
SLC2A3	1330	3
FOXJ2	1340	3
C3AR1	106	2
NECAP1	1376	3
CLEC4A	16	1
POU5F1P3	4	1
ZNF705A	0	0
FAM66C	36	2
FAM90A1	0	0
FAM86FP	175	2
LOC101927905	10	1
LINC00937	0	0
CLEC6A	0	0
CLEC4D	0	0
CLEC4E	0	0
AICDA	0	0
MFAP5	0	0
RIMKLB	693	3
A2ML1	0	0
PHC1	261	2
M6PR	3436	4
KLRG1	1	1
LINC00612	0	0
A2M-AS1	0	0
A2M	6	1
PZP	0	0
A2MP1	0	0
MIR1244-1	0	0
MIR1244-2	0	0
MIR1244-3	0	0
MIR1244-4	0	0
LINC00987	25	1
LOC642846	185	2
LOC101930452	1	1
LOC101928030	0	0
DDX12P	328	2
KLRB1	0	0
LOC374443	175	2
CLEC2D	113	2
CLECL1	0	0
CD69	0	0
KLRF1	22	1
CLEC2B	376	2
KLRF2	0	0
CLEC2A	0	0
LOC100506159	0	0
CLEC12A	0	0
CLEC1B	0	0
CLEC12B	2	1
LOC102724020	0	0
CLEC9A	0	0
CLEC1A	6	1
CLEC7A	2	1
OLR1	312	2
TMEM52B	18	1
GABARAPL1	1840	3
KLRD1	0	0
LOC101928100	0	0
KLRC4-KLRK1	0	0
KLRK1	0	0
KLRC4	0	0
KLRC3	0	0
KLRC2	0	0
KLRC1	0	0
KLRAP1	77	2
MAGOHB	1243	3
STYK1	339	2
YBX3	5933	4
LOC101928162	0	0
TAS2R7	0	0
TAS2R8	0	0
TAS2R9	0	0
TAS2R10	5	1
PRR4	0	0
PRH1-PRR4	0	0
PRH1	4	1
TAS2R13	0	0
PRH2	2	1
TAS2R14	12	1
TAS2R50	0	0
TAS2R20	12	1
TAS2R19	4	1
TAS2R31	0	0
TAS2R46	0	0
TAS2R43	4	1
TAS2R30	0	0
SMIM10L1	777	3
TAS2R42	0	0
PRB3	0	0
PRB4	0	0
PRB1	0	0
PRB2	0	0
LINC01252	16	1
ETV6	715	3
BCL2L14	0	0
LRP6	908	3
MANSC1	144	2
LOH12CR2	24	1
LOH12CR1	101	2
DUSP16	619	3
CREBL2	1375	3
GPR19	85	2
CDKN1B	2209	4
APOLD1	276	2
MIR613	1	1
DDX47	2615	4
RPL13AP20	22	1
GPRC5A	1135	3
MIR614	26	1
GPRC5D	11	1
HEBP1	1172	3
LOC100506314	102	2
HTR7P1	240	2
KIAA1467	145	2
GSG1	18	1
EMP1	28326	4
LINC01559	6	1
GRIN2B	0	0
ATF7IP	1438	3
PLBD1	1	1
PLBD1-AS1	0	0
GUCY2C	0	0
HIST4H4	10	1
H2AFJ	206	2
WBP11	3179	4
C12orf60	8	1
SMCO3	0	0
ART4	0	0
MGP	0	0
ERP27	0	0
ARHGDIB	122	2
PDE6H	0	0
LINC01489	0	0
RERG	0	0
RERG-AS1	0	0
PTPRO	0	0
EPS8	2902	4
STRAP	5506	4
DERA	1090	3
SLC15A5	0	0
MGST1	5950	4
LMO3	2	1
SKP1P2	0	0
MIR3974	0	0
RERGL	0	0
PIK3C2G	0	0
PLCZ1	0	0
CAPZA3	0	0
PLEKHA5	837	3
AEBP2	997	3
LOC100506393	0	0
PDE3A	6	1
SLCO1C1	0	0
SLCO1B3	0	0
SLCO1B7	0	0
SLCO1B1	0	0
SLCO1A2	0	0
IAPP	0	0
PYROXD1	619	3
RECQL	5427	4
GOLT1B	3818	4
SPX	0	0
GYS2	0	0
LDHB	17496	4
KCNJ8	0	0
ABCC9	10	1
CMAS	1618	3
ST8SIA1	0	0
C2CD5	1277	3
ETNK1	1273	3
LOC101928441	0	0
SOX5	0	0
MIR920	0	0
LOC101928471	0	0
LINC00477	0	0
BCAT1	7229	4
C12orf77	0	0
LRMP	0	0
CASC1	1	1
LYRM5	181	2
KRAS	1458	3
LMNTD1	98	2
MIR4302	0	0
RASSF8-AS1	152	2
RASSF8	5731	4
BHLHE41	134	2
SSPN	893	3
ITPR2	1183	3
ASUN	1752	3
FGFR1OP2	1853	3
TM7SF3	3327	4
MED21	983	3
C12orf71	4	1
STK38L	351	2
ARNTL2	3853	4
ARNTL2-AS1	1	1
SMCO2	8	1
PPFIBP1	3493	4
REP15	56	2
MRPS35	1937	3
MANSC4	2	1
KLHL42	2418	4
PTHLH	28	1
CCDC91	867	3
FAR2	756	3
LOC100506606	23	1
ERGIC2	3008	4
OVCH1-AS1	0	0
OVCH1	0	0
TMTC1	117	2
IPO8	3109	4
CAPRIN2	843	3
LINC00941	275	2
TSPAN11	14	1
DDX11-AS1	12	1
DDX11	1069	3
FAM60A	868	3
FLJ13224	0	0
DENND5B	827	3
DENND5B-AS1	4	1
METTL20	78	2
AMN1	192	2
H3F3C	10	1
KIAA1551	977	3
BICD1	581	2
FGD4	30	1
DNM1L	3546	4
YARS2	827	3
PKP2	0	0
SYT10	0	0
ALG10	303	2
ALG10B	334	2
CPNE8	0	0
KIF21A	108	2
ABCD2	2	1
C12orf40	0	0
SLC2A13	446	2
LRRK2	344	2
MUC19	4	1
CNTN1	0	0
PDZRN4	0	0
GXYLT1	1396	3
YAF2	588	2
ZCRB1	1695	3
MIR7851	0	0
PPHLN1	2150	4
PRICKLE1	68	2
LOC101927058	0	0
ADAMTS20	4	1
PUS7L	902	3
IRAK4	1050	3
TWF1	7321	4
TMEM117	238	2
NELL2	0	0
DBX2	0	0
RACGAP1P	2	1
PLEKHA8P1	100	2
ANO6	5239	4
LINC00938	109	2
ARID2	697	3
SCAF11	4608	4
SLC38A1	4745	4
SLC38A2	40596	4
LOC100288798	31	1
SLC38A4	176	2
AMIGO2	1831	3
PCED1B	61	2
MIR4698	0	0
PCED1B-AS1	0	0
MIR4494	0	0
RPAP3	1688	3
ENDOU	16	1
RAPGEF3	118	2
SLC48A1	321	2
HDAC7	3990	4
VDR	971	3
TMEM106C	3609	4
COL2A1	0	0
SENP1	1828	3
PFKM	1934	3
MIR6505	0	0
ASB8	755	3
CCDC184	22	1
OR10AD1	0	0
H1FNT	0	0
ZNF641	182	2
ANP32D	0	0
C12orf54	0	0
OR8S1	0	0
LALBA	0	0
KANSL2	905	3
SNORA34	0	0
MIR1291	0	0
SNORA2A	6	1
SNORA2B	0	0
CCNT1	1654	3
LINC00935	0	0
ADCY6	2352	4
MIR4701	1	1
LOC100506125	3	1
CACNB3	1343	3
DDX23	4160	4
RND1	0	0
CCDC65	2	1
FKBP11	189	2
ARF3	9196	4
WNT10B	64	2
WNT1	0	0
DDN	9	1
PRKAG1	2204	4
KMT2D	5506	4
RHEBL1	75	2
DHH	0	0
LMBR1L	300	2
TUBA1B	99413	4
TUBA1A	10718	4
TUBA1C	33626	4
LOC101927267	2	1
PRPH	0	0
TROAP	727	3
C1QL4	16	1
DNAJC22	392	2
SPATS2	1123	3
LOC100335030	6	1
KCNH3	2	1
MCRS1	2080	4
FAM186B	17	1
PRPF40B	204	2
FMNL3	1639	3
TMBIM6	23703	4
NCKAP5L	850	3
BCDIN3D-AS1	12	1
BCDIN3D	83	2
FAIM2	14	1
LOC283332	0	0
LOC101927292	0	0
AQP2	0	0
LOC101927318	0	0
AQP5	0	0
AQP6	1	1
RACGAP1	6489	4
ASIC1	48	2
SMARCD1	2117	4
GPD1	0	0
COX14	516	2
CERS5	1554	3
LIMA1	12318	4
MIR1293	0	0
FAM186A	2	1
LARP4	2773	4
DIP2B	2780	4
ATF1	1314	3
TMPRSS12	0	0
METTL7A	178	2
HIGD1C	1	1
SLC11A2	1797	3
LETMD1	797	3
CSRNP2	1628	3
TFCP2	1168	3
POU6F1	239	2
DAZAP2	4756	4
SMAGP	655	3
BIN2	0	0
CELA1	0	0
GALNT6	7572	4
SLC4A8	819	3
SCN8A	1227	3
FIGNL2	2	1
ANKRD33	0	0
ACVRL1	179	2
ACVR1B	650	3
GRASP	24	1
NR4A1	366	2
ATG101	2168	4
OR7E47P	0	0
KRT80	391	2
C12orf80	0	0
LINC00592	0	0
KRT7	402	2
KRT81	58	2
KRT86	45	2
KRT83	1	1
KRT85	0	0
KRT84	0	0
KRT82	0	0
KRT75	0	0
KRT6B	0	0
KRT6C	0	0
KRT6A	0	0
KRT5	0	0
KRT71	0	0
KRT74	0	0
KRT72	0	0
KRT73	0	0
KRT73-AS1	0	0
KRT2	0	0
KRT1	0	0
KRT77	0	0
KRT76	0	0
KRT3	0	0
KRT4	0	0
KRT79	2	1
KRT78	0	0
KRT8	759	3
KRT18	6797	4
EIF4B	11542	4
LOC283335	48	2
TNS2	1465	3
MIR6757	2	1
SPRYD3	1997	3
IGFBP6	6687	4
SOAT2	14	1
CSAD	208	2
ZNF740	894	3
ITGB7	11	1
RARG	1509	3
MFSD5	1697	3
ESPL1	2350	4
PFDN5	7385	4
C12orf10	1375	3
AAAS	1392	3
SP7	4	1
SP1	3249	4
AMHR2	0	0
PRR13	2257	4
PCBP2	10592	4
PCBP2-OT1	4	1
MAP3K12	692	3
TARBP2	932	3
NPFF	43	2
ATF7	779	3
LOC100652999	0	0
ATP5G2	4372	4
CALCOCO1	1583	3
CISTR	0	0
HOXC13-AS	0	0
HOXC13	0	0
HOXC12	0	0
HOTAIR	59	2
HOXC11	136	2
HOXC-AS3	2	1
HOXC10	4	1
MIR196A2	0	0
HOXC-AS2	2	1
HOXC-AS1	0	0
HOXC9	22	1
HOXC8	2	1
HOXC4	2	1
HOXC5	0	0
HOXC6	11	1
MIR615	0	0
FLJ12825	0	0
LOC100240735	0	0
LOC100240734	0	0
LOC400043	4	1
SMUG1	714	3
CBX5	7233	4
MIR3198-2	0	0
HNRNPA1	33680	4
NFE2	26	1
COPZ1	4140	4
MIR148B	0	0
LOC102724050	6	1
GPR84	0	0
ZNF385A	180	2
ITGA5	33137	4
GTSF1	0	0
NCKAP1L	0	0
PDE1B	0	0
PPP1R1A	0	0
GLYCAM1	0	0
LACRT	0	0
DCD	0	0
MUCL1	0	0
TESPA1	0	0
NEUROD4	0	0
OR9K2	0	0
OR10A7	0	0
OR6C74	0	0
OR6C6	0	0
OR6C1	0	0
OR6C3	0	0
OR6C75	0	0
OR6C65	0	0
OR6C76	0	0
OR6C2	0	0
OR6C70	0	0
OR6C68	0	0
OR6C4	0	0
OR2AP1	0	0
OR10P1	0	0
METTL7B	0	0
ITGA7	55	2
BLOC1S1	237	2
BLOC1S1-RDH5	0	0
RDH5	6	1
CD63	35544	4
GDF11	497	2
SARNP	2878	4
ORMDL2	1021	3
DNAJC14	2109	4
TMEM198B	115	2
MMP19	556	2
WIBG	824	3
DGKA	1027	3
PMEL	28	1
CDK2	5904	4
RAB5B	4305	4
SUOX	313	2
IKZF4	235	2
RPS26	7226	4
ERBB3	58	2
PA2G4	11686	4
RPL41	27357	4
ZC3H10	362	2
ESYT1	9232	4
MYL6B	1354	3
MYL6	58648	4
SMARCC2	3298	4
RNF41	1800	3
NABP2	1736	3
SLC39A5	6	1
ANKRD52	7122	4
COQ10A	190	2
CS	5425	4
CNPY2	3843	4
PAN2	504	2
IL23A	50	2
STAT2	10524	4
APOF	0	0
TIMELESS	2859	4
MIP	0	0
SPRYD4	380	2
GLS2	22	1
RBMS2	4741	4
BAZ2A	4049	4
ATP5B	21676	4
SNORD59B	2	1
SNORD59A	1	1
PTGES3	11385	4
NACA	16425	4
PRIM1	866	3
HSD17B6	24	1
SDR9C7	0	0
RDH16	0	0
GPR182	0	0
ZBTB39	412	2
TAC3	2	1
MYO1A	0	0
NEMP1	2646	4
NAB2	2569	4
STAT6	6946	4
LRP1	33678	4
LRP1-AS	0	0
MIR1228	0	0
NXPH4	57	2
SHMT2	4392	4
NDUFA4L2	22	1
STAC3	22	1
R3HDM2	1089	3
INHBC	0	0
INHBE	8	1
GLI1	78	2
ARHGAP9	1	1
MARS	4917	4
MIR6758	3	1
DDIT3	685	3
MIR616	7	1
MBD6	749	3
DCTN2	4458	4
KIF5A	2	1
PIP4K2C	1718	3
DTX3	732	3
ARHGEF25	619	3
LOC101927583	6	1
SLC26A10	251	2
B4GALNT1	698	3
OS9	12106	4
AGAP2	27	1
AGAP2-AS1	40	2
TSPAN31	613	3
CDK4	6618	4
MIR6759	3	1
MARCH9	493	2
CYP27B1	20	1
METTL1	665	3
METTL21B	217	2
TSFM	1226	3
AVIL	85	2
CTDSP2	6506	4
MIR26A2	0	0
LOC100506844	186	2
XRCC6BP1	150	2
LOC101927653	0	0
LOC100506869	0	0
LRIG3	1054	3
SLC16A7	1830	3
FAM19A2	10	1
USP15	3872	4
MIR6125	0	0
MON2	1821	3
LINC01465	24	1
MIRLET7I	2	1
PPM1H	70	2
AVPR1A	0	0
DPY19L2	192	2
TMEM5	776	3
TMEM5-AS1	0	0
SRGAP1	1873	3
C12orf66	194	2
C12orf56	0	0
XPOT	5630	4
TBK1	2002	3
RASSF3	1579	3
MIR548C	0	0
MIR548Z	0	0
GNS	8420	4
TBC1D30	14	1
FLJ41278	0	0
WIF1	0	0
LEMD3	1659	3
MSRB3	8308	4
LOC100507065	41	2
RPSAP52	217	2
HMGA2	22850	4
LOC100129940	54	2
MIR6074	0	0
LLPH	2247	4
LLPH-AS1	10	1
TMBIM4	2936	4
IRAK3	1127	3
MIR6502	0	0
HELB	73	2
GRIP1	2	1
LOC102724421	0	0
CAND1	7099	4
LOC100507175	0	0
DYRK2	1534	3
LOC101927901	0	0
LINC01479	0	0
IFNG-AS1	0	0
IFNG	0	0
IL26	0	0
IL22	0	0
MDM1	419	2
LOC100507195	0	0
RAP1B	6700	4
SNORA70G	1	1
LOC100507250	2	1
NUP107	3333	4
SLC35E3	501	2
LOC100130075	0	0
MDM2	2939	4
CPM	90	2
CPSF6	2987	4
MIR1279	0	0
LYZ	0	0
YEATS4	883	3
FRS2	1168	3
MIR3913-1	0	0
MIR3913-2	0	0
CCT2	11080	4
LRRC10	0	0
BEST3	40	2
LOC101928002	0	0
RAB3IP	87	2
MYRFL	0	0
LINC01481	9	1
CNOT2	1996	3
KCNMB4	22	1
PTPRB	67	2
PTPRR	18	1
TSPAN8	0	0
LGR5	0	0
ZFC3H1	1594	3
THAP2	106	2
TMEM19	1384	3
RAB21	2134	4
TBC1D15	2130	4
MRS2P2	0	0
TPH2	0	0
TRHDE-AS1	128	2
TRHDE	772	3
LOC101928137	0	0
LOC100507377	0	0
ATXN7L3B	2294	4
KCNC2	0	0
CAPS2	64	2
GLIPR1L1	11	1
GLIPR1L2	4	1
GLIPR1	6606	4
KRR1	1268	3
PHLDA1	15125	4
NAP1L1	14133	4
BBS10	591	2
OSBPL8	3657	4
ZDHHC17	942	3
CSRP2	274	2
E2F7	2655	4
NAV3	4511	4
SYT1	22	1
MIR1252	0	0
PAWR	1231	3
PPP1R12A	5033	4
OTOGL	6	1
PTPRQ	182	2
MYF6	0	0
MYF5	0	0
LINC01490	0	0
LIN7A	35	2
MIR617	0	0
MIR618	0	0
ACSS3	6	1
MIR4699	0	0
PPFIA2	0	0
LOC102724663	0	0
LOC101928449	0	0
CCDC59	1193	3
METTL25	141	2
TMTC2	60	2
SLC6A15	158	2
TSPAN19	6	1
LRRIQ1	14	1
ALX1	0	0
RASSF9	2	1
NTS	2	1
MGAT4C	0	0
MKRN9P	0	0
C12orf50	2	1
C12orf29	1119	3
CEP290	1891	3
TMTC3	5252	4
KITLG	5850	4
LOC728084	0	0
DUSP6	1639	3
POC1B	425	2
POC1B-GALNT4	0	0
GALNT4	47	2
ATP2B1	15217	4
LINC00936	119	2
LINC00615	0	0
CCER1	0	0
EPYC	0	0
KERA	0	0
LUM	21366	4
DCN	9341	4
C12orf79	4	1
BTG1	3093	4
CLLU1OS	0	0
CLLU1	0	0
C12orf74	0	0
PLEKHG7	0	0
EEA1	3118	4
LOC643339	0	0
LOC102724933	0	0
NUDT4	2274	4
UBE2N	5172	4
MRPL42	2450	4
SOCS2-AS1	66	2
SOCS2	1875	3
CRADD	792	3
LOC101928731	0	0
PLXNC1	40	2
CEP83	377	2
CEP83-AS1	8	1
MIR5700	0	0
TMCC3	14	1
MIR7844	0	0
MIR492	0	0
KRT19P2	0	0
NDUFA12	912	3
NR2C1	607	3
FGD6	227	2
VEZT	2452	4
MIR331	0	0
MIR3685	3	1
METAP2	5333	4
USP44	0	0
PGAM1P5	2	1
NTN4	4084	4
SNRPF	1478	3
CCDC38	0	0
AMDHD1	10	1
HAL	0	0
LTA4H	895	3
ELK3	4393	4
CDK17	2968	4
CFAP54	10	1
NEDD1	2805	4
RMST	1	1
MIR1251	0	0
MIR135A2	0	0
LOC643711	0	0
RNU6-36P	0	0
MIR4495	0	0
MIR4303	0	0
SLC9A7P1	0	0
LOC643770	0	0
TMPO-AS1	199	2
TMPO	9233	4
SLC25A3	14258	4
SNORA53	8	1
IKBIP	8712	4
APAF1	1628	3
ANKS1B	10	1
LOC101928937	0	0
FAM71C	0	0
UHRF1BP1L	2193	4
GOLGA2P5	14	1
MIR1827	0	0
ACTR6	846	3
DEPDC4	21	1
SCYL2	2343	4
SLC17A8	0	0
NR1H4	0	0
GAS2L3	1128	3
ANO4	1044	3
SLC5A8	0	0
UTP20	2558	4
ARL1	4319	4
SPIC	0	0
MYBPC1	0	0
CHPT1	1375	3
SYCP3	3	1
GNPTAB	2682	4
DRAM1	3319	4
CCDC53	837	3
NUP37	1662	3
PARPBP	737	3
PMCH	2	1
IGF1	0	0
LINC00485	0	0
PAH	0	0
ASCL1	0	0
LOC101929058	0	0
C12orf42	0	0
LOC101929084	0	0
STAB2	2	1
NT5DC3	366	2
TTC41P	9	1
HSP90B1	63619	4
MIR3652	0	0
C12orf73	119	2
TDG	1090	3
GLT8D2	1593	3
HCFC2	1315	3
NFYB	1016	3
TXNRD1	44057	4
EID3	20	1
CHST11	24	1
MIR3922	0	0
SLC41A2	231	2
C12orf45	235	2
ALDH1L2	2179	4
LOC414300	7	1
KIAA1033	7037	4
APPL2	2472	4
KCCAT198	12	1
C12orf75	23853	4
CASC18	0	0
NUAK1	599	2
CKAP4	46644	4
TCP11L2	65	2
POLR3B	1059	3
LOC100287944	2	1
RFX4	0	0
LOC100505978	0	0
RIC8B	588	2
TMEM263	4469	4
MTERF2	140	2
CRY1	769	3
BTBD11	0	0
PWP1	3134	4
PRDM4	1774	3
LOC101929162	10	1
ASCL4	0	0
LOC728739	0	0
WSCD2	0	0
CMKLR1	150	2
LINC01498	0	0
FICD	507	2
SART3	2738	4
ISCU	1591	3
TMEM119	2174	4
SELPLG	116	2
MIR4496	1	1
CORO1C	20584	4
SSH1	3636	4
MIR619	1	1
DAO	0	0
SVOP	0	0
USP30	164	2
USP30-AS1	21	1
ALKBH2	487	2
UNG	822	3
ACACB	144	2
FOXN4	0	0
LINC01486	0	0
MYO1H	3	1
KCTD10	4343	4
UBE3B	1615	3
MMAB	732	3
MVK	605	3
FAM222A	6	1
FAM222A-AS1	4	1
TRPV4	52	2
MIR4497	0	0
GLTP	2348	4
TCHP	1119	3
GIT2	1994	3
ANKRD13A	6554	4
C12orf76	32	1
IFT81	553	2
ATP2A2	20160	4
ANAPC7	2219	4
ARPC3	8458	4
GPN3	1270	3
FAM216A	542	2
VPS29	2998	4
RAD9B	31	1
PPTC7	864	3
TCTN1	561	2
HVCN1	5	1
PPP1CC	5666	4
CCDC63	0	0
MYL2	0	0
LINC01405	0	0
CUX2	2	1
MIR6760	0	0
FAM109A	207	2
SH2B3	8491	4
ATXN2	1372	3
BRAP	975	3
ACAD10	457	2
ALDH2	521	2
MIR6761	0	0
MAPKAPK5-AS1	153	2
MAPKAPK5	850	3
ADAM1A	34	2
TMEM116	252	2
ERP29	3402	4
NAA25	2068	4
MIR3657	1	1
TRAFD1	2045	3
HECTD4	1194	3
MIR6861	0	0
RPL6	31671	4
PTPN11	7908	4
MIR1302-1	0	0
RPH3A	0	0
OAS1	17473	4
OAS3	7828	4
OAS2	15852	4
DTX1	0	0
RASAL1	0	0
CCDC42B	0	0
DDX54	3652	4
MIR7106	0	0
RITA1	960	3
IQCD	53	2
TPCN1	3939	4
MIR6762	0	0
SLC8B1	473	2
PLBD2	2618	4
SDS	5	1
SDSL	303	2
LHX5	0	0
LHX5-AS1	0	0
LINC01234	0	0
RBM19	1937	3
TBX5	1430	3
TBX5-AS1	1645	3
TBX3	10234	4
MED13L	3781	4
MIR620	0	0
MIR4472-2	0	0
LINC00173	4	1
MAP1LC3B2	12	1
C12orf49	1444	3
RNFT2	40	2
HRK	0	0
FBXW8	1229	3
LOC100506551	0	0
TESC	0	0
TESC-AS1	0	0
FBXO21	1583	3
NOS1	0	0
KSR2	0	0
RFC5	1338	3
WSB2	4244	4
VSIG10	712	3
PEBP1	6724	4
TAOK3	2028	3
SUDS3	1773	3
SRRM4	0	0
HSPB8	426	2
LINC00934	0	0
CCDC60	0	0
TMEM233	0	0
PRKAB1	987	3
CIT	2988	4
MIR1178	0	0
CCDC64	20	1
RAB35	3411	4
GCN1	7931	4
MIR4498	0	0
RPLP0	51615	4
PXN-AS1	29	1
PXN	7787	4
RNU4-2	0	0
RNU4-1	0	0
SIRT4	8	1
PLA2G1B	0	0
MSI1	0	0
COX6A1	4658	4
TRIAP1	812	3
GATC	1192	3
SRSF9	2860	4
DYNLL1	9330	4
NRAV	242	2
COQ5	1016	3
RNF10	3247	4
POP5	774	3
CABP1	8	1
MLEC	14393	4
UNC119B	1345	3
MIR4700	0	0
ACADS	255	2
SPPL3	1253	3
XLOC_009911	0	0
HNF1A-AS1	0	0
HNF1A	16	1
C12orf43	729	3
OASL	4063	4
P2RX7	4	1
P2RX4	443	2
CAMKK2	2001	3
ANAPC5	4135	4
RNF34	1416	3
KDM2B	1435	3
MIR7107	0	0
MIR548AQ	0	0
ORAI1	926	3
MORN3	3	1
TMEM120B	736	3
RHOF	2	1
LINC01089	73	2
SETD1B	1793	3
HPD	0	0
PSMD9	2249	4
WDR66	441	2
BCL7A	497	2
MLXIP	1764	3
LRRC43	0	0
IL31	0	0
B3GNT4	2	1
DIABLO	1823	3
LOC101593348	6	1
VPS33A	1052	3
CLIP1	5443	4
CLIP1-AS1	0	0
ZCCHC8	1053	3
RSRC2	2771	4
KNTC1	3424	4
HCAR2	6	1
HCAR3	0	0
HCAR1	0	0
DENR	3403	4
CCDC62	4	1
HIP1R	486	2
VPS37B	1156	3
ABCB9	73	2
OGFOD2	574	2
ARL6IP4	5506	4
PITPNM2	581	2
MIR4304	0	0
LOC100507091	4	1
MPHOSPH9	958	3
C12orf65	654	3
CDK2AP1	7782	4
SBNO1	1605	3
MIR8072	5	1
SETD8	2147	4
RILPL2	750	3
SNRNP35	431	2
RILPL1	793	3
MIR3908	0	0
LOC101927415	12	1
TMED2	14363	4
DDX55	889	3
EIF2B1	2274	4
GTF2H3	1889	3
TCTN2	522	2
ATP6V0A2	1067	3
DNAH10	16	1
CCDC92	983	3
ZNF664	2056	3
ZNF664-FAM101A	1	1
FAM101A	0	0
NCOR2	8519	4
MIR6880	0	0
SCARB1	997	3
UBC	43089	4
MIR5188	0	0
DHX37	2119	4
BRI3BP	300	2
THRIL	258	2
AACS	1133	3
TMEM132B	242	2
LINC00939	0	0
LOC101927464	0	0
LOC100128554	0	0
LOC100996671	0	0
LINC00944	0	0
LINC00943	0	0
LOC440117	0	0
LOC101927592	0	0
LOC101927616	0	0
LOC101927637	0	0
FLJ37505	0	0
LINC00508	0	0
LINC00507	0	0
CRAT8	0	0
LOC100996679	0	0
LOC101927694	0	0
MIR4419B	0	0
TMEM132C	0	0
MIR3612	0	0
SLC15A4	1511	3
GLT1D1	0	0
TMEM132D	0	0
LOC283352	0	0
LOC101927735	0	0
LOC100190940	0	0
FZD10-AS1	0	0
FZD10	0	0
PIWIL1	0	0
RIMBP2	0	0
STX2	2176	4
RAN	22455	4
ADGRD1	0	0
LACAT8	0	0
LINC01257	0	0
LOC338797	0	0
SFSWAP	1487	3
MMP17	894	3
ULK1	660	3
PUS1	1026	3
EP400	3587	4
SNORA49	0	0
EP400NL	98	2
DDX51	1510	3
NOC4L	853	3
GALNT9	0	0
LOC100130238	0	0
LOC101928416	0	0
FBRSL1	623	3
MIR6763	0	0
LRCOL1	0	0
P2RX2	2	1
POLE	4037	4
PXMP2	562	2
PGAM5	1633	3
ANKLE2	4708	4
GOLGA3	5812	4
CHFR	665	3
LOC101928530	0	0
ZNF605	398	2
ZNF26	355	2
LOC101928597	0	0
ZNF84	586	2
ZNF140	218	2
ZNF891	8	1
ZNF10	128	2
ZNF268	91	2
ANHX	0	0
TAS2R45	0	0
FAM230C	0	0
LINC00417	0	0
ANKRD20A9P	0	0
RNU6-55P	0	0
RNU6-76P	0	0
LINC00408	0	0
LINC00442	0	0
RNU6-52P	0	0
TUBA3C	0	0
LOC101928697	0	0
ANKRD26P3	0	0
LINC00421	0	0
TPTE2	4	1
LINC00350	0	0
MPHOSPH8	1656	3
PSPC1	2103	4
ZMYM5	387	2
ZMYM2	832	3
LINC01072	0	0
GJA3	0	0
GJB2	0	0
GJB6	0	0
CRYL1	210	2
MIR4499	0	0
IFT88	407	2
IL17D	117	2
N6AMT2	260	2
XPO4	1661	3
LINC00367	0	0
LATS2	2616	4
SAP18	4975	4
SKA3	1973	3
MRPL57	1529	3
LINC01046	0	0
MIPEPP3	12	1
LINC00539	1	1
ZDHHC20	5484	4
MICU2	2244	4
RNU6-59P	0	0
FGF9	0	0
LINC00424	0	0
LINC00540	0	0
BASP1P1	0	0
SGCG	4	1
RNU6-58P	0	0
SACS	5968	4
SACS-AS1	5	1
LINC00327	381	2
TNFRSF19	2970	4
MIPEP	1081	3
C1QTNF9B-AS1	3	1
C1QTNF9B	6	1
ANKRD20A19P	0	0
SPATA13	1448	3
MIR2276	0	0
SPATA13-AS1	0	0
C1QTNF9	0	0
LINC00566	0	0
PARP4	6444	4
TPTE2P6	10	1
ATP12A	0	0
RNF17	0	0
CENPJ	1588	3
TPTE2P1	0	0
PABPC3	16	1
AMER2	0	0
LINC00463	0	0
LINC01053	0	0
MTMR6	3763	4
NUPL1	3915	4
ATP8A2	0	0
RNU6-78P	0	0
SHISA2	0	0
RNF6	2276	4
CDK8	500	2
WASF3	840	3
GPR12	0	0
USP12	1674	3
USP12-AS1	0	0
USP12-AS2	4	1
LINC00412	0	0
SNORD102	14	1
SNORA27	7	1
RASL11A	22	1
GTF3A	2490	4
MTIF3	879	3
RNU6-63P	0	0
LNX2	370	2
POLR1D	1768	3
GSX1	0	0
PDX1-AS1	0	0
PDX1	0	0
ATP5EP2	14	1
CDX2	0	0
URAD	0	0
FLT3	0	0
PAN3-AS1	43	2
PAN3	827	3
RNU6-82P	0	0
FLT1	8198	4
POMP	6488	4
SLC46A3	67	2
RNU6-53P	0	0
MTUS2	0	0
MTUS2-AS1	0	0
SLC7A1	12085	4
UBL3	5276	4
LINC00297	0	0
LINC00572	0	0
LINC00544	0	0
LINC00365	0	0
KATNAL1	2593	4
RNU6-64P	0	0
LINC00426	0	0
LINC01058	0	0
HMGB1	21539	4
USPL1	818	3
ALOX5AP	0	0
LINC00398	0	0
LINC00545	3	1
TEX26-AS1	0	0
MEDAG	0	0
TEX26	0	0
HSPH1	6825	4
B3GLCT	828	3
RXFP2	0	0
EEF1DP3	0	0
FRY-AS1	0	0
FRY	40	2
ZAR1L	0	0
BRCA2	1488	3
N4BP2L1	2	1
N4BP2L2	1339	3
MINOS1P1	12	1
N4BP2L2-IT2	18	1
PDS5B	2033	3
LINC00423	0	0
KL	0	0
STARD13	2874	4
STARD13-AS	10	1
RFC3	1960	3
LINC00457	0	0
NBEA	338	2
MAB21L1	713	3
LINC00445	0	0
DCLK1	0	0
SOHLH2	0	0
CCDC169-SOHLH2	0	0
CCDC169	0	0
RNU6-71P	0	0
SPG20	4338	4
SPG20-AS1	5	1
CCNA1	0	0
SERTM1	0	0
RFXAP	232	2
SMAD9	401	2
ALG5	1645	3
EXOSC8	1495	3
SUPT20H	1655	3
CSNK1A1L	2	1
LINC01048	0	0
LINC00547	4	1
POSTN	324	2
TRPC4	1477	3
LINC00571	13	1
UFM1	4239	4
LINC00437	0	0
LINC00366	0	0
FREM2	0	0
RNU6-56P	0	0
STOML3	0	0
PROSER1	758	3
NHLRC3	815	3
LHFP	2888	4
COG6	1490	3
MIR4305	0	0
LINC00332	0	0
LINC00548	0	0
LINC00598	0	0
FOXO1	18	1
MIR320D1	0	0
MRPS31	614	3
SLC25A15	471	2
TPTE2P5	13	1
MIR621	0	0
SUGT1P3	2	1
ELF1	2848	4
WBP4	1438	3
MIR3168	0	0
KBTBD6	717	3
LOC101929140	29	1
KBTBD7	71	2
MTRF1	279	2
NAA16	657	3
RNU6-57P	0	0
OR7E37P	0	0
RGCC	20	1
VWA8	739	3
MIR5006	0	0
VWA8-AS1	2	1
DGKH	520	2
AKAP11	3586	4
TNFSF11	0	0
FAM216B	0	0
LINC01050	2	1
LINC00428	0	0
EPSTI1	3165	4
DNAJC15	2088	4
LINC00400	18	1
ENOX1	459	2
ENOX1-AS2	0	0
CCDC122	137	2
LACC1	790	3
LINC00284	0	0
SMIM2-AS1	2	1
SMIM2	0	0
SMIM2-IT1	0	0
MIR8079	0	0
SERP2	0	0
TUSC8	0	0
TSC22D1	2632	4
TSC22D1-AS1	37	2
LINC00330	0	0
NUFIP1	438	2
GPALPP1	734	3
LOC101929259	0	0
GTF2F2	1652	3
RNU6-69P	0	0
KCTD4	2	1
TPT1	51888	4
SNORA31	4	1
TPT1-AS1	169	2
SLC25A30	585	2
SLC25A30-AS1	0	0
COG3	1363	3
ERICH6B	0	0
LINC01055	0	0
SPERT	0	0
SIAH3	0	0
ZC3H13	2642	4
CPB2-AS1	0	0
CPB2	2	1
LCP1	38	2
LRRC63	0	0
LINC00563	0	0
KIAA0226L	0	0
RNU6-68P	0	0
LINC01198	0	0
LRCH1	1181	3
ESD	4196	4
HTR2A	2	1
HTR2A-AS1	0	0
LINC00562	0	0
SUCLA2	2155	4
NUDT15	1317	3
MED4	893	3
MED4-AS1	0	0
ITM2B	9980	4
LINC00441	0	0
RB1	4275	4
LPAR6	178	2
RCBTB2	384	2
LINC00462	0	0
CYSLTR2	0	0
FNDC3A	7594	4
MLNR	0	0
CDADC1	222	2
CAB39L	377	2
SETDB2	728	3
PHF11	1780	3
RCBTB1	1098	3
ARL11	0	0
EBPL	546	2
KPNA3	4335	4
CTAGE10P	0	0
SPRYD7	914	3
DLEU2	137	2
MIR3613	0	0
TRIM13	783	3
KCNRG	12	1
MIR16-1	0	0
MIR15A	0	0
DLEU1	299	2
ST13P4	14	1
DLEU1-AS1	0	0
DLEU7	0	0
DLEU7-AS1	0	0
RNASEH2B-AS1	1	1
RNASEH2B	847	3
GUCY1B2	4	1
LINC00371	0	0
FAM124A	0	0
SERPINE3	0	0
MIR5693	0	0
INTS6	1781	3
INTS6-AS1	14	1
MIR4703	0	0
WDFY2	1536	3
DHRS12	55	2
LINC00282	0	0
CCDC70	0	0
ATP7B	4	1
ALG11	366	2
UTP14C	1092	3
NEK5	2	1
LOC101929657	0	0
NEK3	570	2
MRPS31P5	116	2
LOC103191607	0	0
THSD1	196	2
VPS36	1319	3
CKAP2	4431	4
TPTE2P3	0	0
HNRNPA1L2	154	2
SUGT1	2311	4
LECT1	0	0
MIR759	0	0
PCDH8	0	0
OLFM4	0	0
LINC01065	0	0
LINC00558	0	0
LINC00458	0	0
MIR1297	0	0
MIR5007	0	0
PRR20E	0	0
PRR20B	0	0
PRR20C	0	0
PRR20D	0	0
PRR20A	0	0
PCDH17	0	0
LOC101926897	0	0
DIAPH3	4372	4
DIAPH3-AS1	0	0
DIAPH3-AS2	0	0
LINC00434	0	0
TDRD3	421	2
LINC00378	0	0
MIR3169	0	0
PCDH20	0	0
LINC00358	0	0
LINC01075	0	0
LINC00448	0	0
LINC00376	0	0
LINC00395	0	0
OR7E156P	0	0
RNU6-81P	0	0
LOC102723968	0	0
MIR548X2	0	0
MIR4704	0	0
PCDH9	1844	3
PCDH9-AS2	0	0
PCDH9-AS3	0	0
PCDH9-AS4	0	0
LINC00364	0	0
LINC00550	0	0
LINC00383	0	0
KLHL1	0	0
ATXN8OS	0	0
LINC00348	0	0
DACH1	0	0
MZT1	2417	4
BORA	774	3
DIS3	3231	4
PIBF1	935	3
RNU6-79P	0	0
KLF5	430	2
RNU6-66P	0	0
LINC00392	0	0
KLF12	405	2
LINC00381	0	0
LINC00347	0	0
CTAGE11P	0	0
TBC1D4	684	3
COMMD6	1255	3
UCHL3	793	3
LMO7-AS1	5	1
LMO7	8540	4
LMO7DN	0	0
LMO7DN-IT1	0	0
KCTD12	276	2
BTF3P11	0	0
IRG1	0	0
CLN5	1513	3
FBXL3	2093	4
MYCBP2	4090	4
MYCBP2-AS1	0	0
SCEL	0	0
SCEL-AS1	0	0
LOC100129307	0	0
SLAIN1	0	0
MIR3665	0	0
EDNRB-AS1	0	0
EDNRB	0	0
LINC01069	0	0
LINC00446	0	0
RNF219-AS1	0	0
POU4F1	0	0
RNF219	624	3
LINC00331	0	0
RBM26	2045	3
RBM26-AS1	33	1
NDFIP2-AS1	0	0
NDFIP2	3015	4
LINC01068	1	1
LINC01038	0	0
LINC00382	0	0
LINC01080	0	0
SPRY2	2234	4
LINC00377	0	0
LINC00564	0	0
RNU6-67P	0	0
SLITRK1	4	1
LINC00333	0	0
LINC00375	0	0
LINC00351	0	0
RNU6-72P	0	0
SLITRK6	26	1
MIR4500HG	0	0
MIR4500	0	0
SLITRK5	0	0
LINC00397	0	0
LOC105370306	0	0
LINC00433	0	0
LINC01047	0	0
LINC00440	0	0
LINC01040	0	0
LINC00353	0	0
LINC00559	0	0
MIR622	0	0
LINC01049	0	0
RNU6-75P	0	0
LINC00410	0	0
LINC00380	0	0
LINC00379	0	0
MIR17HG	84	2
MIR17	0	0
MIR18A	0	0
MIR19A	0	0
MIR20A	0	0
MIR19B1	0	0
MIR92A1	0	0
GPC5	0	0
GPC5-AS2	0	0
MIR548AS	0	0
GPC5-AS1	0	0
LINC00363	0	0
GPC6	22	1
GPC6-AS2	0	0
GPC6-AS1	0	0
DCT	0	0
TGDS	615	3
GPR180	2495	4
LOC101927248	0	0
SOX21	0	0
SOX21-AS1	0	0
LOC101927284	0	0
LINC00557	0	0
ABCC4	1811	3
CLDN10	8	1
CLDN10-AS1	0	0
DZIP1	2564	4
DNAJC3-AS1	42	2
DNAJC3	3772	4
UGGT2	2358	4
HS6ST3	0	0
MIR4501	0	0
LINC00359	0	0
OXGR1	0	0
LINC00456	0	0
MBNL2	868	3
RAP2A	1012	3
IPO5	19833	4
FARP1	3099	4
RNF113B	0	0
MIR3170	0	0
STK24	5375	4
SLC15A1	0	0
DOCK9	394	2
DOCK9-AS1	0	0
RNU6-83P	0	0
DOCK9-AS2	8	1
UBAC2-AS1	14	1
UBAC2	1783	3
GPR18	6	1
GPR183	68	2
FKSG29	0	0
MIR623	0	0
LINC01232	4	1
TM9SF2	9568	4
LINC01039	0	0
CLYBL	3	1
MIR4306	0	0
CLYBL-AS2	0	0
CLYBL-AS1	0	0
LOC101927437	0	0
ZIC5	0	0
ZIC2	0	0
LINC00554	0	0
PCCA	318	2
PCCA-AS1	0	0
GGACT	24	1
TMTC4	202	2
NALCN-AS1	0	0
LINC00411	0	0
NALCN	55	2
ITGBL1	4157	4
FGF14	53	2
MIR2681	0	0
MIR4705	0	0
FGF14-IT1	0	0
FGF14-AS1	0	0
FGF14-AS2	0	0
TPP2	2767	4
METTL21C	0	0
CCDC168	18	1
TEX30	914	3
KDELC1	832	3
BIVM	559	2
BIVM-ERCC5	0	0
ERCC5	91	2
METTL21EP	6	1
SLC10A2	0	0
LINC01309	0	0
DAOA-AS1	0	0
DAOA	0	0
LINC00343	0	0
LINC00460	21	1
EFNB2	2983	4
ARGLU1	2934	4
LINC00551	0	0
LINC00443	0	0
FAM155A	6	1
MIR1267	0	0
FAM155A-IT1	0	0
LIG4	688	3
ABHD13	812	3
TNFSF13B	1068	3
MYO16	4	1
MYO16-AS1	0	0
LINC00399	0	0
LINC00676	0	0
IRS2	550	2
LINC00396	0	0
COL4A1	62752	4
COL4A2	79150	4
MIR8073	0	0
COL4A2-AS1	13	1
RAB20	114	2
CARKD	1336	3
CARS2	1603	3
ING1	651	3
LINC00346	18	1
ANKRD10	881	3
LINC00431	2	1
LINC00368	0	0
ARHGEF7-AS2	0	0
ARHGEF7	1909	3
ARHGEF7-AS1	0	0
LOC101060553	4	1
TEX29	2	1
LINC00354	0	0
LINC00403	0	0
SOX1	0	0
LINC01070	0	0
LOC101928730	0	0
LINC01044	0	0
SPACA7	0	0
TUBGCP3	1812	3
ATP11AUN	0	0
ATP11A	559	2
ATP11A-AS1	0	0
MCF2L-AS1	0	0
MCF2L	0	0
F7	0	0
F10	24	1
F10-AS1	0	0
PROZ	11	1
PCID2	2622	4
CUL4A	5927	4
MIR8075	3	1
LAMP1	14131	4
GRTP1	13	1
GRTP1-AS1	0	0
LOC101928841	42	2
ADPRHL1	30	1
DCUN1D2	250	2
TMCO3	4649	4
TFDP1	8922	4
ATP4B	2	1
GRK1	0	0
LINC00552	0	0
TMEM255B	202	2
GAS6-AS1	38	2
GAS6	21693	4
GAS6-AS2	295	2
LINC00452	13	1
LINC00565	71	2
RASA3	3730	4
CDC16	2570	4
MIR548AR	2	1
MIR4502	0	0
UPF3A	1755	3
CHAMP1	1337	3
LINC01054	0	0
OR11H12	0	0
LOC642426	0	0
POTEM	0	0
LOC100508046	0	0
DUXAP10	0	0
LINC01296	0	0
BMS1P18	0	0
BMS1P17	0	0
POTEG	0	0
LOC101929572	0	0
POTEH-AS1	0	0
OR11H2	0	0
OR4Q3	0	0
OR4M1	0	0
OR4N2	0	0
OR4K2	0	0
OR4K5	0	0
OR4K1	0	0
OR4K15	0	0
OR4K14	0	0
OR4K13	0	0
OR4L1	0	0
OR4K17	0	0
OR4N5	0	0
OR11G2	0	0
OR11H6	0	0
OR11H4	0	0
TTC5	590	2
CCNB1IP1	895	3
SNORD126	0	0
RPPH1	36	2
PARP2	1374	3
TEP1	860	3
KLHL33	0	0
OSGEP	629	3
APEX1	6249	4
TMEM55B	1234	3
PNP	1811	3
RNASE10	0	0
RNASE9	0	0
RNASE11	0	0
LOC254028	0	0
RNASE12	0	0
OR6S1	0	0
ANG	54	2
RNASE4	232	2
EDDM3A	0	0
EDDM3B	0	0
RNASE6	0	0
RNASE1	0	0
RNASE3	0	0
ECRP	0	0
RNASE2	0	0
METTL17	642	3
LOC101929718	14	1
SLC39A2	0	0
NDRG2	6	1
MIR6717	0	0
TPPP2	0	0
RNASE13	0	0
RNASE7	0	0
RNASE8	1	1
ARHGEF40	5001	4
ZNF219	709	3
TMEM253	4	1
OR5AU1	0	0
LINC00641	103	2
HNRNPC	24339	4
RPGRIP1	7	1
SUPT16H	10169	4
CHD8	2600	4
SNORD9	0	0
SNORD8	6	1
RAB2B	754	3
TOX4	2681	4
METTL3	1394	3
SALL2	0	0
OR10G3	0	0
OR10G2	0	0
OR4E2	0	0
DAD1	5011	4
ABHD4	828	3
OXA1L	2081	4
SLC7A7	40	2
MRPL52	2062	4
MMP14	28928	4
LRP10	13701	4
REM2	4	1
RBM23	2507	4
PRMT5-AS1	2	1
PRMT5	2320	4
LOC101926933	6	1
HAUS4	904	3
MIR4707	0	0
AJUBA	3401	4
C14orf93	251	2
PSMB5	5709	4
PSMB11	0	0
CDH24	545	2
ACIN1	5884	4
C14orf119	2303	4
CEBPE	2	1
SLC7A8	115	2
RNF212B	0	0
HOMEZ	166	2
PPP1R3E	224	2
BCL2L2	1441	3
BCL2L2-PABPN1	0	0
PABPN1	417	2
SLC22A17	2	1
EFS	0	0
IL25	0	0
CMTM5	0	0
MYH6	0	0
MIR208A	0	0
MYH7	3	1
MHRT	0	0
MIR208B	0	0
NGDN	930	3
THTPA	274	2
ZFHX2	5	1
AP1G2	50	2
LOC102724814	24	1
JPH4	0	0
DHRS2	10	1
DHRS4-AS1	391	2
DHRS4	262	2
DHRS4L2	337	2
DHRS4L1	7	1
LRRC16B	0	0
CPNE6	0	0
NRL	14	1
PCK2	1027	3
DCAF11	1500	3
FITM1	1	1
PSME1	7133	4
EMC9	504	2
PSME2	8557	4
MIR7703	0	0
RNF31	2618	4
IRF9	3814	4
REC8	224	2
IPO4	2538	4
TM9SF1	4577	4
TSSK4	22	1
CHMP4A	1323	3
MDP1	23	1
NEDD8-MDP1	0	0
NEDD8	2125	4
GMPR2	1348	3
TINF2	2045	3
TGM1	48	2
RABGGTA	972	3
DHRS1	451	2
NOP9	1579	3
CIDEB	0	0
LTB4R2	22	1
LTB4R	203	2
ADCY4	6	1
RIPK3	0	0
NFATC4	2393	4
NYNRIN	704	3
CBLN3	112	2
KHNYN	2357	4
SDR39U1	170	2
LOC101927045	84	2
CMA1	7	1
CTSG	0	0
GZMH	0	0
GZMB	0	0
STXBP6	991	3
NOVA1	0	0
LOC101927062	0	0
LOC102724890	2	1
LOC101927081	0	0
MIR4307	0	0
LINC00645	0	0
MIR3171	0	0
FOXG1-AS1	2	1
FOXG1	0	0
LINC01551	0	0
PRKD1	1651	3
G2E3	1388	3
SCFD1	3487	4
COCH	0	0
LOC100506071	0	0
STRN3	1504	3
MIR624	0	0
AP4S1	295	2
HECTD1	6008	4
HEATR5A	1428	3
LOC101927124	0	0
DTD2	325	2
GPR33	0	0
NUBPL	289	2
ARHGAP5-AS1	4	1
ARHGAP5	1828	3
AKAP6	80	2
NPAS3	6	1
EGLN3	0	0
SPTSSA	1108	3
EAPP	974	3
SNX6	8374	4
CFL2	6057	4
BAZ1A	4080	4
IGBP1P1	0	0
SRP54	3920	4
FAM177A1	1770	3
LOC101927178	2	1
PPP2R3C	1166	3
KIAA0391	1341	3
PSMA6	8215	4
NFKBIA	3021	4
INSM2	4	1
RALGAPA1	548	2
BRMS1L	404	2
LINC00609	0	0
PTCSC3	0	0
MBIP	675	3
SFTA3	0	0
NKX2-1	0	0
NKX2-1-AS1	0	0
NKX2-8	0	0
PAX9	0	0
SLC25A21	0	0
MIR4503	0	0
SLC25A21-AS1	3	1
MIPOL1	133	2
FOXA1	10	1
TTC6	0	0
SSTR1	5248	4
CLEC14A	0	0
LINC00639	0	0
SEC23A	10113	4
GEMIN2	370	2
TRAPPC6B	1095	3
PNN	3213	4
MIA2	0	0
CTAGE5	795	3
LOC100288846	10	1
FBXO33	985	3
LOC644919	0	0
LRFN5	0	0
FSCB	0	0
C14orf28	87	2
LOC101927418	4	1
KLHL28	326	2
FAM179B	718	3
PRPF39	1182	3
SNORD127	0	0
FKBP3	3107	4
FANCM	914	3
MIS18BP1	2677	4
LINC00871	0	0
RPL10L	0	0
MDGA2	0	0
MIR548Y	0	0
LINC00648	0	0
RPS29	8787	4
RN7SL1	4438	4
LRR1	1420	3
RPL36AL	5143	4
MGAT2	4108	4
DNAAF2	520	2
POLE2	488	2
KLHDC1	95	2
KLHDC2	1178	3
NEMF	2888	4
RN7SL2	8720	4
ARF6	9186	4
MIR6076	0	0
LINC01588	26	1
LINC01599	3	1
VCPKMT	248	2
SOS2	600	2
L2HGDH	744	3
MIR4504	0	0
ATP5S	263	2
CDKL1	209	2
MAP4K5	4043	4
ATL1	735	3
SAV1	1678	3
NIN	2711	4
ABHD12B	0	0
PYGL	406	2
TRIM9	0	0
TMX1	5074	4
LINC00640	4	1
FRMD6-AS2	0	0
FRMD6	16417	4
FRMD6-AS1	32	1
GNG2	531	2
LOC102723604	0	0
C14orf166	3671	4
NID2	16704	4
PTGDR	0	0
PTGER2	48	2
TXNDC16	186	2
GPR137C	112	2
ERO1A	5498	4
PSMC6	4815	4
STYX	1234	3
GNPNAT1	3135	4
FERMT2	8441	4
DDHD1	617	3
LOC101927620	0	0
MIR5580	0	0
BMP4	147	2
CDKN3	1239	3
CNIH1	4131	4
GMFB	6218	4
CGRRF1	433	2
SAMD4A	2288	4
GCH1	206	2
MIR4308	0	0
WDHD1	2301	4
SOCS4	1178	3
MAPK1IP1L	2419	4
LGALS3	4897	4
DLGAP5	3695	4
FBXO34	754	3
ATG14	621	3
TBPL2	0	0
KTN1-AS1	33	1
KTN1	11035	4
RPL13AP3	2	1
LINC00520	0	0
PELI2	208	2
TMEM260	742	3
OTX2	0	0
OTX2-AS1	0	0
EXOC5	4416	4
AP5M1	1002	3
NAA30	1344	3
C14orf105	0	0
SLC35F4	0	0
C14orf37	20	1
ACTR10	2984	4
PSMA3	5375	4
PSMA3-AS1	462	2
ARID4A	779	3
TOMM20L	10	1
TIMM9	777	3
KIAA0586	1103	3
DACT1	78	2
LINC01500	0	0
DAAM1	171	2
GPR135	52	2
L3HYPDH	897	3
JKAMP	2892	4
CCDC175	0	0
RTN1	4	1
MIR5586	0	0
LRRC9	0	0
PCNXL4	3517	4
DHRS7	2106	4
PPM1A	1310	3
C14orf39	0	0
SIX6	0	0
SALRNA1	2	1
SIX1	778	3
SIX4	817	3
MNAT1	1610	3
TRMT5	821	3
SLC38A6	730	3
TMEM30B	0	0
PRKCH	14	1
LOC101927780	4	1
FLJ22447	0	0
HIF1A-AS1	2	1
HIF1A	10606	4
HIF1A-AS2	1	1
SNAPC1	1164	3
SYT16	22	1
LINC00643	0	0
LINC00644	0	0
KCNH5	0	0
RHOJ	0	0
GPHB5	0	0
PPP2R5E	1863	3
WDR89	488	2
SGPP1	976	3
SYNE2	1224	3
MIR548H1	0	0
ESR2	2	1
TEX21P	1	1
MTHFD1	5232	4
ZBTB25	202	2
AKAP5	88	2
ZBTB1	1357	3
LOC102723809	0	0
HSPA2	366	2
PPP1R36	7	1
PLEKHG3	324	2
SPTB	63	2
MIR7855	0	0
CHURC1	2137	4
CHURC1-FNTB	0	0
GPX2	4	1
RAB15	149	2
FNTB	50	2
MAX	1590	3
MIR4706	0	0
LOC100506321	6	1
LOC100128233	0	0
MIR4708	0	0
FUT8	2866	4
FUT8-AS1	8	1
MIR625	0	0
LINC00238	0	0
GPHN	506	2
FAM71D	2	1
MPP5	2635	4
ATP6V1D	3457	4
EIF2S1	7347	4
PLEK2	30	1
MIR5694	0	0
TMEM229B	23	1
PLEKHH1	0	0
PIGH	306	2
ARG2	246	2
VTI1B	1389	3
RDH11	3744	4
RDH12	6	1
ZFYVE26	1780	3
RAD51B	311	2
ZFP36L1	4466	4
ACTN1	47110	4
ACTN1-AS1	0	0
DCAF5	1525	3
EXD2	838	3
GALNT16	4	1
ERH	5803	4
SLC39A9	2602	4
PLEKHD1	2	1
CCDC177	0	0
SUSD6	928	3
LOC100289511	4	1
SRSF5	2954	4
SLC10A1	0	0
SMOC1	0	0
SLC8A3	0	0
ADAM21P1	0	0
SYNJ2BP-COX16	0	0
COX16	62	2
SYNJ2BP	1090	3
ADAM21	12	1
ADAM20P1	8	1
ADAM20	0	0
MED6	1052	3
LOC101928075	0	0
TTC9	0	0
LINC01269	0	0
MAP3K9	0	0
PCNX	2726	4
SNORD56B	0	0
LOC145474	0	0
SIPA1L1	2029	3
RGS6	2	1
MIR7843	0	0
DPF3	870	3
DCAF4	420	2
ZFYVE1	777	3
RBM25	4737	4
PSEN1	2485	4
PAPLN	6	1
NUMB	3221	4
HEATR4	3	1
C14orf169	597	2
ACOT1	319	2
ACOT2	1576	3
ACOT4	0	0
ACOT6	0	0
DNAL1	551	2
PNMA1	2542	4
ELMSAN1	991	3
MIR4505	0	0
LOC100506476	36	2
PTGR2	169	2
ZNF410	1930	3
FAM161B	366	2
COQ6	529	2
ENTPD5	284	2
CCDC176	121	2
ALDH6A1	218	2
LIN52	594	2
VSX2	0	0
ABCD4	459	2
VRTN	0	0
SYNDIG1L	0	0
NPC2	2865	4
MIR4709	0	0
ISCA2	734	3
LTBP2	8804	4
AREL1	2040	3
FCF1	2869	4
YLPM1	3048	4
PROX2	20	1
DLST	5722	4
RPS6KL1	7	1
PGF	26	1
EIF2B2	1249	3
MLH3	34	2
ACYP1	213	2
ZC2HC1C	20	1
NEK9	2766	4
TMED10	13110	4
FOS	32	1
LINC01220	1	1
JDP2	1231	3
BATF	4	1
LOC102724153	0	0
FLVCR2	4	1
C14orf1	1247	3
TTLL5	1021	3
TGFB3	37	2
IFT43	266	2
GPATCH2L	1263	3
ESRRB	0	0
VASH1	78	2
LOC100506603	10	1
ANGEL1	310	2
LRRC74A	0	0
IRF2BPL	3092	4
LOC283575	0	0
LOC102724190	0	0
CIPC	286	2
ZDHHC22	0	0
TMEM63C	0	0
NGB	0	0
MIR1260A	0	0
POMT2	1096	3
GSTZ1	264	2
TMED8	121	2
SAMD15	30	1
NOXRED1	6	1
VIPAS39	741	3
AHSA1	3351	4
ISM2	0	0
SPTLC2	4977	4
ALKBH1	480	2
SLIRP	2200	4
SNW1	3254	4
C14orf178	0	0
ADCK1	116	2
NRXN3	18	1
DIO2	457	2
DIO2-AS1	0	0
CEP128	519	2
TSHR	0	0
GTF2A1	1921	3
SNORA79	0	0
STON2	0	0
LOC100506700	0	0
SEL1L	5972	4
LINC01467	0	0
LINC00911	0	0
FLRT2	2278	4
LOC101928767	0	0
LOC283585	0	0
GALC	515	2
GPR65	0	0
LOC101928791	0	0
LINC01146	0	0
KCNK10	0	0
SPATA7	231	2
PTPN21	1887	3
ZC3H14	2683	4
EML5	39	2
TTC8	875	3
FOXN3	985	3
FOXN3-AS1	32	1
FOXN3-AS2	0	0
EFCAB11	382	2
TDP1	864	3
KCNK13	0	0
PSMC1	6130	4
NRDE2	181	2
CALM1	16646	4
LINC00642	0	0
TTC7B	333	2
LOC101928909	0	0
RPS6KA5	42	2
C14orf159	1025	3
SNORA11B	0	0
GPR68	84	2
CCDC88C	0	0
PPP4R3A	2445	4
CATSPERB	0	0
TC2N	2	1
FBLN5	4707	4
TRIP11	2654	4
ATXN3	590	2
NDUFB1	1021	3
CPSF2	4177	4
SLC24A4	0	0
RIN3	1150	3
LGMN	2551	4
GOLGA5	3200	4
CHGA	0	0
ITPK1	1578	3
ITPK1-AS1	0	0
MOAP1	302	2
TMEM251	269	2
C14orf142	417	2
UBR7	2755	4
BTBD7	1548	3
UNC79	15	1
COX8C	0	0
PRIMA1	0	0
FAM181A-AS1	0	0
FAM181A	0	0
ASB2	0	0
MIR4506	0	0
LINC00521	0	0
OTUB2	20	1
DDX24	7268	4
IFI27L1	435	2
IFI27	2759	4
IFI27L2	1475	3
PPP4R4	16	1
SERPINA10	0	0
SERPINA6	4	1
SERPINA2	0	0
SERPINA1	0	0
SERPINA11	0	0
SERPINA9	0	0
SERPINA12	0	0
SERPINA4	0	0
SERPINA5	0	0
SERPINA3	0	0
SERPINA13P	0	0
GSC	0	0
DICER1	2006	3
MIR3173	0	0
DICER1-AS1	2	1
CLMN	0	0
LOC101929080	0	0
LINC00341	469	2
SYNE3	826	3
SNHG10	104	2
SCARNA13	0	0
GLRX5	1199	3
TCL6	0	0
TCL1B	0	0
TCL1A	0	0
TUNAR	0	0
C14orf132	954	3
BDKRB2	2403	4
BDKRB1	2288	4
ATG2B	1087	3
GSKIP	1228	3
AK7	2	1
LOC730202	2	1
PAPOLA	6417	4
VRK1	1606	3
LINC00618	0	0
LOC101929241	0	0
LOC100129345	0	0
LINC01550	0	0
C14orf177	0	0
BCL11B	0	0
SETD3	1991	3
CCNK	2046	3
CCDC85C	445	2
HHIPL1	8	1
CYP46A1	0	0
EML1	1960	3
EVL	599	2
MIR151B	0	0
MIR342	0	0
DEGS2	0	0
YY1	4714	4
MIR6764	0	0
SLC25A29	346	2
MIR345	0	0
SLC25A47	0	0
WARS	9190	4
WDR25	366	2
BEGAIN	2	1
LINC00523	0	0
DLK1	2	1
MIR2392	0	0
MEG3	3694	4
MIR770	0	0
MIR493	1	1
MIR337	4	1
MIR665	0	0
RTL1	38	2
MIR431	0	0
MIR433	0	0
MIR127	0	0
MIR432	0	0
MIR136	0	0
MEG8	62	2
SNORD112	5	1
MIR370	7	1
SNORD113-1	2	1
SNORD113-2	0	0
SNORD113-3	3	1
SNORD113-4	1	1
SNORD113-5	0	0
SNORD113-6	0	0
SNORD113-7	0	0
SNORD113-8	0	0
SNORD113-9	2	1
SNORD114-1	6	1
SNORD114-2	0	0
SNORD114-3	0	0
SNORD114-4	1	1
SNORD114-5	0	0
SNORD114-6	0	0
SNORD114-7	0	0
SNORD114-8	2	1
SNORD114-9	0	0
SNORD114-10	11	1
SNHG24	92	2
SNORD114-11	0	0
SNORD114-12	0	0
SNORD114-13	2	1
SNORD114-14	0	0
SNORD114-15	0	0
SNORD114-16	0	0
SNORD114-17	1	1
SNORD114-18	0	0
SNORD114-19	0	0
SNORD114-20	1	1
SNORD114-21	0	0
SNORD114-22	0	0
SNORD114-23	0	0
SNORD114-24	0	0
SNORD114-25	0	0
SNORD114-26	1	1
SNORD114-27	0	0
SNORD114-28	2	1
SNORD114-29	0	0
SNORD114-30	0	0
SNORD114-31	1	1
MIR379	0	0
MIR411	1	1
MIR299	0	0
MIR380	4	1
MIR1197	0	0
MIR323A	0	0
MIR758	0	0
MIR329-1	0	0
MIR329-2	0	0
MIR494	0	0
MIR1193	0	0
MIR543	0	0
MIR495	0	0
MIR376C	0	0
MIR376A2	0	0
MIR654	0	0
MIR376B	0	0
MIR376A1	3	1
MIR300	0	0
MIR1185-1	4	1
MIR1185-2	0	0
MIR381HG	4	1
MIR381	0	0
MIR487B	3	1
MIR539	1	1
MIR889	1	1
MIR544A	0	0
MIR655	0	0
MIR487A	3	1
MIR382	0	0
MIR134	2	1
MIR668	0	0
MIR485	0	0
MIR323B	0	0
MIR154	0	0
MIR496	0	0
MIR377	1	1
MIR541	0	0
MIR409	1	1
MIR412	0	0
MIR369	0	0
MIR410	1	1
MIR656	5	1
MEG9	117	2
LINC00524	0	0
DIO3OS	0	0
MIR1247	0	0
DIO3	0	0
LINC00239	0	0
PPP2R5C	3245	4
DYNC1H1	29094	4
HSP90AA1	75590	4
WDR20	952	3
MOK	569	2
ZNF839	450	2
CINP	1166	3
TECPR2	1662	3
ANKRD9	957	3
MIR4309	0	0
RCOR1	1282	3
TRAF3	1681	3
AMN	4	1
CDC42BPB	5751	4
EXOC3L4	4	1
TNFAIP2	1135	3
LINC00605	0	0
EIF5	11606	4
SNORA28	0	0
MARK3	2034	3
CKB	124	2
TRMT61A	1495	3
BAG5	1761	3
APOPT1	1180	3
KLC1	7107	4
XRCC3	1116	3
ZFYVE21	985	3
PPP1R13B	46	2
LINC00637	0	0
C14orf2	1982	3
TDRD9	0	0
RD3L	0	0
ASPG	0	0
MIR203A	0	0
MIR203B	0	0
KIF26A	0	0
C14orf180	0	0
TMEM179	0	0
MIR4710	0	0
INF2	5101	4
ADSSL1	9	1
SIVA1	2087	4
AKT1	11035	4
ZBTB42	367	2
LINC00638	36	2
CEP170B	2463	4
PLD4	1	1
AHNAK2	5466	4
C14orf79	203	2
CDCA4	4051	4
GPR132	0	0
LOC102723354	12	1
JAG2	5	1
MIR6765	0	0
NUDT14	210	2
BRF1	981	3
BTBD6	2288	4
PACS2	1262	3
TEX22	4	1
LOC100507437	37	2
MTA1	2083	4
CRIP2	30	1
CRIP1	4	1
C14orf80	888	3
TMEM121	42	2
MIR8071-1	0	0
MIR8071-2	0	0
ELK2AP	0	0
MIR4539	0	0
MIR4507	0	0
MIR4538	0	0
MIR4537	0	0
KIAA0125	0	0
ADAM6	0	0
LINC00226	0	0
LINC00221	0	0
MIR5195	0	0
MAFIP	0	0
CHEK2P2	0	0
HERC2P3	139	2
GOLGA6L6	0	0
GOLGA8CP	0	0
NBEAP1	0	0
MIR3118-4	0	0
MIR3118-2	0	0
MIR3118-3	0	0
POTEB	0	0
POTEB2	0	0
NF1P2	0	0
MIR5701-3	0	0
MIR5701-1	0	0
MIR5701-2	0	0
LINC01193	0	0
LOC646214	0	0
CXADRP2	0	0
POTEB3	0	0
LOC727924	0	0
OR4M2	0	0
LOC101927079	0	0
OR4N4	0	0
OR4N3P	0	0
MIR1268A	3	1
REREP3	0	0
GOLGA8EP	0	0
HERC2P7	0	0
HERC2P2	568	2
GOLGA8J	1	1
GOLGA8IP	0	0
WHAMMP3	274	2
LOC283683	0	0
NIPA1	1086	3
NIPA2	4682	4
CYFIP1	6987	4
TUBGCP5	1528	3
GOLGA6L1	0	0
GOLGA6L22	0	0
GOLGA8DP	0	0
MIR4509-1	0	0
MIR4509-3	0	0
MIR4509-2	0	0
GOLGA8S	0	0
GOLGA6L2	0	0
MIR4508	0	0
MKRN3	72	2
MAGEL2	0	0
NDN	0	0
PWRN4	0	0
PWRN2	0	0
PWRN3	0	0
PWRN1	0	0
NPAP1	0	0
SNRPN	0	0
SNURF	0	0
SNORD107	0	0
PWARSN	7	1
PWAR5	15	1
SNORD64	0	0
SNORD108	0	0
SNORD109A	0	0
SNORD109B	0	0
SNORD116-1	0	0
SNORD116-2	0	0
SNORD116-3	0	0
SNORD116-9	0	0
SNORD116-4	3	1
SNORD116-5	0	0
SNORD116-7	0	0
SNORD116-6	0	0
SNORD116-8	0	0
SNORD116-10	0	0
SNORD116-11	0	0
SNORD116-12	0	0
SNORD116-13	0	0
SNORD116-14	0	0
SNORD116-15	0	0
SNORD116-16	0	0
SNORD116-19	0	0
SNORD116-17	0	0
SNORD116-18	0	0
SNORD116-20	0	0
SNORD116-21	0	0
SNORD116-22	1	1
SNORD116-23	0	0
SNORD116-24	0	0
SNORD116-25	0	0
SNORD116-26	0	0
SNORD116-27	0	0
SNORD116-28	0	0
SNORD116-29	0	0
SNORD116-30	0	0
IPW	64	2
PWAR1	0	0
SNORD115-1	0	0
SNORD115-2	0	0
SNORD115-3	0	0
SNORD115-4	0	0
SNORD115-5	0	0
SNORD115-9	0	0
SNORD115-10	0	0
SNORD115-12	0	0
SNORD115-6	0	0
SNORD115-7	0	0
SNORD115-8	0	0
SNORD115-11	0	0
SNORD115-29	0	0
SNORD115-36	0	0
SNORD115-43	0	0
SNORD115-13	0	0
SNORD115-14	0	0
SNORD115-15	0	0
SNORD115-16	0	0
SNORD115-17	0	0
SNORD115-19	0	0
SNORD115-18	0	0
SNORD115-21	0	0
SNORD115-20	0	0
SNORD115-22	0	0
PWAR4	0	0
SNORD115-23	0	0
SNORD115-24	0	0
SNORD115-25	0	0
SNORD115-26	0	0
SNORD115-27	0	0
SNORD115-28	0	0
SNORD115-30	0	0
SNORD115-31	0	0
SNORD115-32	0	0
SNORD115-33	0	0
SNORD115-34	0	0
SNORD115-35	0	0
SNORD115-37	0	0
SNORD115-38	0	0
SNORD115-39	0	0
SNORD115-40	0	0
SNORD115-41	0	0
SNORD115-42	0	0
SNORD115-44	0	0
SNORD115-45	0	0
SNORD115-46	0	0
SNORD115-47	0	0
SNORD115-48	0	0
UBE3A	3612	4
ATP10A	4483	4
MIR4715	0	0
LOC100128714	0	0
LINC00929	0	0
GABRB3	0	0
GABRA5	0	0
GABRG3	0	0
GABRG3-AS1	0	0
OCA2	0	0
HERC2	3447	4
GOLGA8F	0	0
GOLGA8G	0	0
HERC2P9	220	2
GOLGA8M	0	0
WHAMMP2	89	2
LOC100289656	0	0
PDCD6IPP2	2	1
GOLGA6L7P	0	0
APBA2	0	0
FAM189A1	0	0
NDNL2	1228	3
TJP1	4911	4
ULK4P2	0	0
ULK4P1	0	0
ULK4P3	0	0
GOLGA8T	0	0
DKFZP434L187	0	0
CHRFAM7A	0	0
GOLGA8R	10	1
GOLGA8H	0	0
GOLGA8N	35	2
ARHGAP11B	267	2
LOC100288637	462	2
HERC2P10	0	0
FAN1	904	3
MTMR10	1101	3
TRPM1	0	0
MIR211	0	0
LOC283710	0	0
KLF13	3847	4
OTUD7A	2	1
CHRNA7	0	0
GOLGA8K	0	0
GOLGA8O	2	1
WHAMMP1	128	2
LOC100996255	20	1
ARHGAP11A	3662	4
SCG5	102	2
GREM1	183074	4
LOC100131315	162	2
FMN1	927	3
TMCO5B	0	0
LOC101928134	0	0
RYR3	41	2
AVEN	1181	3
CHRM5	4	1
EMC7	4108	4
PGBD4	58	2
KATNBL1	1267	3
EMC4	2461	4
SLC12A6	840	3
NOP10	2472	4
NUTM1	2	1
LPCAT4	790	3
GOLGA8A	45	2
MIR1233-1	0	0
MIR1233-2	0	0
GOLGA8B	96	2
GJD2	0	0
LOC101928174	0	0
ACTC1	256	2
AQR	2177	4
ZNF770	1954	3
ANP32AP1	0	0
DPH6	224	2
MIR3942	0	0
DPH6-AS1	4	1
MIR4510	0	0
C15orf41	437	2
CSNK1A1P1	2	1
LOC145845	2	1
MEIS2	2133	4
MIR8063	0	0
TMCO5A	0	0
LOC101928227	0	0
SPRED1	1862	3
FAM98B	1462	3
RASGRP1	4	1
C15orf53	0	0
C15orf54	10	1
THBS1	338355	4
FSIP1	24	1
GPR176	8180	4
EIF2AK4	4340	4
SRP14	7642	4
SRP14-AS1	50	2
BMF	50	2
BUB1B	3138	4
PAK6	0	0
C15orf56	0	0
ANKRD63	0	0
PLCB2	2	1
INAFM2	971	3
C15orf52	2078	4
PHGR1	0	0
DISP2	40	2
KNSTRN	2678	4
IVD	2073	4
BAHD1	1254	3
CHST14	1584	3
C15orf57	329	2
MRPL42P5	0	0
RPUSD2	404	2
CASC5	3103	4
RAD51-AS1	46	2
RAD51	1136	3
RMDN3	1393	3
GCHFR	7	1
DNAJC17	510	2
C15orf62	54	2
ZFYVE19	674	3
PPP1R14D	0	0
SPINT1	0	0
RHOV	2	1
VPS18	2051	3
DLL4	1675	3
CHAC1	666	3
INO80	2437	4
EXD1	0	0
CHP1	2289	4
OIP5-AS1	1293	3
OIP5	419	2
NUSAP1	4860	4
NDUFAF1	654	3
RTF1	3682	4
ITPKA	287	2
LTK	609	3
RPAP1	934	3
TYRO3	1898	3
MGA	1024	3
MIR626	0	0
MAPKBP1	1474	3
JMJD7	53	2
JMJD7-PLA2G4B	0	0
PLA2G4B	3	1
SPTBN5	196	2
MIR4310	0	0
EHD4	4533	4
EHD4-AS1	3	1
PLA2G4E-AS1	0	0
PLA2G4E	0	0
PLA2G4D	0	0
PLA2G4F	0	0
VPS39	2172	4
MIR627	0	0
TMEM87A	3774	4
GANC	1622	3
CAPN3	153	2
ZNF106	2528	4
SNAP23	1574	3
LRRC57	836	3
HAUS2	2168	4
STARD9	447	2
CDAN1	675	3
TTBK2	266	2
UBR1	2595	4
TMEM62	2416	4
CCNDBP1	1181	3
EPB42	0	0
TGM5	0	0
TGM7	0	0
LCMT2	372	2
ADAL	236	2
ZSCAN29	788	3
TUBGCP4	738	3
TP53BP1	2784	4
MAP1A	11506	4
PPIP5K1	209	2
CKMT1B	0	0
STRC	0	0
CATSPER2	24	1
CKMT1A	0	0
CATSPER2P1	22	1
PDIA3	31740	4
ELL3	119	2
SERF2	4555	4
SERF2-C15ORF63	0	0
MIR1282	0	0
SERINC4	35	2
HYPK	0	0
MFAP1	1552	3
WDR76	2216	4
FRMD5	67	2
PIN4P1	10	1
CASC4	5060	4
CTDSPL2	2019	3
EIF3J-AS1	164	2
EIF3J	2906	4
SPG11	1944	3
PATL2	21	1
B2M	135677	4
LOC100419583	2536	4
TRIM69	63	2
C15orf43	0	0
SORD	378	2
DUOX2	0	0
DUOXA2	0	0
DUOXA1	0	0
DUOX1	2	1
SHF	2	1
LOC101928414	0	0
SLC28A2	0	0
GATM	0	0
SPATA5L1	556	2
C15orf48	19	1
MIR147B	0	0
SLC30A4	327	2
HMGN2P46	1	1
BLOC1S6	2210	4
SQRDL	4359	4
SEMA6D	135	2
LINC01491	0	0
SLC24A5	11	1
MYEF2	805	3
CTXN2	0	0
SLC12A1	0	0
DUT	4758	4
FBN1	60009	4
CEP152	817	3
SHC4	240	2
EID1	11707	4
SECISBP2L	3714	4
COPS2	5282	4
GALK2	838	3
NDUFAF4P1	0	0
MIR4716	0	0
FAM227B	63	2
FGF7	86	2
DTWD1	1785	3
ATP8B4	183	2
SLC27A2	0	0
HDC	2	1
GABPB1	1015	3
FLJ10038	83	2
GABPB1-AS1	155	2
MIR4712	2	1
USP8	2367	4
USP50	0	0
TRPM7	2873	4
SPPL2A	2600	4
AP4E1	1085	3
DCAF13P3	8	1
TNFAIP8L3	6	1
CYP19A1	37	2
MIR4713	0	0
MIR7973-2	0	0
MIR7973-1	0	0
GLDN	4	1
DMXL2	1117	3
SCG3	0	0
LYSMD2	356	2
TMOD2	206	2
TMOD3	5358	4
LOC100422556	7	1
LEO1	1498	3
MAPK6	4146	4
BCL2L10	0	0
GNB5	1343	3
LOC100129973	3	1
MYO5C	2	1
MIR1266	0	0
MYO5A	2943	4
ARPP19	7021	4
FAM214A	336	2
ONECUT1	0	0
WDR72	0	0
UNC13C	0	0
RSL24D1	3084	4
RAB27A	1041	3
PIGBOS1	233	2
PIGB	438	2
DYX1C1-CCPG1	0	0
CCPG1	204	2
MIR628	0	0
C15orf65	11	1
DYX1C1	8	1
PYGO1	502	2
PRTG	220	2
NEDD4	10157	4
RFX7	773	3
TEX9	26	1
MNS1	258	2
ZNF280D	838	3
LOC145783	47	2
TCF12	5685	4
LINC00926	15	1
LINC01413	0	0
CGNL1	0	0
GCOM1	2	1
MYZAP	25	1
POLR2M	124	2
ALDH1A2	25	1
AQP9	3	1
LIPC	14	1
LOC101928694	0	0
ADAM10	7453	4
HSP90AB4P	0	0
FAM63B	787	3
SLTM	3586	4
RNF111	1222	3
CCNB2	2172	4
MYO1E	2317	4
MIR2116	0	0
LDHAL6B	2	1
FAM81A	2	1
GCNT3	0	0
GTF2A2	1882	3
BNIP2	2267	4
FOXB1	0	0
ANXA2	100843	4
ICE2	1286	3
RORA-AS1	18	1
RORA	12	1
RORA-AS2	0	0
VPS13C	1850	3
C2CD4A	0	0
C2CD4B	0	0
MIR8067	0	0
MIR6085	0	0
MGC15885	0	0
TLN2	790	3
MIR190A	0	0
TPM1	60227	4
LACTB	1158	3
RPS27L	3053	4
RAB8B	1880	3
APH1B	929	3
CA12	2538	4
LOC102723344	2	1
USP3	645	3
USP3-AS1	4	1
FBXL22	0	0
HERC1	2008	3
MIR422A	0	0
DAPK2	24	1
LOC101928988	0	0
FAM96A	1772	3
SNX1	2888	4
SNX22	29	1
PPIB	8355	4
CSNK1G1	1235	3
KIAA0101	3714	4
TRIP4	1040	3
ZNF609	1941	3
OAZ2	2765	4
RBPMS2	0	0
MIR1272	0	0
PIF1	254	2
PLEKHO2	2484	4
ANKDD1A	118	2
SPG21	2379	4
MTFMT	446	2
SLC51B	0	0
RASL12	0	0
KBTBD13	0	0
UBAP1L	9	1
PDCD7	1124	3
CLPX	1441	3
CILP	0	0
PARP16	157	2
RNU5A-1	6	1
RNU5B-1	2	1
IGDCC3	2	1
IGDCC4	8	1
DPP8	1513	3
HACD3	5502	4
RNU6-19P	0	0
VWA9	1435	3
SLC24A1	514	2
DENND4A	1060	3
MIR4511	0	0
RAB11A	4736	4
MEGF11	10	1
MIR4311	0	0
DIS3L	917	3
TIPIN	1150	3
SCARNA14	0	0
MAP2K1	2332	4
SNAPC5	268	2
MIR4512	3	1
RPL4	44249	4
SNORD18C	32	1
SNORD18B	8	1
SNORD16	4	1
SNORD18A	1	1
ZWILCH	3535	4
LCTL	18	1
LINC01169	0	0
SMAD6	277	2
SMAD3	5580	4
AAGAB	2061	4
IQCH	37	2
IQCH-AS1	73	2
C15orf61	81	2
MAP2K5	378	2
SKOR1	8	1
LOC101929076	0	0
PIAS1	963	3
CALML4	306	2
CLN6	2042	3
FEM1B	2739	4
ITGA11	1022	3
CORO2B	860	3
ANP32A	3294	4
MIR4312	0	0
ANP32A-IT1	14	1
NOX5	13	1
SPESP1	0	0
EWSAT1	0	0
GLCE	1691	3
PAQR5	643	3
KIF23	7701	4
RPLP1	25685	4
DRAIC	0	0
PCAT29	0	0
LINC00593	0	0
TLE3	576	2
MIR629	0	0
SALRNA3	0	0
SALRNA2	10	1
UACA	15097	4
LARP6	2951	4
LRRC49	502	2
THAP10	454	2
CT62	64	2
THSD4	7063	4
THSD4-AS1	2	1
THSD4-AS2	0	0
NR2E3	0	0
MYO9A	969	3
SENP8	81	2
GRAMD2	5	1
PKM	98674	4
PARP6	559	2
CELF6	8	1
HEXA	2230	4
HEXA-AS1	11	1
TMEM202	0	0
ARIH1	2499	4
MIR630	0	0
GOLGA6B	0	0
HIGD2B	0	0
BBS4	542	2
ADPGK	3954	4
ADPGK-AS1	12	1
NEO1	172	2
HCN4	0	0
REC114	2	1
NPTN	9478	4
NPTN-IT1	61	2
CD276	5151	4
C15orf59	0	0
C15orf59-AS1	0	0
TBC1D21	0	0
LOXL1-AS1	480	2
LOXL1	4652	4
STOML1	1334	3
PML	5276	4
GOLGA6A	0	0
LOC283731	0	0
ISLR2	4	1
ISLR	10	1
STRA6	106	2
CCDC33	0	0
CYP11A1	0	0
LOC729739	0	0
SEMA7A	5496	4
MIR6881	1	1
UBL7	926	3
UBL7-AS1	110	2
ARID3B	76	2
CLK3	1130	3
EDC3	1530	3
CYP1A1	0	0
CYP1A2	0	0
CSK	1911	3
MIR4513	0	0
LMAN1L	0	0
CPLX3	0	0
ULK3	596	2
MIR6882	0	0
SCAMP2	1701	3
MPI	761	3
FAM219B	1017	3
COX5A	2189	4
RPP25	0	0
SCAMP5	0	0
PPCDC	248	2
C15orf39	977	3
GOLGA6C	0	0
GOLGA6D	0	0
COMMD4	2466	4
NEIL1	43	2
MIR631	3	1
MAN2C1	1236	3
SIN3A	2029	3
PTPN9	3240	4
SNUPN	572	2
IMP3	1648	3
SNX33	1213	3
CSPG4	17200	4
ODF3L1	2	1
DNM1P35	2	1
MIR4313	0	0
UBE2Q2	2220	4
FBXO22	599	2
FBXO22-AS1	0	0
NRG4	14	1
C15orf27	4	1
LOC101929439	8	1
ETFA	3364	4
TYRO3P	0	0
ISL2	107	2
SCAPER	333	2
MIR3713	0	0
RCN2	3414	4
PSTPIP1	4	1
TSPAN3	6422	4
PEAK1	3442	4
LINC00597	0	0
HMG20A	1132	3
LINGO1	0	0
LINGO1-AS1	0	0
LINGO1-AS2	0	0
LOC645752	0	0
LOC91450	10	1
TBC1D2B	3236	4
SH2D7	0	0
CIB2	36	2
IDH3A	1877	3
ACSBG1	14	1
DNAJA4	3	1
WDR61	1418	3
CRABP1	0	0
IREB2	2311	4
HYKK	1	1
PSMA4	7509	4
CHRNA5	161	2
CHRNA3	8	1
CHRNB4	0	0
LOC646938	0	0
ADAMTS7	4	1
MORF4L1	13237	4
CTSH	0	0
RASGRF1	18	1
ANKRD34C-AS1	0	0
MIR184	0	0
ANKRD34C	0	0
TMED3	4731	4
KIAA1024	61	2
MTHFS	22	1
ST20-MTHFS	0	0
ST20	10	1
ST20-AS1	51	2
BCL2A1	19	1
ZFAND6	2045	3
FAH	883	3
LINC01314	0	0
LINC00927	0	0
ARNT2	476	2
LOC101929586	0	0
MIR5572	0	0
ABHD17C	1416	3
CEMIP	2324	4
MIR549A	0	0
MESDC2	3919	4
MIR4514	0	0
MESDC1	2301	4
C15orf26	0	0
IL16	4	1
STARD5	10	1
TMC3-AS1	0	0
TMC3	0	0
MEX3B	110	2
LINC01583	8	1
EFTUD1	1765	3
SAXO2	5	1
ADAMTS7P1	0	0
GOLGA6L10	11	1
UBE2Q2P2	4	1
GOLGA6L9	40	2
LOC102724034	0	0
GOLGA2P10	0	0
LOC727751	0	0
GOLGA6L17P	0	0
RPS17	21918	4
CPEB1	12	1
CPEB1-AS1	0	0
AP3B2	0	0
LOC338963	0	0
ACTG1P17	9	1
SNHG21	49	2
FSD2	42	2
SCARNA15	0	0
WHAMM	604	3
HOMER2	0	0
FAM103A1	121	2
C15orf40	438	2
BTBD1	4403	4
MIR4515	0	0
TM6SF1	74	2
HDGFRP3	2785	4
BNC1	603	3
SH3GL3	0	0
ADAMTSL3	0	0
EFTUD1P1	6	1
DNM1P41	2	1
UBE2Q2L	2	1
LOC440300	4	1
GOLGA2P7	1	1
LOC642423	1	1
GOLGA6L4	2	1
LOC103171574	0	0
GOLGA6L5P	4	1
UBE2Q2P1	37	2
LINC00933	44	2
ZSCAN2	56	2
SCAND2P	240	2
WDR73	554	2
NMB	152	2
SEC11A	5744	4
ZNF592	1611	3
ALPK3	6	1
SLC28A1	0	0
PDE8A	1858	3
GOLGA6L3	3	1
MIR7706	0	0
AKAP13	2325	4
LOC101929679	0	0
KLHL25	150	2
MIR1276	0	0
MIR548AP	0	0
LINC01584	0	0
AGBL1	0	0
AGBL1-AS1	0	0
LINC00052	0	0
NTRK3	0	0
NTRK3-AS1	0	0
MRPL46	791	3
MRPS11	1439	3
DET1	254	2
LINC01586	3	1
MIR1179	0	0
MIR7-2	0	0
MIR3529	0	0
AEN	2953	4
ISG20	815	3
ACAN	0	0
HAPLN3	52	2
MFGE8	3988	4
ABHD2	3608	4
RLBP1	0	0
FANCI	4786	4
POLG	2038	3
MIR6766	0	0
MIR9-3	0	0
LINC00925	0	0
RHCG	0	0
LINC00928	0	0
TICRR	755	3
KIF7	711	3
PLIN1	0	0
PEX11A	52	2
WDR93	0	0
MESP1	8	1
MESP2	4	1
ANPEP	43197	4
AP3S2	5	1
C15orf38-AP3S2	0	0
MIR5094	0	0
MIR5009	0	0
ARPIN	1768	3
ZNF710	1249	3
MIR3174	0	0
IDH2	1690	3
SEMA4B	464	2
CIB1	1730	3
GDPGP1	18	1
TTLL13P	1	1
NGRN	4042	4
GABARAPL3	0	0
ZNF774	18	1
IQGAP1	21319	4
CRTC3	864	3
CRTC3-AS1	4	1
LINC01585	0	0
BLM	943	3
FURIN	6534	4
FES	28	1
MAN2A2	948	3
UNC45A	2763	4
HDDC3	232	2
RCCD1	206	2
PRC1	8444	4
PRC1-AS1	6	1
VPS33B	588	2
LOC101926911	0	0
SV2B	0	0
CRAT37	0	0
SLCO3A1	0	0
ST8SIA2	0	0
LOC104613533	0	0
C15orf32	0	0
LINC00930	0	0
FAM174B	6	1
ASB9P1	0	0
LINC01578	1270	3
CHD2	3454	4
MIR3175	0	0
RGMA	0	0
LOC101927153	0	0
LINC01580	0	0
LINC01581	0	0
MCTP2	57	2
LOC440311	4	1
LINC01197	0	0
LINC00924	0	0
NR2F2-AS1	287	2
NR2F2	17091	4
MIR1469	5	1
SPATA8-AS1	0	0
SPATA8	0	0
LOC101927286	0	0
LOC101927310	0	0
LINC00923	0	0
ARRDC4	1961	3
LINC01582	0	0
FAM169B	0	0
IRAIN	0	0
IGF1R	1584	3
MIR4714	0	0
PGPEP1L	0	0
LUNAR1	0	0
SYNM	126	2
TTC23	801	3
LRRC28	239	2
HSP90B2P	20	1
MEF2A	1343	3
LYSMD4	71	2
DNM1P46	6	1
ADAMTS17	0	0
SPATA41	0	0
CERS3-AS1	0	0
CERS3	0	0
PRKXP1	28	1
LINS	213	2
ASB7	512	2
ALDH1A3	27	1
LRRK1	1082	3
CHSY1	3731	4
VIMP	3947	4
SNRPA1	1879	3
PCSK6	2	1
LOC100507472	0	0
TM2D3	669	3
TARSL2	332	2
OR4F6	0	0
OR4F15	0	0
OR4F13P	2	1
OR4F4	0	0
FAM138E	0	0
WASH3P	242	2
DDX11L9	0	0
DDX11L10	18	1
WASIR2	0	0
POLR3K	772	3
SNRNP25	822	3
RHBDF1	1890	3
MPG	2439	4
NPRL3	809	3
HBZ	0	0
HBM	0	0
HBA2	0	0
HBA1	0	0
HBQ1	0	0
LUC7L	1213	3
ITFG3	2493	4
RGS11	0	0
ARHGDIG	0	0
PDIA2	2	1
AXIN1	1268	3
MRPL28	2297	4
TMEM8A	3341	4
LOC100134368	23	1
NME4	3685	4
DECR2	360	2
RAB11FIP3	2380	4
LINC00235	7	1
CAPN15	2857	4
MIR5587	4	1
MIR3176	20	1
PRR35	0	0
NHLRC4	0	0
PIGQ	1389	3
RAB40C	658	3
WFIKKN1	6	1
C16orf13	865	3
FAM195A	271	2
WDR90	877	3
RHOT2	2673	4
RHBDL1	25	1
STUB1	1576	3
JMJD8	167	2
WDR24	504	2
FBXL16	4	1
METRN	945	3
FAM173A	650	3
CCDC78	57	2
HAGHL	400	2
NARFL	958	3
MSLN	10	1
MIR662	0	0
RPUSD1	1478	3
CHTF18	1643	3
GNG13	3	1
PRR25	10	1
LMF1	175	2
LMF1-AS1	2	1
SOX8	0	0
SSTR5-AS1	0	0
SSTR5	0	0
C1QTNF8	0	0
CACNA1H	0	0
TPSG1	0	0
TPSB2	0	0
TPSAB1	0	0
TPSD1	0	0
UBE2I	4617	4
BAIAP3	6	1
TSR3	1828	3
GNPTG	1493	3
UNKL	829	3
C16orf91	378	2
CCDC154	2	1
CLCN7	2116	4
PTX4	0	0
TELO2	2840	4
IFT140	357	2
TMEM204	951	3
CRAMP1L	1151	3
HN1L	5683	4
MAPK8IP3	1574	3
MIR3177	0	0
NME3	1114	3
MRPS34	3132	4
EME2	109	2
SPSB3	616	3
NUBP2	1690	3
IGFALS	4	1
HAGH	777	3
FAHD1	763	3
MEIOB	4	1
LINC00254	0	0
HS3ST6	0	0
MSRB1	787	3
RPL3L	0	0
NDUFB10	1857	3
RPS2	61928	4
SNORA10	16	1
SNORA64	21	1
SNHG9	34	2
SNORA78	3	1
RNF151	10	1
TBL3	1794	3
NOXO1	83	2
GFER	1145	3
SYNGR3	98	2
ZNF598	2541	4
NPW	6	1
SLC9A3R2	4847	4
NTHL1	452	2
TSC2	2196	4
PKD1	5518	4
MIR1225	0	0
MIR6511B1	0	0
MIR6511B2	0	0
MIR4516	0	0
MIR3180-5	0	0
RAB26	16	1
SNHG19	155	2
SNORD60	7	1
TRAF7	2777	4
CASKIN1	12	1
MLST8	1255	3
BRICD5	37	2
PGP	1991	3
E4F1	1058	3
DNASE1L2	70	2
ECI1	1617	3
RNPS1	4609	4
MIR3677	8	1
MIR940	4	1
MIR4717	0	0
ABCA3	10	1
ABCA17P	2	1
CCNF	1872	3
MIR6767	0	0
C16orf59	512	2
MIR6768	1	1
NTN3	2	1
TBC1D24	671	3
ATP6V0C	4291	4
AMDHD2	606	3
CEMP1	73	2
MIR3178	0	0
PDPK1	1942	3
LOC652276	153	2
FLJ42627	59	2
ERVK13-1	204	2
KCTD5	1803	3
PRSS27	33	1
SRRM2-AS1	0	0
SRRM2	15404	4
TCEB2	3703	4
PRSS33	0	0
PRSS41	0	0
PRSS21	0	0
ZG16B	0	0
PRSS30P	0	0
PRSS22	0	0
FLYWCH2	432	2
FLYWCH1	1349	3
KREMEN2	131	2
PAQR4	1667	3
PKMYT1	2507	4
LINC00514	2	1
LOC101929613	2	1
CLDN9	0	0
CLDN6	0	0
TNFRSF12A	15329	4
HCFC1R1	827	3
THOC6	524	2
CCDC64B	4	1
LOC100128770	0	0
MMP25	24	1
MMP25-AS1	44	2
IL32	157	2
ZSCAN10	0	0
ZNF205-AS1	8	1
ZNF205	523	2
ZNF213-AS1	87	2
ZNF213	316	2
CASP16P	0	0
OR1F1	6	1
OR1F2P	0	0
ZNF200	376	2
MEFV	0	0
LINC00921	29	1
ZNF263	1112	3
TIGD7	112	2
ZNF75A	361	2
OR2C1	2	1
MTRNR2L4	8	1
ZSCAN32	311	2
ZNF174	153	2
ZNF597	186	2
NAA60	1021	3
MIR6126	15	1
C16orf90	0	0
CLUAP1	438	2
NLRC3	14	1
SLX4	798	3
DNASE1	87	2
TRAP1	3005	4
CREBBP	3479	4
LOC102724927	52	2
ADCY9	1795	3
SRL	0	0
LINC01569	21	1
TFAP4	368	2
GLIS2-AS1	2	1
GLIS2	545	2
CORO7-PAM16	0	0
PAM16	5	1
CORO7	61	2
VASN	7869	4
DNAJA3	2782	4
NMRAL1	945	3
HMOX2	1848	3
CDIP1	21	1
C16orf96	0	0
UBALD1	661	3
MGRN1	1958	3
MIR6769A	1	1
NUDT16L1	585	2
ANKS3	552	2
C16orf71	14	1
ZNF500	423	2
SEPT12	0	0
SMIM22	2	1
ROGDI	172	2
GLYR1	4066	4
UBN1	2558	4
PPL	4	1
SEC14L5	0	0
NAGPA	515	2
NAGPA-AS1	0	0
C16orf89	0	0
ALG1	1337	3
EEF2KMT	285	2
LINC01570	0	0
MIR8065	0	0
RBFOX1	0	0
TMEM114	0	0
METTL22	361	2
ABAT	10	1
TMEM186	184	2
PMM2	2342	4
CARHSP1	1855	3
USP7	4251	4
C16orf72	2898	4
LINC01177	0	0
LINC01195	0	0
GRIN2A	36	2
ATF7IP2	8	1
EMP2	2036	3
TEKT5	4	1
NUBP1	666	3
TVP23A	18	1
CIITA	33	1
DEXI	854	3
CLEC16A	1233	3
SOCS1	976	3
TNP2	0	0
PRM3	0	0
PRM2	0	0
PRM1	0	0
MIR548H2	0	0
RMI2	763	3
LOC101927131	0	0
LITAF	3624	4
SNN	167	2
TXNDC11	1820	3
ZC3H7A	2541	4
BCAR4	0	0
RSL1D1	6371	4
GSPT1	9543	4
TNFRSF17	13	1
SNX29	1424	3
CPPED1	1323	3
MIR4718	0	0
SHISA9	0	0
ERCC4	706	3
LOC101927311	0	0
LOC101927348	0	0
MKL2	703	3
MIR193B	2	1
MIR365A	0	0
LOC105447648	0	0
PARN	1700	3
BFAR	3739	4
PLA2G10	2	1
NPIPA3	0	0
NPIPA2	0	0
ABCC6P2	0	0
NOMO1	4611	4
MIR3179-1	0	0
MIR3179-2	0	0
MIR3179-3	0	0
MIR3179-4	0	0
MIR3670-4	0	0
MIR3670-3	0	0
MIR3670-2	0	0
MIR3670-1	0	0
MIR3180-3	0	0
MIR3180-1	0	0
MIR3180-2	0	0
LOC100288162	102	2
MIR6511A4	0	0
MIR6511A3	0	0
MIR6511A1	0	0
MIR6511A2	0	0
MIR6770-2	0	0
MIR6770-3	0	0
MIR6770-1	0	0
NPIPA1	162	2
PDXDC1	3503	4
MIR1972-2	0	0
MIR1972-1	0	0
NTAN1	1044	3
RRN3	1985	3
LOC100505915	0	0
PKD1P6	1044	3
MIR3180-4	0	0
NPIPA5	30	1
MPV17L	0	0
C16orf45	991	3
KIAA0430	1551	3
MIR6506	0	0
NDE1	988	3
MIR484	0	0
MYH11	14	1
FOPNL	2078	4
ABCC1	7086	4
ABCC6	39	2
NOMO3	0	0
NOMO2	3475	4
PKD1P1	468	2
NPIPA7	0	0
NPIPA8	0	0
XYLT1	2538	4
ABCC6P1	0	0
RPS15A	11342	4
ARL6IP1	7309	4
SMG1	5044	4
TMC7	12	1
LOC102723385	0	0
COQ7	381	2
ITPRIPL2	4380	4
SYT17	0	0
CLEC19A	0	0
TMC5	2	1
GDE1	2630	4
CCP110	1759	3
C16orf62	894	3
KNOP1	1115	3
IQCK	185	2
GPRC5B	7	1
GPR139	0	0
GP2	0	0
UMOD	0	0
PDILT	0	0
ACSM5	20	1
ACSM2A	0	0
ACSM2B	0	0
ACSM1	0	0
THUMPD1	1700	3
ACSM3	12	1
ERI2	754	3
LOC81691	568	2
DCUN1D3	426	2
LYRM1	388	2
DNAH3	0	0
TMEM159	563	2
ZP2	0	0
ANKS4B	0	0
CRYM	4	1
CRYM-AS1	11	1
SNX29P1	1	1
NPIPB3	64	2
LOC100190986	9	1
SMG1P3	171	2
MIR3680-2	0	0
MIR3680-1	0	0
SLC7A5P2	74	2
LOC101927814	0	0
METTL9	6774	4
IGSF6	8	1
OTOA	0	0
RRN3P1	26	1
NPIPB4	126	2
UQCRC2	3576	4
PDZD9	1	1
C16orf52	634	3
VWA3A	0	0
EEF2K	1259	3
POLR3E	761	3
CDR2	2033	3
RRN3P3	101	2
SMG1P1	50	2
NPIPB5	106	2
LOC653786	0	0
HS3ST2	0	0
USP31	789	3
SCNN1G	0	0
SCNN1B	0	0
COG7	725	3
GGA2	1876	3
EARS2	1501	3
UBFD1	4172	4
NDUFAB1	2200	4
PALB2	1024	3
DCTN5	2991	4
PLK1	4338	4
ERN2	0	0
CHP2	0	0
PRKCB	0	0
MIR1273H	0	0
CACNG3	0	0
RBBP6	2489	4
LINC01567	0	0
TNRC6A	3590	4
SLC5A11	0	0
ARHGAP17	2138	4
LOC554206	4	1
LCMT1-AS1	10	1
LCMT1	760	3
LCMT1-AS2	4	1
AQP8	0	0
ZKSCAN2	386	2
HS3ST4	0	0
MIR548W	0	0
C16orf82	0	0
KDM8	136	2
NSMCE1	903	3
FLJ21408	6	1
IL4R	1979	3
IL21R	6	1
IL21R-AS1	0	0
GTF3C1	3913	4
KIAA0556	729	3
GSG1L	0	0
XPO6	8182	4
SBK1	0	0
NPIPB6	6	1
EIF3CL	0	0
EIF3C	0	0
MIR6862-1	0	0
MIR6862-2	0	0
CLN3	662	3
APOBR	0	0
IL27	0	0
NUPR1	362	2
CCDC101	222	2
SULT1A2	0	0
SULT1A1	6	1
NPIPB8	0	0
NPIPB9	0	0
ATXN2L	4017	4
TUFM	5389	4
MIR4721	0	0
SH2B1	1063	3
ATP2A1	8	1
ATP2A1-AS1	22	1
RABEP2	1142	3
CD19	0	0
NFATC2IP	2129	4
MIR4517	13	1
SPNS1	1531	3
LAT	61	2
RRN3P2	8	1
SNX29P2	0	0
NPIPB11	12	1
LOC606724	0	0
BOLA2B	0	0
BOLA2	0	0
SLX1A	0	0
SLX1B	0	0
SLX1A-SULT1A3	0	0
SLX1B-SULT1A4	0	0
SULT1A4	0	0
SULT1A3	0	0
LOC388242	0	0
LOC613038	0	0
SMG1P2	53	2
SLC7A5P1	16	1
SPN	0	0
QPRT	477	2
C16orf54	0	0
ZG16	0	0
KIF22	3390	4
MAZ	8099	4
PRRT2	62	2
PAGR1	2063	4
MVP	12953	4
CDIPT	3029	4
CDIPT-AS1	0	0
SEZ6L2	223	2
ASPHD1	110	2
KCTD13	291	2
TMEM219	1690	3
TAOK2	3644	4
HIRIP3	1511	3
INO80E	1481	3
DOC2A	2	1
C16orf92	0	0
FAM57B	6	1
ALDOA	27570	4
PPP4C	4039	4
TBX6	12	1
YPEL3	200	2
GDPD3	46	2
MAPK3	1226	3
CORO1A	33	2
LOC613037	4	1
SMG1P5	10	1
CD2BP2	4649	4
TBC1D10B	3284	4
MYLPF	4	1
SEPT1	32	1
ZNF48	562	2
ZNF771	371	2
DCTPP1	852	3
SEPHS2	1874	3
ITGAL	2	1
MIR4518	0	0
ZNF768	858	3
ZNF747	233	2
ZNF764	264	2
ZNF688	265	2
ZNF785	272	2
ZNF689	750	3
PRR14	968	3
FBRS	2497	4
LOC730183	51	2
SRCAP	4263	4
SNORA30	0	0
TMEM265	168	2
PHKG2	709	3
C16orf93	2	1
RNF40	3756	4
ZNF629	1705	3
BCL7C	767	3
MIR4519	1	1
MIR762HG	8	1
MIR762	0	0
CTF1	145	2
FBXL19-AS1	132	2
FBXL19	1370	3
ORAI3	375	2
SETD1A	1477	3
HSD3B7	737	3
STX1B	38	2
STX4	1643	3
ZNF668	941	3
ZNF646	1472	3
PRSS53	122	2
VKORC1	3567	4
BCKDK	1770	3
KAT8	593	2
PRSS8	2	1
PRSS36	12	1
FUS	16419	4
PYCARD	2	1
PYCARD-AS1	4	1
TRIM72	0	0
PYDC1	0	0
ITGAM	0	0
ITGAX	0	0
ITGAD	0	0
COX6A2	0	0
ZNF843	2	1
ARMC5	673	3
TGFB1I1	4280	4
SLC5A2	17	1
C16orf58	1994	3
AHSP	0	0
YBX3P1	0	0
CLUHP3	0	0
ZNF720	89	2
ZNF267	594	2
HERC2P4	0	0
TP53TG3D	0	0
LOC390705	0	0
TP53TG3	0	0
TP53TG3B	0	0
TP53TG3C	0	0
SLC6A10P	0	0
ENPP7P13	0	0
LINC00273	0	0
UBE2MP1	8	1
LINC01566	0	0
FRG2DP	0	0
LOC100130700	0	0
FLJ26245	0	0
ANKRD26P1	0	0
SHCBP1	4612	4
VPS35	6375	4
ORC6	1772	3
MYLK3	2	1
C16orf87	519	2
GPT2	346	2
DNAJA2	3756	4
NETO2	1250	3
ITFG1-AS1	0	0
ITFG1	2971	4
PHKB	2262	4
LOC100507534	0	0
LOC101927132	0	0
ABCC12	0	0
ABCC11	12	1
LONP2	2608	4
LOC100507577	46	2
SIAH1	164	2
N4BP1	2554	4
CBLN1	0	0
C16orf78	0	0
ZNF423	0	0
CNEP1R1	857	3
HEATR3	1098	3
PAPD5	1258	3
ADCY7	1491	3
MIR6771	0	0
BRD7	2484	4
NKD1	0	0
SNX20	0	0
LOC101927272	0	0
NOD2	0	0
CYLD	1887	3
MIR3181	2	1
MIR548AI	4	1
LOC101927334	0	0
SALL1	798	3
LINC01571	2	1
C16orf97	0	0
LINC00919	0	0
LOC102467079	0	0
TOX3	0	0
CASC16	0	0
CHD9	3578	4
LOC643802	0	0
LOC102723373	0	0
RBL2	1301	3
AKTIP	418	2
RPGRIP1L	722	3
FTO	1651	3
FTO-IT1	2	1
LOC100996338	0	0
IRX3	413	2
CRNDE	396	2
IRX5	58	2
IRX6	0	0
MMP2	36583	4
LPCAT2	1467	3
CAPNS2	4	1
SLC6A2	0	0
CES1P2	0	0
CES1P1	0	0
CES1	0	0
CES5A	0	0
LOC283856	0	0
GNAO1	14	1
DKFZP434H168	0	0
MIR3935	0	0
AMFR	3280	4
NUDT21	5107	4
OGFOD1	3639	4
BBS2	768	3
MT4	0	0
MT3	0	0
MT2A	22287	4
MT1L	76	2
MT1E	3877	4
MT1M	53	2
MT1JP	3	1
MT1A	0	0
MT1DP	0	0
MT1B	0	0
MT1F	0	0
MT1G	0	0
MT1H	3	1
MT1IP	0	0
MT1X	302	2
NUP93	2958	4
MIR138-2	0	0
SLC12A3	0	0
MIR6863	0	0
HERPUD1	1811	3
CETP	33	2
NLRC5	5190	4
CPNE2	1345	3
FAM192A	2526	4
RSPRY1	1581	3
ARL2BP	3083	4
PLLP	3	1
CCL22	0	0
CX3CL1	0	0
CCL17	0	0
CIAPIN1	1282	3
COQ9	753	3
POLR2C	2550	4
DOK4	1254	3
CCDC102A	214	2
ADGRG5	0	0
ADGRG1	56	2
ADGRG3	0	0
DRC7	0	0
KATNB1	479	2
KIFC3	5100	4
MIR6772	3	1
LOC388282	0	0
CNGB1	0	0
TEPP	0	0
ZNF319	544	2
USB1	1440	3
MMP15	36	2
CFAP20	1283	3
CSNK2A2	1123	3
CCDC113	44	2
PRSS54	0	0
GINS3	474	2
NDRG4	32	1
SETD6	190	2
CNOT1	6715	4
SNORA46	2	1
SNORA76A	0	0
SLC38A7	1118	3
GOT2	4039	4
APOOP5	0	0
LOC101927580	0	0
LOC729159	0	0
CDH8	0	0
RNU6-21P	0	0
CDH11	6987	4
LOC101927650	0	0
LINC00922	0	0
CDH5	2	1
LINC00920	29	1
BEAN1	1	1
BEAN1-AS1	0	0
TK2	1252	3
CKLF	130	2
CKLF-CMTM1	0	0
CMTM1	127	2
CMTM2	2	1
CMTM3	1520	3
CMTM4	672	3
DYNC1LI2	4420	4
CCDC79	0	0
NAE1	2691	4
CA7	6	1
PDP2	922	3
CDH16	0	0
RRAD	6	1
FAM96B	1883	3
CES2	2016	3
CES3	6	1
CES4A	0	0
CBFB	3149	4
C16orf70	547	2
B3GNT9	1562	3
TRADD	1129	3
FBXL8	53	2
HSF4	36	2
NOL3	392	2
KIAA0895L	281	2
EXOC3L1	54	2
E2F4	3101	4
ELMO3	146	2
MIR328	0	0
LRRC29	59	2
TMEM208	1266	3
FHOD1	2520	4
SLC9A5	325	2
PLEKHG4	1403	3
KCTD19	2	1
LRRC36	0	0
TPPP3	2	1
ZDHHC1	293	2
HSD11B2	6	1
ATP6V0D1	2457	4
AGRP	4	1
LOC100505942	14	1
FAM65A	2698	4
CTCF	2584	4
RLTPR	73	2
ACD	908	3
PARD6A	16	1
ENKD1	261	2
C16orf86	2	1
GFOD2	610	3
RANBP10	757	3
TSNAXIP1	6	1
CENPT	1608	3
THAP11	1083	3
NUTF2	2526	4
EDC4	2217	4
NRN1L	5	1
PSKH1	1127	3
CTRL	29	1
PSMB10	2443	4
LCAT	186	2
SLC12A4	3749	4
DPEP3	0	0
DPEP2	0	0
LOC100131303	0	0
DDX28	388	2
DUS2	373	2
NFATC3	964	3
ESRP2	9	1
MIR6773	0	0
PLA2G15	1469	3
SLC7A6	2238	4
SLC7A6OS	208	2
PRMT7	1109	3
SMPD3	8	1
ZFP90	380	2
CDH3	2	1
CDH1	6	1
TANGO6	655	3
HAS3	52	2
CHTF8	2729	4
CIRH1A	3278	4
SNTB2	3949	4
VPS4A	4188	4
COG8	674	3
PDF	342	2
NIP7	2719	4
TMED6	17	1
TERF2	1090	3
CYB5B	5066	4
MIR1538	0	0
NFAT5	3000	4
NQO1	29590	4
NOB1	2101	4
WWP2	1581	3
MIR140	0	0
CLEC18A	0	0
PDXDC2P	263	2
PDPR	1994	3
LOC400541	0	0
CLEC18C	0	0
SMG1P7	44	2
EXOSC6	1298	3
AARS	5315	4
DDX19B	639	3
LOC100506083	12	1
DDX19A	2498	4
ST3GAL2	2135	4
RNU6-23P	0	0
FUK	241	2
COG4	2630	4
SF3B3	8561	4
SNORD111B	1	1
SNORD111	6	1
IL34	0	0
MTSS1L	2538	4
VAC14	1730	3
VAC14-AS1	9	1
HYDIN	2	1
CMTR2	1438	3
CALB2	4	1
ZNF23	694	3
ZNF19	50	2
CHST4	0	0
TAT-AS1	0	0
TAT	0	0
MARVELD3	4	1
PHLPP2	1047	3
SNORA70D	0	0
AP1G1	3236	4
SNORD71	0	0
ATXN1L	1901	3
ZNF821	97	2
IST1	3071	4
PKD1L3	0	0
DHODH	307	2
HP	0	0
HPR	0	0
TXNL4B	574	2
DHX38	2884	4
PMFBP1	10	1
LINC01572	25	1
ZFHX3	1758	3
HCCAT5	0	0
C16orf47	0	0
LINC01568	0	0
LOC101928035	0	0
PSMD7	5668	4
LOC283922	133	2
NPIPB15	2	1
CLEC18B	0	0
GLG1	8912	4
RFWD3	3465	4
MLKL	1505	3
FA2H	0	0
WDR59	703	3
ZNRF1	451	2
LDHD	10	1
ZFP1	282	2
CTRB2	0	0
CTRB1	0	0
LOC100506281	3	1
BCAR1	5410	4
CFDP1	1447	3
TMEM170A	586	2
CHST6	0	0
CHST5	2	1
TMEM231	336	2
GABARAPL2	1878	3
ADAT1	1366	3
KARS	6600	4
TERF2IP	3056	4
CNTNAP4	0	0
LOC101928203	0	0
MIR4719	0	0
MON1B	1070	3
SYCE1L	2	1
ADAMTS18	0	0
NUDT7	64	2
VAT1L	2	1
CLEC3A	0	0
WWOX	131	2
MAF	0	0
MAFTRR	0	0
LINC01229	0	0
LOC102724084	2	1
DYNLRB2	0	0
LINC01227	0	0
CDYL2	415	2
PRCAT47	6	1
CMC2	1086	3
CENPN	4298	4
ATMIN	1584	3
C16orf46	55	2
GCSH	558	2
PKD1L2	4	1
BCO1	0	0
GAN	114	2
MIR4720	9	1
CMIP	777	3
MIR7854	0	0
MIR6504	0	0
LOC100129617	4	1
PLCG2	0	0
SDR42E1	0	0
HSD17B2	6	1
MPHOSPH6	961	3
CDH13	7913	4
MIR8058	0	0
LOC101928446	0	0
LOC101928417	0	0
MIR3182	0	0
LOC102724163	0	0
HSBP1	7581	4
MLYCD	221	2
OSGIN1	668	3
NECAB2	0	0
SLC38A8	0	0
MBTPS1	5915	4
HSDL1	816	3
DNAAF1	0	0
TAF1C	837	3
ADAD2	0	0
KCNG4	0	0
WFDC1	0	0
ATP2C2	41	2
TLDC1	3258	4
COTL1	13279	4
KLHL36	1210	3
USP10	3452	4
CRISPLD2	2319	4
ZDHHC7	3256	4
KIAA0513	568	2
FAM92B	2	1
LOC400548	0	0
LINC00311	4	1
MIR5093	0	0
GSE1	1776	3
GINS2	1567	3
C16orf74	317	2
MIR1910	0	0
EMC8	1809	3
COX4I1	6517	4
IRF8	0	0
MIR6774	0	0
LINC01082	0	0
LINC01081	0	0
LOC146513	0	0
LINC00917	0	0
FENDRR	933	3
FOXF1	2514	4
MTHFSD	476	2
FLJ30679	4	1
FOXC2-AS1	6	1
FOXC2	213	2
FOXL1	138	2
LOC440390	0	0
LOC101928708	0	0
LOC101928682	0	0
C16orf95	64	2
FBXO31	1143	3
MAP1LC3B	2425	4
ZCCHC14	729	3
LOC101928737	0	0
JPH3	8	1
KLHDC4	507	2
LOC102724467	0	0
SLC7A5	2967	4
MIR6775	0	0
CA5A	0	0
BANP	432	2
LOC400553	0	0
LOC101928880	0	0
ZNF469	1318	3
ZFPM1	273	2
MIR5189	0	0
ZC3H18	3323	4
IL17C	0	0
CYBA	1888	3
MVD	1235	3
SNAI3-AS1	102	2
SNAI3	7	1
RNF166	718	3
CTU2	1001	3
PIEZO1	15195	4
MIR4722	0	0
LOC100289580	41	2
LOC339059	8	1
CDT1	2170	4
APRT	1927	3
GALNS	712	3
TRAPPC2L	662	3
PABPN1L	0	0
CBFA2T3	0	0
LOC100129697	0	0
ACSF3	662	3
LINC00304	6	1
LOC400558	0	0
CDH15	10	1
SLC22A31	0	0
ZNF778	219	2
ANKRD11	5589	4
LOC100287036	18	1
LOC101927817	2	1
SPG7	1947	3
RPL13	31528	4
SNORD68	6	1
CPNE7	1188	3
DPEP1	0	0
CHMP1A	4445	4
SPATA33	356	2
CDK10	862	3
SPATA2L	330	2
VPS9D1	445	2
VPS9D1-AS1	96	2
ZNF276	425	2
FANCA	1766	3
SPIRE2	177	2
TCF25	4784	4
MC1R	268	2
TUBB3	6408	4
DEF8	1795	3
CENPBD1	322	2
AFG3L1P	387	2
DBNDD1	7	1
GAS8	164	2
GAS8-AS1	5	1
URAHP	4	1
PRDM7	0	0
FAM157C	0	0
SCGB1C2	0	0
DOC2B	0	0
LOC100506371	0	0
RPH3AL	32	1
LOC100506388	0	0
C17orf97	38	2
FAM101B	2694	4
VPS53	1447	3
FAM57A	1521	3
GEMIN4	1825	3
DBIL5P	4	1
GLOD4	2246	4
RNMTL1	760	3
NXN	774	3
TIMM22	891	3
ABR	4456	4
MIR3183	0	0
BHLHA9	0	0
TUSC5	0	0
YWHAE	25412	4
CRK	4145	4
MYO1C	22012	4
INPP5K	990	3
PITPNA-AS1	100	2
PITPNA	2876	4
SLC43A2	142	2
SCARF1	9	1
RILP	179	2
PRPF8	13581	4
TLCD2	212	2
MIR22HG	1544	3
MIR22	0	0
WDR81	1149	3
SERPINF2	0	0
SERPINF1	523	2
SMYD4	733	3
RPA1	5410	4
RTN4RL1	0	0
DPH1	810	3
OVCA2	96	2
MIR132	0	0
MIR212	6	1
HIC1	1617	3
SMG6	2312	4
LOC101927839	0	0
SRR	338	2
TSR1	3097	4
SNORD91B	2	1
SNORD91A	0	0
SGSM2	1113	3
MNT	773	3
LOC284009	3	1
METTL16	1196	3
PAFAH1B1	7451	4
CLUH	3621	4
MIR6776	0	0
MIR1253	0	0
RAP1GAP2	859	3
LOC101927911	0	0
OR1D5	0	0
OR1D2	0	0
OR1G1	0	0
OR1A2	0	0
OR1A1	0	0
OR1D4	0	0
OR3A2	0	0
OR3A1	0	0
OR3A4P	0	0
OR1E1	0	0
OR3A3	0	0
OR1E2	0	0
SPATA22	0	0
ASPA	2	1
TRPV3	4	1
TRPV1	60	2
SHPK	613	3
CTNS	559	2
P2RX5-TAX1BP3	16	1
TAX1BP3	7	1
EMC6	36	2
P2RX5	4	1
ITGAE	704	3
GSG2	710	3
C17orf85	1593	3
CAMKK1	400	2
P2RX1	0	0
ATP2A3	0	0
ZZEF1	2876	4
CYB5D2	580	2
ANKFY1	5706	4
UBE2G1	1456	3
SPNS3	0	0
SPNS2	25	1
MYBBP1A	2180	4
GGT6	0	0
SMTNL2	0	0
ALOX15	2	1
PELP1	1451	3
LOC101559451	1	1
ARRB2	377	2
MED11	356	2
CXCL16	106	2
ZMYND15	6	1
TM4SF5	0	0
VMO1	2	1
GLTPD2	23	1
PSMB6	3532	4
PLD2	547	2
MINK1	2977	4
CHRNE	0	0
C17orf107	16	1
GP1BA	16	1
SLC25A11	2221	4
RNF167	2444	4
PFN1	46562	4
ENO3	43	2
SPAG7	1868	3
CAMTA2	1519	3
MIR6864	0	0
MIR6865	0	0
INCA1	121	2
KIF1C	8198	4
LOC102724009	4	1
SLC52A1	0	0
ZFP3	0	0
ZNF232	258	2
USP6	14	1
ZNF594	122	2
LOC100130950	11	1
SCIMP	0	0
RABEP1	3297	4
NUP88	2400	4
RPAIN	727	3
C1QBP	5222	4
DHX33	1921	3
DERL2	2581	4
MIS12	1252	3
LOC728392	659	3
NLRP1	527	2
LOC339166	0	0
WSCD1	0	0
AIPL1	0	0
FAM64A	1424	3
PITPNM3	32	1
KIAA0753	674	3
TXNDC17	1558	3
MED31	273	2
C17orf100	24	1
MIR4520-1	0	0
MIR4520-2	0	0
ALOX15P1	0	0
SLC13A5	0	0
XAF1	7478	4
FBXO39	16	1
TEKT1	0	0
ALOX12P2	6	1
ALOX12-AS1	39	2
ALOX12	43	2
RNASEK	19	1
RNASEK-C17orf49	0	0
C17orf49	0	0
MIR497HG	2	1
MIR195	0	0
MIR497	0	0
BCL6B	0	0
SLC16A13	51	2
SLC16A11	2	1
CLEC10A	0	0
ASGR2	0	0
ASGR1	17	1
DLG4	868	3
ACADVL	6935	4
MIR324	7	1
DVL2	1713	3
PHF23	2128	4
GABARAP	4578	4
CTDNEP1	4537	4
ELP5	1314	3
CLDN7	4	1
SLC2A4	0	0
YBX2	0	0
EIF5A	28780	4
GPS2	1575	3
NEURL4	839	3
ACAP1	28	1
KCTD11	542	2
TMEM95	0	0
TNK1	13	1
PLSCR3	6	1
TMEM256-PLSCR3	1	1
TMEM256	269	2
NLGN2	3277	4
SPEM1	0	0
C17orf74	0	0
TMEM102	52	2
FGF11	0	0
CHRNB1	231	2
ZBTB4	4725	4
SLC35G6	4	1
POLR2A	7897	4
TNFSF12-TNFSF13	0	0
TNFSF12	401	2
TNFSF13	11	1
SENP3-EIF4A1	10	1
SENP3	179	2
EIF4A1	0	0
SNORA48	18	1
SNORD10	12	1
SNORA67	64	2
CD68	8739	4
MPDU1	2362	4
SOX15	54	2
FXR2	2949	4
SHBG	8	1
SAT2	815	3
ATP1B2	0	0
TP53	1568	3
WRAP53	726	3
EFNB3	60	2
DNAH2	1	1
RPL29P2	0	0
KDM6B	365	2
TMEM88	2	1
NAA38	1147	3
CYB5D1	436	2
CHD3	7634	4
SCARNA21	4	1
LOC284023	126	2
KCNAB3	23	1
TRAPPC1	2361	4
CNTROB	1937	3
GUCY2D	0	0
ALOX15B	0	0
ALOX12B	0	0
MIR4314	0	0
ALOXE3	2	1
HES7	90	2
PER1	146	2
MIR6883	0	0
VAMP2	740	3
TMEM107	232	2
SNORD118	0	0
MIR4521	0	0
C17orf59	231	2
AURKB	1874	3
LINC00324	6	1
CTC1	256	2
PFAS	2105	4
SLC25A35	28	1
RANGRF	18	1
ARHGEF15	0	0
ODF4	0	0
LOC100128288	10	1
KRBA2	59	2
RPL26	17366	4
RNF222	0	0
NDEL1	2320	4
MYH10	3918	4
CCDC42	0	0
SPDYE4	0	0
MFSD6L	0	0
PIK3R6	0	0
PIK3R5	0	0
NTN1	0	0
LOC101928266	0	0
STX8	691	3
CFAP52	0	0
USP43	0	0
DHRS7C	0	0
GSG1L2	0	0
GLP2R	0	0
RCVRN	0	0
GAS7	2	1
MYH13	0	0
MYHAS	0	0
MYH8	0	0
MYH4	0	0
MYH1	0	0
MYH2	0	0
MYH3	44	2
SCO1	1789	3
ADPRM	281	2
TMEM220	218	2
MAGOH2P	8	1
TMEM220-AS1	0	0
LINC00675	0	0
PIRT	0	0
SHISA6	0	0
DNAH9	0	0
ZNF18	216	2
MAP2K4	1082	3
MIR744	0	0
LINC00670	0	0
MYOCD	1130	3
LOC101928418	0	0
LOC100128006	0	0
ARHGAP44	25	1
MIR1269B	0	0
ELAC2	4071	4
HS3ST3A1	3063	4
MIR548H3	3	1
CDRT15P1	2	1
COX10-AS1	156	2
COX10	480	2
CDRT15	0	0
HS3ST3B1	1142	3
MGC12916	52	2
CDRT7	0	0
CDRT8	0	0
PMP22	1915	3
MIR4731	0	0
TEKT3	0	0
TVP23C-CDRT4	0	0
CDRT4	0	0
TVP23C	152	2
CDRT1	66	2
TRIM16	3273	4
ZNF286A	317	2
TBC1D26	0	0
CDRT15P2	0	0
MEIS3P1	4	1
LOC101928567	0	0
ADORA2B	423	2
ZSWIM7	221	2
TTC19	1229	3
NCOR1	4453	4
PIGL	195	2
MIR1288	0	0
CENPV	265	2
UBB	14738	4
TRPV2	6864	4
LRRC75A-AS1	10943	4
SNORD49B	0	0
SNORD49A	10	1
SNORD65	4	1
LRRC75A	30	1
ZNF287	4	1
ZNF624	162	2
CCDC144A	2	1
USP32P1	2	1
FAM106CP	0	0
KRT16P2	0	0
TNFRSF13B	0	0
MPRIP	13395	4
PLD6	60	2
FLCN	1178	3
COPS3	3353	4
NT5M	42	2
MED9	434	2
RASD1	6	1
PEMT	586	2
SMCR2	0	0
RAI1	2514	4
RAI1-AS1	5	1
SMCR5	0	0
SREBF1	2329	4
MIR6777	0	0
MIR33B	2	1
TOM1L2	1630	3
LRRC48	26	1
ATPAF2	272	2
GID4	424	2
DRG2	914	3
MYO15A	9	1
ALKBH5	2760	4
LLGL1	3084	4
FLII	11432	4
MIEF2	372	2
TOP3A	1383	3
SMCR8	1332	3
SHMT1	709	3
MIR6778	0	0
EVPLL	0	0
FLJ35934	4	1
KRT17P5	0	0
KRT16P1	0	0
LGALS9C	2	1
USP32P2	325	2
FAM106A	22	1
CCDC144B	328	2
TBC1D28	0	0
ZNF286B	32	1
FOXO3B	187	2
TRIM16L	1281	3
FBXW10	8	1
TVP23B	3080	4
PRPSAP2	439	2
SLC5A10	226	2
FAM83G	1293	3
GRAP	2	1
SNORD3B-1	0	0
SNORD3B-2	0	0
LOC388436	0	0
LOC79999	0	0
SNORD3D	0	0
GRAPL	0	0
SNORD3A	22	1
SNORD3C	0	0
EPN2	2018	3
EPN2-IT1	3	1
EPN2-AS1	4	1
B9D1	249	2
MIR1180	0	0
MAPK7	857	3
MFAP4	582	2
RNF112	6	1
SLC47A1	0	0
ALDH3A2	690	3
SLC47A2	5	1
ALDH3A1	0	0
ULK2	142	2
AKAP10	1205	3
SPECC1	0	0
CCDC144CP	0	0
FAM106B	0	0
LGALS9B	0	0
KRT16P3	0	0
CDRT15L2	0	0
LOC100287072	0	0
CCDC144NL	0	0
CCDC144NL-AS1	0	0
LOC339260	0	0
USP22	7091	4
LINC01563	2	1
DHRS7B	233	2
TMEM11	1017	3
NATD1	50	2
MAP2K3	3841	4
KCNJ12	0	0
C17orf51	734	3
KCNJ18	0	0
FAM27L	0	0
FLJ36000	0	0
MTRNR2L1	0	0
MIR4522	0	0
WSB1	1984	3
TBC1D3P5	0	0
KSR1	164	2
LGALS9	2672	4
NOS2	0	0
LYRM9	40	2
NLK	636	3
PYY2	4	1
PPY2P	0	0
KRT18P55	0	0
TMEM97	1521	3
IFT20	489	2
TNFAIP1	1820	3
POLDIP2	4816	4
TMEM199	1106	3
MIR4723	0	0
SEBOX	2	1
VTN	8	1
SARM1	329	2
SLC46A1	87	2
SLC13A2	0	0
FOXN1	0	0
UNC119	561	2
PIGS	1987	3
ALDOC	39	2
SPAG5	4540	4
SPAG5-AS1	4	1
SGK494	93	2
KIAA0100	7186	4
SDF2	2063	4
SUPT6H	6674	4
PROCA1	15	1
RAB34	3053	4
NARR	0	0
RPL23A	21753	4
SNORD42B	4	1
SNORD4A	7	1
SNORD42A	7	1
SNORD4B	5	1
TLCD1	151	2
NEK8	85	2
TRAF4	1407	3
FAM222B	286	2
ERAL1	1322	3
MIR451A	0	0
MIR451B	0	0
MIR144	0	0
MIR4732	0	0
FLOT2	3063	4
DHRS13	264	2
PHF12	1225	3
LOC101927018	10	1
SEZ6	1	1
PIPOX	0	0
MYO18A	3083	4
TIAF1	5	1
CRYBA1	13	1
NUFIP2	5088	4
MIR4523	64	2
TAOK1	4488	4
ABHD15	371	2
TP53I13	1017	3
GIT1	1346	3
ANKRD13B	97	2
CORO6	22	1
SSH2	793	3
EFCAB5	17	1
NSRP1	2107	4
MIR423	0	0
MIR3184	0	0
SLC6A4	2	1
BLMH	1600	3
TMIGD1	0	0
CPD	7484	4
GOSR1	1912	3
TBC1D29	0	0
LRRC37BP1	665	3
SH3GL1P2	2	1
SUZ12P1	134	2
CRLF3	705	3
ATAD5	816	3
TEFM	529	2
ADAP2	2	1
RNF135	416	2
DPRXP4	0	0
MIR4733	0	0
NF1	3293	4
OMG	0	0
EVI2B	311	2
EVI2A	196	2
RAB11FIP4	0	0
MIR4724	0	0
MIR193A	5	1
MIR4725	0	0
MIR365B	0	0
COPRS	1838	3
UTP6	2500	4
SUZ12	2913	4
LRRC37B	198	2
SH3GL1P1	15	1
RHOT1	1466	3
ARGFXP2	0	0
RHBDL3	46	2
C17orf75	754	3
MIR632	0	0
ZNF207	8071	4
PSMD11	5245	4
CDK5R1	107	2
MYO1D	1982	3
TMEM98	1639	3
SPACA3	0	0
ASIC2	0	0
AA06	0	0
LOC101927239	3	1
CCL2	13734	4
CCL7	128	2
CCL11	0	0
CCL8	12	1
CCL13	14	1
CCL1	12	1
C17orf102	0	0
TMEM132E	0	0
CCT6B	105	2
ZNF830	438	2
LIG3	842	3
RFFL	143	2
RAD51L3-RFFL	0	0
RAD51D	616	3
FNDC8	76	2
NLE1	804	3
UNC45B	0	0
SLC35G3	0	0
SLFN5	2385	4
SLFN11	2142	4
SLFN12	545	2
SLFN13	284	2
SLFN12L	6	1
SLFN14	0	0
SNORD7	0	0
PEX12	389	2
AP2B1	9399	4
RASL10B	28	1
GAS2L2	0	0
MMP28	8	1
C17orf50	0	0
TAF15	4488	4
HEATR9	12	1
CCL5	112	2
LRRC37A8P	0	0
RDM1	0	0
LYZL6	0	0
CCL16	0	0
CCL14	0	0
CCL15-CCL14	0	0
CCL15	0	0
CCL23	0	0
CCL18	0	0
CCL3	0	0
CCL3L1	0	0
CCL4L1	0	0
CCL4	0	0
CCL4L2	0	0
TBC1D3H	0	0
LOC101060389	0	0
TBC1D3B	0	0
TBC1D3L	0	0
LOC101060321	0	0
TBC1D3I	0	0
CCL3L3	0	0
LOC440434	144	2
TBC1D3K	0	0
TBC1D3F	0	0
ZNHIT3	941	3
MYO19	1866	3
PIGW	501	2
GGNBP2	3370	4
DHRS11	52	2
MRM1	390	2
LHX1	0	0
AATF	2420	4
MIR2909	0	0
ACACA	2828	4
C17orf78	0	0
TADA2A	440	2
DUSP14	2986	4
SYNRG	1818	3
DDX52	2108	4
MIR378J	1	1
HNF1B	0	0
YWHAEP7	0	0
TBC1D3	0	0
TBC1D3C	0	0
TBC1D3E	0	0
MRPL45	1416	3
GPR179	0	0
SOCS7	404	2
ARHGAP23	6898	4
SRCIN1	0	0
C17orf96	34	2
MIR4734	0	0
MLLT6	3687	4
MIR4726	0	0
CISD3	955	3
PCGF2	801	3
PSMB3	4079	4
PIP4K2B	3829	4
CWC25	867	3
MIR4727	0	0
C17orf98	0	0
RPL23	18990	4
SNORA21	12	1
LASP1	24847	4
MIR6779	0	0
LINC00672	32	1
FBXO47	0	0
LRRC37A11P	0	0
LOC100131347	0	0
PLXDC1	2	1
ARL5C	0	0
CACNB1	250	2
RPL19	28697	4
STAC2	0	0
FBXL20	346	2
MED1	3644	4
CDK12	3656	4
NEUROD2	0	0
PPP1R1B	0	0
STARD3	1535	3
TCAP	0	0
PNMT	0	0
PGAP3	530	2
ERBB2	3019	4
MIR4728	0	0
MIEN1	980	3
GRB7	0	0
IKZF3	0	0
ZPBP2	0	0
GSDMB	40	2
ORMDL3	1028	3
LRRC3C	0	0
GSDMA	0	0
PSMD3	5971	4
CSF3	2844	4
MED24	2057	4
MIR6884	0	0
SNORD124	0	0
THRA	1125	3
NR1D1	232	2
MSL1	3659	4
CASC3	3041	4
MIR6866	0	0
RAPGEFL1	58	2
MIR6867	0	0
WIPF2	1932	3
CDC6	3303	4
RARA	627	3
RARA-AS1	26	1
GJD3	296	2
TOP2A	25519	4
IGFBP4	47315	4
TNS4	10	1
CCR7	23	1
SMARCE1	4768	4
KRT222	0	0
KRT24	0	0
KRT25	0	0
KRT26	0	0
KRT27	0	0
KRT28	0	0
KRT10	1456	3
TMEM99	277	2
KRT12	0	0
KRT20	0	0
KRT23	2	1
KRT39	0	0
KRT40	0	0
KRTAP3-3	0	0
KRTAP3-2	0	0
KRTAP3-1	0	0
KRTAP1-5	48	2
KRTAP1-4	0	0
KRTAP1-3	0	0
KRTAP1-1	0	0
KRTAP9-7	0	0
KRTAP2-1	0	0
KRTAP2-2	0	0
KRTAP2-3	8	1
KRTAP2-4	0	0
KRTAP4-7	0	0
KRTAP4-8	0	0
KRTAP4-9	0	0
KRTAP4-11	0	0
KRTAP4-12	4	1
KRTAP4-6	0	0
KRTAP4-5	0	0
KRTAP4-4	0	0
KRTAP4-3	0	0
KRTAP4-2	0	0
KRTAP4-1	0	0
KRTAP9-1	0	0
KRTAP9-2	0	0
KRTAP9-3	0	0
KRTAP9-8	0	0
KRTAP9-4	0	0
KRTAP9-9	0	0
KRTAP9-6	0	0
KRTAP29-1	0	0
KRTAP16-1	0	0
KRTAP17-1	0	0
KRT33A	0	0
KRT33B	0	0
KRT34	232	2
KRT31	0	0
LOC100505782	0	0
KRT37	0	0
KRT38	0	0
KRT32	0	0
KRT35	0	0
KRT36	0	0
KRT13	0	0
KRT15	49	2
MIR6510	0	0
KRT19	2	1
LINC00974	0	0
KRT9	0	0
KRT14	0	0
KRT16	0	0
KRT17	10	1
KRT42P	0	0
EIF1	11902	4
GAST	0	0
HAP1	0	0
JUP	26	1
P3H4	2910	4
FKBP10	19595	4
NT5C3B	1311	3
KLHL10	2	1
KLHL11	338	2
ACLY	16428	4
TTC25	8	1
CNP	10866	4
DNAJC7	2705	4
NKIRAS2	1785	3
ZNF385C	0	0
DHX58	1738	3
KAT2A	1943	3
HSPB9	0	0
RAB5C	8560	4
KCNH4	0	0
HCRT	0	0
GHDC	194	2
STAT5B	1458	3
STAT5A	28	1
STAT3	4324	4
PTRF	68938	4
ATP6V0A1	589	2
MIR548AT	0	0
MIR5010	1	1
NAGLU	3191	4
HSD17B1	499	2
COASY	1519	3
MLX	2146	4
PSMC3IP	706	3
FAM134C	1055	3
TUBG1	3234	4
TUBG2	329	2
PLEKHH3	621	3
CCR10	57	2
CNTNAP1	2973	4
EZH1	533	2
MIR6780A	0	0
RAMP2-AS1	0	0
RAMP2	14	1
VPS25	2460	4
WNK4	416	2
COA3	1036	3
CNTD1	33	2
BECN1	1458	3
MIR6781	0	0
PSME3	7981	4
AOC2	7	1
AOC3	4	1
AOC4P	0	0
LINC00671	0	0
G6PC	0	0
AARSD1	0	0
PTGES3L-AARSD1	0	0
PTGES3L	34	2
RUNDC1	1040	3
RPL27	15047	4
IFI35	10461	4
VAT1	6233	4
RND2	0	0
BRCA1	2624	4
NBR2	76	2
LOC101929767	22	1
NBR1	5662	4
TMEM106A	803	3
LINC00854	23	1
RNU2-1	0	0
LINC00910	17	1
ARL4D	754	3
MIR2117	0	0
DHX8	2502	4
ETV4	549	2
MEOX1	0	0
SOST	0	0
DUSP3	2361	4
C17orf105	0	0
MPP3	167	2
CD300LG	0	0
MPP2	4	1
FAM215A	0	0
PPY	0	0
PYY	8	1
NAGS	111	2
TMEM101	859	3
LSM12	1226	3
G6PC3	2186	4
HDAC5	1516	3
C17orf53	368	2
ASB16	39	2
ASB16-AS1	104	2
TMUB2	1268	3
ATXN7L3	4397	4
UBTF	5040	4
MIR6782	0	0
SLC4A1	0	0
RUNDC3A-AS1	2	1
RUNDC3A	1	1
SLC25A39	2728	4
GRN	11503	4
FAM171A2	77	2
ITGA2B	0	0
GPATCH8	2135	4
FZD2	5830	4
LINC01180	4	1
C17orf104	24	1
CCDC43	870	3
DBF4B	1070	3
ADAM11	8	1
GJC1	4197	4
HIGD1B	0	0
EFTUD2	5130	4
CCDC103	54	2
GFAP	12	1
KIF18B	2298	4
MIR6783	0	0
C1QL1	20	1
DCAKD	687	3
NMT1	5629	4
PLCD3	1308	3
MIR6784	0	0
ACBD4	100	2
HEXIM1	1942	3
HEXIM2	114	2
FMNL1	788	3
MAP3K14-AS1	6	1
SPATA32	0	0
MAP3K14	351	2
ARHGAP27	159	2
PLEKHM1	908	3
MIR4315-2	0	0
MIR4315-1	0	0
LRRC37A4P	200	2
LOC644172	4	1
MGC57346-CRHR1	0	0
MGC57346	175	2
CRHR1-IT1	30	1
CRHR1	0	0
MAPT-AS1	0	0
SPPL2C	0	0
MAPT	20	1
MAPT-IT1	0	0
STH	0	0
KANSL1	955	3
KANSL1-AS1	78	2
LRRC37A	48	2
ARL17B	3	1
ARL17A	83	2
NSFP1	8	1
LRRC37A2	149	2
NSF	2614	4
WNT3	424	2
WNT9B	0	0
GOSR2	2632	4
MIR5089	0	0
RPRML	0	0
CDC27	7480	4
MYL4	12	1
ITGB3	1870	3
THCAT158	4	1
EFCAB13	49	2
MRPL45P2	42	2
NPEPPS	3173	4
KPNB1	26627	4
TBKBP1	146	2
TBX21	0	0
OSBPL7	212	2
MRPL10	889	3
LRRC46	30	1
SCRN2	444	2
SP6	16	1
SP2	487	2
SP2-AS1	119	2
PNPO	824	3
PRR15L	0	0
CDK5RAP3	1546	3
COPZ2	2287	4
MIR152	3	1
NFE2L1	13478	4
CBX1	3998	4
SNX11	959	3
SKAP1	0	0
MIR1203	0	0
THRA1/BTR	0	0
LOC101927166	0	0
HOXB1	0	0
HOXB2	0	0
HOXB-AS1	0	0
HOXB3	0	0
HOXB4	0	0
MIR10A	0	0
HOXB-AS3	0	0
HOXB5	0	0
HOXB6	0	0
HOXB7	0	0
HOXB8	0	0
HOXB9	0	0
MIR196A1	0	0
PRAC1	0	0
PRAC2	0	0
MIR3185	0	0
HOXB13	0	0
TTLL6	2	1
CALCOCO2	3765	4
ATP5G1	1708	3
UBE2Z	7513	4
SNF8	1926	3
GIP	4	1
IGF2BP1	1168	3
B4GALNT2	0	0
GNGT2	0	0
ABI3	12	1
PHOSPHO1	0	0
FLJ40194	0	0
MIR6129	0	0
ZNF652	393	2
LOC102724596	10	1
PHB	5723	4
LOC101927207	0	0
NGFR	0	0
LOC100288866	0	0
MIR6165	0	0
NXPH3	8	1
SPOP	1950	3
SLC35B1	2499	4
FAM117A	2	1
KAT7	1011	3
TAC4	3	1
FLJ45513	0	0
DLX4	4	1
DLX3	0	0
LOC284080	10	1
ITGA3	25589	4
PDK2	274	2
SAMD14	44	2
PPP1R9B	4326	4
SGCA	6	1
HILS1	4	1
COL1A1	268642	4
LOC101927230	2	1
TMEM92	18	1
TMEM92-AS1	12	1
XYLT2	1544	3
MRPL27	1397	3
EME1	556	2
LRRC59	13691	4
ACSF2	338	2
CHAD	8	1
RSAD1	848	3
MYCBPAP	2	1
EPN3	0	0
SPATA20	1671	3
CACNA1G-AS1	0	0
CACNA1G	10	1
ABCC3	2569	4
ANKRD40	2808	4
LUC7L3	4615	4
LINC00483	0	0
MIR8059	0	0
WFIKKN2	0	0
TOB1	907	3
TOB1-AS1	0	0
SPAG9	4684	4
NME1-NME2	0	0
NME1	1753	3
NME2	55	2
MBTD1	319	2
UTP18	2251	4
LOC101927274	0	0
LOC440446	0	0
CA10	0	0
C17orf112	0	0
KIF2B	0	0
TOM1L1	711	3
COX11	717	3
STXBP4	352	2
HLF	0	0
MMD	341	2
TMEM100	14	1
PCTP	438	2
ANKFN1	0	0
NOG	676	3
C17orf67	412	2
DGKE	527	2
MTVR2	3	1
TRIM25	10060	4
MIR3614	0	0
COIL	832	3
SCPEP1	2372	4
RNF126P1	0	0
AKAP1	692	3
MSI2	402	2
LOC101927557	0	0
LOC101927539	0	0
CCDC182	0	0
MRPS23	1830	3
CUEDC1	2061	4
VEZF1	2339	4
SRSF1	12047	4
LOC101927666	0	0
DYNLL2	2055	3
OR4D1	0	0
MSX2P1	0	0
OR4D2	0	0
EPX	6	1
MKS1	167	2
LPO	0	0
MPO	0	0
BZRAP1	6	1
BZRAP1-AS1	7	1
MIR142	0	0
MIR4736	0	0
SUPT4H1	1221	3
RNF43	0	0
HSF5	0	0
MTMR4	1662	3
SEPT4-AS1	0	0
SEPT4	2	1
C17orf47	0	0
TEX14	4	1
RAD51C	329	2
PPM1E	13	1
TRIM37	1955	3
SKA2	2322	4
MIR454	0	0
MIR301A	0	0
PRR11	6790	4
SMG8	1080	3
GDPD1	26	1
YPEL2	32	1
MIR4729	0	0
LINC01476	0	0
DHX40	1254	3
CLTC	25082	4
PTRH2	1077	3
VMP1	3738	4
MIR21	3	1
TUBD1	233	2
RPS6KB1	1610	3
RNFT1	257	2
LOC101927755	0	0
TBC1D3P1-DHX40P1	0	0
MIR4737	5	1
HEATR6	819	3
WFDC21P	448	2
LOC653653	12	1
CA4	0	0
USP32	2535	4
SCARNA20	0	0
C17orf64	0	0
APPBP2	2129	4
LOC388406	0	0
PPM1D	605	3
BCAS3	194	2
TBX2-AS1	58	2
TBX2	4352	4
C17orf82	4	1
TBX4	2	1
NACA2	10	1
BRIP1	3392	4
INTS2	588	2
MED13	2370	4
TBC1D3P2	0	0
EFCAB3	0	0
METTL2A	584	2
TLK2	2895	4
MRC2	20132	4
MARCH10	7	1
MIR633	0	0
TANC2	1611	3
CYB561	14	1
ACE	56	2
KCNH6	0	0
DCAF7	3932	4
TACO1	996	3
MAP3K3	1568	3
LIMD2	68	2
LOC729683	0	0
STRADA	822	3
CCDC47	5615	4
DDX42	5039	4
FTSJ3	3245	4
PSMC5	4793	4
SMARCD2	1622	3
TCAM1P	0	0
CSH2	0	0
GH2	0	0
CSH1	0	0
CSHL1	0	0
GH1	0	0
CD79B	0	0
SCN4A	0	0
PRR29-AS1	0	0
PRR29	0	0
ICAM2	0	0
ERN1	315	2
SNHG25	3	1
SNORD104	25	1
SNORA76C	3	1
TEX2	2403	4
PECAM1	26	1
MIR1273E	0	0
MILR1	268	2
POLG2	261	2
DDX5	19402	4
MIR3064	46	2
MIR5047	386	2
CEP95	426	2
SMURF2	8959	4
LOC146880	215	2
MIR6080	0	0
PLEKHM1P	142	2
LRRC37A3	187	2
AMZ2P1	91	2
GNA13	3371	4
LOC100507002	64	2
RGS9	55	2
CRAT40	0	0
AXIN2	24	1
CEP112	416	2
APOH	0	0
PRKCA	4001	4
PRKCA-AS1	6	1
MIR634	1	1
CACNG5	0	0
CACNG4	2	1
CACNG1	0	0
HELZ	1563	3
PSMD12	3226	4
PITPNC1	846	3
MIR548AA2	0	0
MIR548D2	0	0
NOL11	2792	4
SNORA38B	1	1
BPTF	2684	4
C17orf58	239	2
KPNA2	12106	4
LINC00674	704	3
LOC440461	0	0
AMZ2	1732	3
ARSG	277	2
SLC16A6	671	3
PRKAR1A	12231	4
WIPI1	1554	3
MIR635	28	1
FAM20A	30	1
LINC01482	0	0
ABCA8	6	1
ABCA9	8	1
ABCA9-AS1	0	0
ABCA6	83	2
MIR4524B	0	0
MIR4524A	0	0
ABCA10	16	1
PRO1804	4	1
ABCA5	458	2
MAP2K6	28	1
LINC01483	0	0
LINC01497	0	0
LINC01028	0	0
KCNJ16	0	0
KCNJ2-AS1	2	1
KCNJ2	68	2
CASC17	0	0
LOC102723505	0	0
LINC01152	0	0
LOC102723517	0	0
SOX9-AS1	4	1
LOC101928205	2	1
SOX9	428	2
LINC00673	166	2
LINC00511	0	0
SLC39A11	730	3
SSTR2	0	0
COG1	1196	3
FAM104A	1310	3
C17orf80	903	3
CPSF4L	0	0
CDC42EP4	2601	4
SDK2	14	1
LOC100134391	0	0
LINC00469	0	0
LOC400620	0	0
RPL38	6286	4
MGC16275	12	1
TTYH2	2	1
DNAI2	0	0
KIF19	0	0
BTBD17	0	0
GPR142	0	0
GPRC5C	0	0
CD300A	0	0
CD300LB	0	0
CD300C	0	0
CD300LD	0	0
C17orf77	0	0
CD300E	0	0
RAB37	4	1
CD300LF	0	0
SLC9A3R1	718	3
MIR3615	0	0
NAT9	1124	3
TMEM104	1870	3
GRIN2C	11	1
FDXR	417	2
FADS6	0	0
USH1G	0	0
OTOP2	0	0
OTOP3	0	0
HID1	0	0
HID1-AS1	0	0
CDR2L	1510	3
ICT1	1053	3
KCTD2	1549	3
ATP5H	4552	4
SLC16A5	274	2
ARMC7	316	2
NT5C	1318	3
HN1	3737	4
SUMO2	7991	4
NUP85	2089	4
GGA3	1035	3
MRPS7	1925	3
MIF4GD	163	2
LOC100287042	21	1
SLC25A19	158	2
GRB2	5320	4
MIR3678	0	0
KIAA0195	968	3
MIR6785	0	0
CASKIN2	958	3
TSEN54	444	2
LLGL2	0	0
MYO15B	17	1
RECQL5	520	2
SMIM5	20	1
SMIM6	4	1
SAP30BP	2839	4
ITGB4	13	1
GALK1	1184	3
H3F3B	19805	4
MIR4738	0	0
UNK	992	3
UNC13D	17	1
WBP2	1363	3
TRIM47	269	2
TRIM65	1115	3
MRPL38	1398	3
FBF1	375	2
ACOX1	750	3
TEN1	0	0
TEN1-CDK3	2	1
CDK3	0	0
EVPL	0	0
SRP68	3936	4
GALR2	4	1
ZACN	2	1
EXOC7	4698	4
MIR6868	0	0
FOXJ1	0	0
RNF157-AS1	0	0
RNF157	21	1
UBALD2	1446	3
QRICH2	153	2
PRPSAP1	1771	3
SPHK1	7332	4
UBE2O	1263	3
AANAT	0	0
RHBDF2	885	3
CYGB	15	1
PRCD	4	1
SNHG16	2216	4
SNORD1C	4	1
SNORD1B	1	1
SNORD1A	2	1
ST6GALNAC2	6	1
ST6GALNAC1	0	0
LOC105274304	30	1
MXRA7	6230	4
JMJD6	1055	3
METTL23	691	3
SRSF2	7787	4
MIR636	0	0
MFSD11	902	3
LOC101928514	4	1
MGAT5B	267	2
SEC14L1	2681	4
SNHG20	51	2
SCARNA16	0	0
MIR6516	0	0
SEPT9	11140	4
MIR4316	0	0
LOC100507351	0	0
LOC100132174	0	0
FLJ45079	0	0
TNRC6C	676	3
TNRC6C-AS1	6	1
TMC6	2	1
TMC8	0	0
C17orf99	0	0
SYNGR2	627	3
TK1	5247	4
AFMID	280	2
BIRC5	5034	4
TMEM235	0	0
LOC100996291	0	0
SOCS3	2442	4
LOC101928674	2	1
PGS1	665	3
DNAH17	33	2
DNAH17-AS1	0	0
LOC101928710	0	0
CYTH1	976	3
USP36	1721	3
TIMP2	38508	4
CEP295NL	29	1
LGALS3BP	9747	4
CANT1	4602	4
C1QTNF1-AS1	1	1
C1QTNF1	3533	4
ENGASE	332	2
RBFOX3	0	0
MIR4739	0	0
HP09025	0	0
ENPP7	0	0
CBX2	251	2
CBX8	340	2
CBX4	1458	3
LOC101928766	0	0
LOC101928738	0	0
TBC1D16	1196	3
CCDC40	19	1
MIR1268B	0	0
GAA	897	3
EIF4A3	3662	4
CARD14	14	1
SGSH	1998	3
SLC26A11	465	2
RNF213	30339	4
LOC100294362	60	2
ENDOV	292	2
MIR4730	0	0
NPTX1	0	0
RPTOR	2771	4
LOC101928855	2	1
CHMP6	1351	3
BAIAP2-AS1	196	2
BAIAP2	263	2
AATK	0	0
MIR657	0	0
MIR3065	0	0
MIR338	0	0
MIR1250	0	0
AATK-AS1	0	0
CEP131	592	2
ENTHD2	423	2
C17orf89	1121	3
SLC38A10	5427	4
LINC00482	0	0
TMEM105	0	0
LOC100130370	6	1
BAHCC1	1156	3
MIR4740	0	0
MIR3186	0	0
ACTG1	175271	4
FSCN2	3	1
FAAP100	1388	3
NPLOC4	6522	4
TSPAN10	240	2
PDE6G	0	0
OXLD1	425	2
CCDC137	1840	3
ARL16	1065	3
HGS	5168	4
MIR6786	0	0
MRPL12	3310	4
SLC25A10	720	3
GCGR	0	0
FAM195B	2435	4
PPP1R27	2	1
P4HB	52601	4
ARHGDIA	19644	4
ALYREF	4282	4
ANAPC11	2365	4
NPB	70	2
PCYT2	1608	3
SIRT7	871	3
MAFG	2413	4
MAFG-AS1	179	2
PYCR1	1947	3
MYADML2	4	1
NOTUM	0	0
ASPSCR1	872	3
STRA13	1726	3
LRRC45	1135	3
RAC3	142	2
DCXR	959	3
RFNG	750	3
GPS1	3069	4
DUS1L	1850	3
FASN	9139	4
CCDC57	305	2
SLC16A3	22169	4
MIR6787	2	1
CSNK1D	4970	4
CD7	4	1
SECTM1	8355	4
TEX19	10	1
UTS2R	0	0
OGFOD3	1356	3
HEXDC	367	2
C17orf62	1750	3
NARF	527	2
FOXK2	2370	4
WDR45B	3843	4
RAB40B	46	2
MIR4525	0	0
FN3KRP	1329	3
FN3K	6	1
TBCD	2876	4
ZNF750	0	0
B3GNTL1	166	2
METRNL	2178	4
RPL23AP87	4	1
MGC70870	0	0
ROCK1P1	4	1
MIR8078	0	0
USP14	5100	4
THOC1	838	3
COLEC12	4	1
CETN1	0	0
CLUL1	2	1
TYMSOS	9	1
TYMS	1785	3
ENOSF1	560	2
YES1	1829	3
ADCYAP1	0	0
LINC00470	0	0
METTL4	792	3
NDC80	3111	4
CBX3P2	6	1
SMCHD1	7625	4
EMILIN2	276	2
LPIN2	1931	3
LOC727896	6	1
MYOM1	4	1
MYL12A	18018	4
LOC104968399	15	1
MYL12B	16677	4
TGIF1	1728	3
GAPLINC	0	0
DLGAP1	10	1
DLGAP1-AS1	71	2
DLGAP1-AS2	59	2
DLGAP1-AS3	0	0
MIR6718	0	0
DLGAP1-AS4	0	0
DLGAP1-AS5	0	0
C18orf42	0	0
LINC00526	34	2
LINC00667	1948	3
ZBTB14	502	2
EPB41L3	68	2
MIR3976HG	0	0
MIR3976	0	0
TMEM200C	0	0
L3MBTL4	0	0
L3MBTL4-AS1	0	0
MIR4317	0	0
LINC01387	0	0
ARHGAP28	0	0
LINC00668	0	0
LAMA1	224	2
LOC101927188	0	0
LRRC30	0	0
PTPRM	2444	4
LOC100192426	0	0
RAB12	1471	3
GACAT2	12	1
MTCL1	3113	4
NDUFV2	3547	4
NDUFV2-AS1	34	2
ANKRD12	1845	3
TWSG1	5838	4
RALBP1	3644	4
PPP4R1	4619	4
PPP4R1-AS1	13	1
RAB31	3068	4
TXNDC2	14	1
VAPA	7239	4
LINC01254	0	0
APCDD1	218	2
NAPG	1298	3
LOC101927410	0	0
PIEZO2	0	0
MIR6788	0	0
LINC01255	0	0
SLC35G4	0	0
MIR7153	0	0
GNAL	32	1
CHMP1B	1874	3
MPPE1	544	2
IMPA2	82	2
ANKRD62	0	0
C18orf61	0	0
CIDEA	0	0
TUBB6	30622	4
AFG3L2	1850	3
SLMO1	114	2
SPIRE1	1199	3
PSMG2	2016	3
CEP76	491	2
LOC100996324	0	0
PTPN2	1051	3
SEH1L	2385	4
CEP192	1981	3
LDLRAD4	0	0
LDLRAD4-AS1	0	0
MIR5190	0	0
MIR4526	0	0
FAM210A	681	3
RNMT	1643	3
MC5R	0	0
MC2R	0	0
ZNF519	82	2
ANKRD20A5P	0	0
CYP4F35P	0	0
CXADRP3	0	0
POTEC	0	0
ANKRD30B	0	0
MIR3156-2	0	0
LINC01443	0	0
LINC01444	0	0
LOC644669	0	0
ROCK1	5460	4
GREB1L	22	1
ESCO1	703	3
SNRPD1	3280	4
ABHD3	102	2
MIR320C1	0	0
MIB1	2857	4
MIR133A1HG	4	1
MIR133A1	0	0
MIR1-2	0	0
GATA6-AS1	0	0
GATA6	58	2
CTAGE1	0	0
LOC101927571	4	1
RBBP8	2622	4
MIR4741	0	0
CABLES1	298	2
TMEM241	239	2
RIOK3	1993	3
C18orf8	974	3
NPC1	2822	4
ANKRD29	154	2
LAMA3	201	2
TTC39C	896	3
TTC39C-AS1	2	1
CABYR	32	1
OSBPL1A	1509	3
MIR320C2	0	0
IMPACT	1834	3
HRH4	0	0
LOC729950	0	0
ZNF521	143	2
SS18	3207	4
PSMA8	0	0
TAF4B	34	2
LINC01543	0	0
KCTD1	741	3
MIR8057	0	0
PCAT18	0	0
AQP4	0	0
AQP4-AS1	0	0
CHST9	0	0
CDH2	5925	4
MIR302F	0	0
DSC3	0	0
DSC2	0	0
DSCAS	0	0
DSC1	0	0
DSG1	0	0
DSG1-AS1	0	0
DSG4	0	0
DSG3	0	0
DSG2	0	0
DSG2-AS1	0	0
TTR	0	0
B4GALT6	0	0
SLC25A52	0	0
TRAPPC8	1805	3
RNF125	0	0
RNF138	940	3
MEP1B	0	0
GAREM	0	0
WBP11P1	2	1
KLHL14	0	0
CCDC178	0	0
ASXL3	0	0
NOL4	0	0
DTNA	542	2
MAPRE2	922	3
ZNF397	282	2
ZSCAN30	302	2
ZNF271P	854	3
ZNF24	2490	4
ZNF396	0	0
INO80C	195	2
MIR3975	0	0
GALNT1	2531	4
MIR187	0	0
MIR3929	0	0
C18orf21	669	3
RPRD1A	2357	4
SLC39A6	11127	4
ELP2	2828	4
MOCOS	1294	3
FHOD3	1400	3
TPGS2	3105	4
KIAA1328	205	2
CELF4	0	0
MIR4318	0	0
LINC00669	79	2
MIR924	0	0
MIR5583-2	0	0
MIR5583-1	0	0
LINC01477	0	0
KC6	0	0
PIK3C3	1777	3
LINC00907	0	0
RIT2	0	0
SYT4	0	0
LINC01478	2	1
LOC105667213	0	0
SETBP1	191	2
MIR4319	0	0
SLC14A2	0	0
SLC14A2-AS1	0	0
SLC14A1	2	1
SIGLEC15	8	1
EPG5	3655	4
PSTPIP2	146	2
ATP5A1	14820	4
HAUS1	1538	3
C18orf25	1399	3
RNF165	0	0
LOXHD1	0	0
ST8SIA5	1	1
PIAS2	464	2
KATNAL2	19	1
TCEB3CL	0	0
TCEB3CL2	0	0
TCEB3C	0	0
TCEB3B	0	0
HDHD2	619	3
IER3IP1	3442	4
SKOR2	0	0
MIR4527	0	0
SMAD2	2594	4
ZBTB7C	0	0
CTIF	2771	4
MIR4743	0	0
SMAD7	1197	3
DYM	1412	3
MIR4744	0	0
C18orf32	26	1
RPL17-C18orf32	0	0
MIR1539	0	0
RPL17	231	2
SNORD58C	20	1
SNORD58A	8	1
SNORD58B	0	0
LIPG	0	0
ACAA2	544	2
SNHG22	0	0
SCARNA17	13	1
MYO5B	2	1
MIR4320	0	0
CFAP53	21	1
MBD1	2158	4
CXXC1	1653	3
SKA1	1555	3
MAPK4	0	0
MRO	0	0
ME2	2142	4
ELAC1	378	2
SMAD4	2825	4
MEX3C	1658	3
LOC100287225	0	0
DCC	0	0
MIR4528	0	0
LOC102724651	0	0
LOC101928167	0	0
MBD2	3928	4
SNORA37	0	0
POLI	820	3
STARD6	3	1
C18orf54	782	3
DYNAP	0	0
RAB27B	1947	3
CCDC68	553	2
LOC101927229	0	0
TCF4	3572	4
MIR4529	0	0
LINC01416	0	0
LINC01539	0	0
TXNL1	3019	4
WDR7	985	3
LINC-ROR	0	0
BOD1L2	0	0
ST8SIA3	0	0
ONECUT2	4	1
FECH	998	3
NARS	6224	4
LOC100505549	34	2
ATP8B1	4449	4
NEDD4L	1197	3
MIR122	0	0
MIR3591	0	0
ALPK2	3485	4
LOC101927322	0	0
MALT1	1630	3
ZNF532	2196	4
OACYLP	0	0
SEC11C	1838	3
GRP	0	0
RAX	0	0
CPLX4	0	0
LMAN1	13951	4
CCBE1	6888	4
PMAIP1	1895	3
MC4R	0	0
CDH20	0	0
LINC01544	0	0
RNF152	376	2
PIGN	1776	3
KIAA1468	2006	3
TNFRSF11A	8	1
ZCCHC2	1302	3
PHLPP1	468	2
BCL2	375	2
KDSR	2813	4
VPS4B	2713	4
SERPINB5	0	0
SERPINB12	0	0
SERPINB13	0	0
SERPINB4	0	0
SERPINB3	0	0
SERPINB11	0	0
SERPINB7	1023	3
SERPINB2	25203	4
SERPINB10	13	1
HMSD	0	0
SERPINB8	4795	4
LINC00305	0	0
LOC284294	0	0
LINC01538	0	0
CDH7	0	0
CDH19	0	0
MIR5011	0	0
DSEL	5816	4
LOC643542	0	0
TMX3	7069	4
CCDC102B	281	2
RNU6-39P	0	0
DOK6	10	1
CD226	10	1
RTTN	1222	3
SOCS6	1753	3
LOC101927481	11	1
LOC101060542	12	1
GTSCR1	0	0
LINC01541	0	0
LOC102724913	0	0
CBLN2	0	0
NETO1	0	0
MIR548AV	0	0
LOC400655	0	0
LOC100505817	0	0
FBXO15	12	1
TIMM21	1111	3
CYB5A	1639	3
C18orf63	0	0
LOC101927606	0	0
FAM69C	0	0
CNDP2	4034	4
CNDP1	0	0
LINC00909	233	2
ZNF407	710	3
ZADH2	1272	3
TSHZ1	1501	3
SMIM21	0	0
LOC339298	0	0
ZNF516	796	3
C18orf65	10	1
LINC00908	0	0
LINC00683	0	0
LOC101927651	0	0
LOC400661	0	0
LOC100131655	49	2
ZNF236	485	2
MBP	4	1
GALR1	0	0
LINC01029	0	0
SALL3	0	0
ATP9B	499	2
NFATC1	2	1
CTDP1	1151	3
KCNG2	4	1
PQLC1	1428	3
HSBP1L1	365	2
TXNL4A	2536	4
RBFA	720	3
RBFADN	6	1
ADNP2	1422	3
PARD6G-AS1	5	1
PARD6G	8	1
WASH5P	27	1
OR4F17	0	0
LINC01002	0	0
PPAP2C	1	1
MIER2	1057	3
THEG	0	0
C2CD4C	0	0
SHC2	0	0
ODF3L2	10	1
MADCAM1	8	1
TPGS1	577	2
CDC34	1754	3
GZMM	0	0
BSG	19554	4
HCN2	66	2
POLRMT	1846	3
FGF22	0	0
RNF126	1743	3
FSTL3	3308	4
PRSS57	0	0
PALM	0	0
MISP	8	1
PTBP1	17041	4
MIR4745	0	0
LPPR3	4	1
MIR3187	0	0
AZU1	0	0
PRTN3	0	0
ELANE	0	0
CFD	0	0
MED16	1999	3
R3HDM4	1376	3
KISS1R	0	0
ARID3A	1259	3
WDR18	1620	3
GRIN3B	24	1
TMEM259	5006	4
CNN2	10274	4
ABCA7	69	2
HMHA1	211	2
POLR2E	4060	4
GPX4	5278	4
SBNO2	2507	4
STK11	2084	4
CBARP	179	2
ATP5D	2132	4
MIDN	2018	3
CIRBP-AS1	42	2
CIRBP	4425	4
C19orf24	1337	3
EFNA2	0	0
MUM1	1376	3
NDUFS7	1190	3
GAMT	573	2
DAZAP1	5310	4
RPS15	15510	4
APC2	223	2
C19orf25	1142	3
PCSK4	8	1
REEP6	22	1
ADAMTSL5	533	2
PLK5	2	1
MEX3D	2483	4
MBD3	6452	4
UQCR11	2791	4
TCF3	4432	4
ONECUT3	0	0
ATP8B3	188	2
REXO1	1804	3
MIR1909	0	0
LOC100288123	7	1
KLF16	1800	3
ABHD17A	2719	4
ADAT3	112	2
SCAMP4	1803	3
CSNK1G2	3557	4
CSNK1G2-AS1	8	1
BTBD2	2187	4
MKNK2	1005	3
MOB3A	1714	3
IZUMO4	3	1
AP3D1	7424	4
DOT1L	1422	3
PLEKHJ1	1265	3
MIR1227	0	0
MIR6789	0	0
SF3A2	1833	3
AMH	225	2
MIR4321	0	0
JSRP1	0	0
OAZ1	23200	4
C19orf35	0	0
LINGO3	0	0
LSM7	1457	3
SPPL2B	1065	3
TMPRSS9	32	1
TIMM13	1789	3
LMNB2	20806	4
MIR7108	0	0
GADD45B	2134	4
GNG7	0	0
MIR7850	0	0
DIRAS1	4	1
SLC39A3	1537	3
SGTA	2948	4
THOP1	3350	4
ZNF554	36	2
ZNF555	98	2
ZNF556	0	0
ZNF57	24	1
ZNF77	157	2
TLE6	2	1
TLE2	6	1
AES	12885	4
GNA11	5245	4
GNA15	6	1
LOC100996351	1	1
S1PR4	2	1
NCLN	6871	4
CELF5	0	0
NFIC	6273	4
SMIM24	0	0
DOHH	771	3
FZR1	2218	4
C19orf71	341	2
MFSD12	4266	4
HMG20B	2372	4
GIPC3	2	1
TBXA2R	224	2
CACTIN-AS1	25	1
CACTIN	968	3
PIP5K1C	3200	4
TJP3	3	1
APBA3	376	2
MRPL54	1417	3
RAX2	0	0
MATK	0	0
ZFR2	0	0
ATCAY	0	0
NMRK2	0	0
DAPK3	3842	4
MIR637	9	1
EEF2	90078	4
SNORD37	9	1
PIAS4	779	3
ZBTB7A	2715	4
MAP2K2	4536	4
CREB3L3	0	0
SIRT6	802	3
ANKRD24	14	1
EBI3	60	2
CCDC94	552	2
SHD	0	0
TMIGD2	0	0
FSD1	117	2
STAP2	29	1
MPND	172	2
SH3GL1	5840	4
CHAF1A	2826	4
UBXN6	3414	4
MIR4746	0	0
HDGFRP2	3005	4
PLIN4	6	1
PLIN5	0	0
LRG1	0	0
SEMA6B	110	2
TNFAIP8L1	559	2
MYDGF	10141	4
DPP9	4454	4
DPP9-AS1	32	1
MIR7-3HG	0	0
MIR7-3	0	0
FEM1A	1520	3
TICAM1	744	3
PLIN3	9664	4
ARRDC5	0	0
UHRF1	8267	4
MIR4747	1	1
KDM4B	683	3
PTPRS	1204	3
ZNRF4	0	0
TINCR	4	1
SAFB2	1895	3
SAFB	3297	4
C19orf70	1581	3
HSD11B1L	98	2
RPL36	11112	4
LONP1	3925	4
CATSPERD	4	1
PRR22	75	2
DUS3L	941	3
NRTN	0	0
FUT6	0	0
FUT3	0	0
LOC101928844	0	0
FUT5	0	0
NDUFA11	2875	4
VMAC	30	1
CAPS	30	1
RANBP3	2288	4
LOC100128568	21	1
RFX2	193	2
ACSBG2	7	1
MLLT1	3367	4
ACER1	0	0
CLPP	2054	3
ALKBH7	565	2
PSPN	4	1
GTF2F1	5012	4
MIR6885	0	0
MIR6790	0	0
KHSRP	7028	4
MIR3940	0	0
SLC25A41	0	0
SLC25A23	24	1
CRB3	0	0
DENND1C	0	0
TUBB4A	4	1
TNFSF9	10	1
CD70	0	0
TNFSF14	4	1
C3	15690	4
GPR108	1434	3
MIR6791	1	1
TRIP10	2696	4
SH2D3A	30	1
VAV1	0	0
ADGRE1	6	1
ADGRE4P	0	0
FLJ25758	0	0
MBD3L5	0	0
MBD3L4	0	0
MBD3L2	0	0
MBD3L3	0	0
ZNF557	276	2
INSR	104	2
ARHGEF18	2099	4
LOC100128573	0	0
PEX11G	22	1
C19orf45	2	1
ZNF358	1004	3
MCOLN1	908	3
PNPLA6	2999	4
CAMSAP3	2	1
MIR6792	0	0
XAB2	1505	3
PET100	935	3
PCP2	0	0
STXBP2	0	0
RETN	0	0
MCEMP1	0	0
TRAPPC5	1224	3
FCER2	0	0
CLEC4G	0	0
CD209	0	0
CLEC4M	0	0
CLEC4GP1	0	0
EVI5L	1226	3
PRR36	0	0
LYPLA2P2	2	1
LRRC8E	370	2
MAP2K7	1660	3
TGFBR3L	214	2
SNAPC2	882	3
CTXN1	126	2
TIMM44	1232	3
ELAVL1	4457	4
CCL25	0	0
FBN3	0	0
CERS4	20	1
CD320	2283	4
NDUFA7	706	3
RPS28	7019	4
KANK3	35	2
ANGPTL4	136	2
RAB11B-AS1	74	2
MIR4999	1	1
RAB11B	1670	3
MARCH2	362	2
HNRNPM	9884	4
PRAM1	0	0
ZNF414	304	2
MYO1F	90	2
ADAMTS10	52	2
ACTL9	0	0
OR2Z1	0	0
ZNF558	376	2
MBD3L1	0	0
MUC16	0	0
OR1M1	0	0
OR7G2	0	0
OR7G1	0	0
OR7G3	0	0
ZNF317	850	3
OR7D2	0	0
OR7D4	0	0
OR7E24	0	0
ZNF699	70	2
ZNF559	289	2
ZNF559-ZNF177	1	1
ZNF177	0	0
ZNF266	402	2
ZNF560	0	0
ZNF426	186	2
ZNF121	131	2
ZNF561	941	3
ZNF561-AS1	155	2
ZNF562	885	3
ZNF812	1	1
ZNF846	74	2
FBXL12	905	3
UBL5	3124	4
PIN1	2177	4
OLFM2	1459	3
COL5A3	8340	4
RDH8	6	1
MIR5589	0	0
C3P1	0	0
C19orf66	4337	4
ANGPTL6	10	1
PPAN-P2RY11	0	0
PPAN	106	2
SNORD105	0	0
SNORD105B	0	0
P2RY11	58	2
EIF3G	4164	4
DNMT1	10489	4
S1PR2	861	3
MIR4322	2	1
MRPL4	2264	4
ICAM1	944	3
ICAM4	2	1
ICAM5	96	2
ZGLP1	74	2
FDX1L	652	3
RAVER1	2335	4
ICAM3	421	2
TYK2	2293	4
CDC37	9363	4
MIR1181	0	0
PDE4A	165	2
KEAP1	3094	4
S1PR5	134	2
ATG4D	338	2
MIR1238	0	0
KRI1	1235	3
CDKN2D	979	3
AP1M2	4	1
SLC44A2	6633	4
ILF3-AS1	280	2
ILF3	15392	4
QTRT1	871	3
DNM2	5375	4
MIR638	0	0
MIR4748	0	0
MIR199A1	7	1
MIR6793	0	0
TMED1	2082	4
C19orf38	2	1
CARM1	3745	4
YIPF2	2246	4
C19orf52	368	2
SMARCA4	5657	4
LDLR	8318	4
MIR6886	0	0
SPC24	524	2
KANK2	8493	4
DOCK6	544	2
C19orf80	0	0
TSPAN16	0	0
RAB3D	148	2
TMEM205	832	3
CCDC159	93	2
LPPR2	621	3
SWSAP1	45	2
EPOR	323	2
RGL3	74	2
CCDC151	14	1
PRKCSH	15382	4
ELAVL3	0	0
ZNF653	220	2
MIR7974	0	0
ECSIT	754	3
CNN1	718	3
ELOF1	1543	3
ACP5	100	2
ZNF627	368	2
HNRNPA1P10	56	2
ZNF833P	22	1
ZNF823	182	2
ZNF441	415	2
ZNF491	2	1
ZNF440	97	2
ZNF439	3	1
ZNF69	0	0
ZNF700	339	2
ZNF763	14	1
ZNF433	22	1
ZNF878	2	1
ZNF844	0	0
ZNF788	20	1
ZNF625-ZNF20	8	1
ZNF20	0	0
ZNF625	43	2
ZNF136	276	2
LOC100289333	0	0
ZNF44	144	2
ZNF563	4	1
ZNF442	0	0
ZNF799	82	2
ZNF443	54	2
ZNF709	26	1
ZNF564	204	2
ZNF490	148	2
ZNF791	564	2
MAN2B1	3897	4
WDR83	188	2
WDR83OS	921	3
DHPS	1420	3
FBXW9	166	2
TNPO2	4414	4
SNORD41	0	0
C19orf43	6847	4
ASNA1	2639	4
BEST2	0	0
HOOK2	230	2
MIR5684	0	0
JUNB	2299	4
PRDX2	1197	3
RNASEH2A	3037	4
RTBDN	2	1
MAST1	51	2
MIR6794	0	0
DNASE2	1542	3
KLF1	0	0
GCDH	541	2
SYCE2	37	2
MIR5695	3	1
FARSA	3277	4
CALR	78637	4
MIR6515	0	0
RAD23A	4280	4
GADD45GIP1	2886	4
DAND5	0	0
NFIX	4858	4
LYL1	6	1
TRMT1	1175	3
NACC1	5557	4
STX10	1003	3
IER2	3027	4
CACNA1A	10	1
CCDC130	794	3
MRI1	408	2
C19orf53	2914	4
ZSWIM4	399	2
LOC284454	303	2
MIR24-2	0	0
MIR27A	2	1
MIR23A	11	1
MIR181C	0	0
MIR181D	0	0
NANOS3	19	1
C19orf57	61	2
CC2D1A	1379	3
PODNL1	170	2
DCAF15	1604	3
RFX1	472	2
RLN3	0	0
IL27RA	286	2
PALM3	2	1
LOC113230	10	1
MIR1199	0	0
C19orf67	4	1
SAMD1	750	3
PRKACA	3249	4
ASF1B	2244	4
LOC100507373	66	2
ADGRL1	108	2
ADGRE5	4199	4
DDX39A	3960	4
PKN1	5738	4
PTGER1	69	2
GIPC1	6350	4
DNAJB1	4664	4
MIR639	0	0
TECR	1422	3
NDUFB7	1940	3
CLEC17A	0	0
ADGRE3	0	0
ZNF333	302	2
ADGRE2	2	1
OR7C1	0	0
OR7A5	0	0
OR7A10	0	0
OR7A17	0	0
OR7C2	0	0
SLC1A6	0	0
CCDC105	0	0
CASP14	0	0
OR1I1	0	0
SYDE1	3725	4
ILVBL	2300	4
NOTCH3	24	1
MIR6795	0	0
EPHX3	0	0
BRD4	2834	4
AKAP8	1362	3
AKAP8L	1419	3
WIZ	2013	3
MIR1470	0	0
RASAL3	0	0
PGLYRP2	0	0
CYP4F22	0	0
CYP4F8	0	0
CYP4F3	0	0
CYP4F12	0	0
OR10H2	0	0
OR10H3	0	0
CYP4F24P	0	0
OR10H5	0	0
OR10H1	0	0
UCA1	0	0
LOC102724279	0	0
CYP4F2	0	0
CYP4F11	0	0
OR10H4	0	0
LINC00661	0	0
LINC00905	0	0
TPM4	91264	4
RAB8A	3057	4
HSH2D	45	2
CIB3	0	0
FAM32A	3430	4
AP1M1	3671	4
KLF2	627	3
EPS15L1	846	3
CALR3	0	0
C19orf44	175	2
CHERP	1415	3
SLC35E1	2683	4
MED26	429	2
SMIM7	1700	3
TMEM38A	4	1
NWD1	0	0
SIN3B	1645	3
F2RL3	0	0
CPAMD8	0	0
HAUS8	1027	3
MYO9B	8652	4
USE1	335	2
OCEL1	163	2
NR2F6	2227	4
USHBP1	0	0
BABAM1	1963	3
ANKLE1	10	1
ABHD8	183	2
MRPL34	907	3
DDA1	2777	4
ANO8	430	2
GTPBP3	599	2
PLVAP	0	0
BST2	8675	4
MVB12A	817	3
BISPR	112	2
TMEM221	0	0
NXNL1	0	0
SLC27A1	438	2
PGLS	1713	3
FAM129C	0	0
COLGALT1	10312	4
UNC13A	0	0
MAP1S	1642	3
FCHO1	0	0
B3GNT3	0	0
INSL3	0	0
JAK3	0	0
RPL18A	17769	4
SNORA68	13	1
SLC5A5	0	0
CCDC124	2347	4
KCNN1	3	1
ARRDC2	514	2
IL12RB1	26	1
MAST3	153	2
PIK3R2	2850	4
IFI30	780	3
MPV17L2	616	3
RAB3A	22	1
PDE4C	0	0
LOC729966	0	0
KIAA1683	16	1
JUND	2850	4
MIR3188	0	0
LSM4	4115	4
PGPEP1	566	2
GDF15	270	2
MIR3189	1	1
LRRC25	0	0
SSBP4	1658	3
ISYNA1	10	1
ELL	932	3
FKBP8	8531	4
KXD1	3277	4
UBA52	11764	4
C19orf60	889	3
CRLF1	8	1
TMEM59L	0	0
KLHL26	0	0
CRTC1	239	2
COMP	0	0
UPF1	5823	4
GDF1	0	0
CERS1	0	0
COPE	5537	4
DDX49	1777	3
HOMER3	3539	4
SUGP2	3007	4
ARMC6	2146	4
SLC25A42	195	2
TMEM161A	648	3
MEF2B	3	1
MEF2BNB-MEF2B	0	0
MEF2BNB	224	2
RFXANK	581	2
NR2C2AP	626	3
NCAN	0	0
HAPLN4	0	0
TM6SF2	0	0
SUGP1	1021	3
MAU2	1511	3
GATAD2A	3396	4
MIR640	0	0
TSSK6	33	2
NDUFA13	3540	4
YJEFN3	43	2
CILP2	8	1
PBX4	28	1
LPAR2	63	2
GMIP	334	2
ATP13A1	2355	4
ZNF101	298	2
ZNF14	24	1
LINC00663	12	1
ZNF506	4	1
ZNF253	10	1
ZNF93	121	2
ZNF682	0	0
ZNF90	0	0
ZNF486	116	2
ZNF826P	0	0
MIR1270	0	0
ZNF737	0	0
ZNF626	0	0
ZNF85	217	2
ZNF430	316	2
ZNF714	344	2
ZNF431	199	2
ZNF708	173	2
ZNF738	148	2
ZNF493	65	2
LINC00664	0	0
ZNF429	0	0
ZNF100	122	2
LOC641367	2	1
ZNF43	2	1
ZNF208	0	0
ZNF257	0	0
ZNF676	0	0
ZNF729	0	0
ZNF98	0	0
LOC101929124	0	0
LINC01233	0	0
GOLGA2P9	0	0
LOC100996349	0	0
ZNF492	0	0
ZNF99	0	0
ZNF728	0	0
LOC101929164	0	0
LOC101929144	0	0
ZNF730	2	1
ZNF724P	2	1
IPO5P1	12	1
ZNF91	161	2
LINC01224	0	0
ZNF675	228	2
ZNF681	0	0
RPSAP58	436	2
ZNF726	8	1
ZNF254	313	2
HAVCR1P1	0	0
LINC00662	52	2
LOC101927151	133	2
LOC100420587	0	0
LINC00906	0	0
LOC102724958	0	0
LINC01532	0	0
UQCRFS1	2627	4
LOC284395	0	0
VSTM2B	0	0
POP4	1545	3
PLEKHF1	172	2
C19orf12	1116	3
CCNE1	192	2
URI1	2155	4
ZNF536	0	0
TSHZ3	949	3
THEG5	0	0
LINC01533	0	0
LOC101927411	0	0
ZNF507	1019	3
LOC400684	49	2
DPY19L3	1323	3
PDCD5	3762	4
ANKRD27	1292	3
RGS9BP	4	1
NUDT19	185	2
TDRD12	0	0
SLC7A9	2	1
CEP89	1220	3
FAAP24	347	2
RHPN2	249	2
GPATCH1	450	2
WDR88	15	1
LRP3	35	2
SLC7A10	0	0
CEBPA	0	0
CEBPA-AS1	0	0
CEBPG	1207	3
PEPD	1546	3
CHST8	0	0
KCTD15	456	2
LSM14A	3463	4
KIAA0355	956	3
GPI	3639	4
PDCD2L	180	2
UBA2	6453	4
WTIP	1264	3
SCGB1B2P	14	1
SCGB2B2	0	0
SCGB2B3P	0	0
ZNF302	805	3
ZNF181	210	2
ZNF599	20	1
LOC400685	0	0
LINC00904	0	0
ZNF30-AS1	0	0
ZNF30	28	1
ZNF792	90	2
GRAMD1A	869	3
SCN1B	163	2
HPN	0	0
HPN-AS1	0	0
FXYD3	0	0
MIR6887	0	0
LGI4	0	0
FXYD1	2	1
FXYD7	6	1
FXYD5	5853	4
FAM187B	0	0
LSR	128	2
USF2	2180	4
HAMP	0	0
MAG	0	0
CD22	6	1
MIR5196	0	0
FFAR1	0	0
FFAR3	0	0
LINC01531	0	0
FFAR2	0	0
KRTDAP	0	0
DMKN	28	1
SBSN	234	2
GAPDHS	90	2
TMEM147-AS1	58	2
TMEM147	1748	3
ATP4A	2	1
LOC102723617	0	0
HAUS5	850	3
RBM42	3175	4
ETV2	8	1
COX6B1	2878	4
UPK1A	0	0
UPK1A-AS1	0	0
ZBTB32	12	1
KMT2B	1675	3
IGFLR1	138	2
U2AF1L4	206	2
PSENEN	1521	3
LIN37	297	2
HSPB6	1022	3
PROSER3	413	2
ARHGAP33	318	2
LINC01529	1	1
PRODH2	0	0
NPHS1	0	0
KIRREL2	0	0
APLP1	274	2
NFKBID	104	2
HCST	6	1
TYROBP	0	0
LRFN3	469	2
SDHAF1	216	2
SYNE4	5	1
ALKBH6	432	2
LOC101927572	3	1
CLIP3	924	3
THAP8	152	2
WDR62	1271	3
OVOL3	0	0
POLR2I	704	3
TBCB	3231	4
CAPNS1	12799	4
COX7A1	552	2
ZNF565	110	2
ZNF146	3220	4
LOC100134317	0	0
LINC00665	7	1
ZFP14	32	1
ZFP82	58	2
LOC644189	0	0
ZNF566	124	2
LOC728752	1	1
ZNF260	630	3
ZNF529	188	2
ZNF529-AS1	60	2
ZNF382	31	1
ZNF461	66	2
LINC01534	10	1
ZNF567	243	2
ZNF850	102	2
LOC728485	0	0
ZNF790-AS1	2	1
ZNF790	60	2
ZNF345	38	2
ZNF829	74	2
ZNF568	65	2
ZNF420	93	2
ZNF585A	109	2
ZNF585B	247	2
ZNF383	112	2
LINC01535	0	0
LOC284412	0	0
HKR1	254	2
ZNF527	165	2
ZNF569	182	2
ZNF570	59	2
ZNF793-AS1	0	0
ZNF793	2	1
ZNF571-AS1	4	1
ZNF540	0	0
ZNF571	0	0
ZFP30	474	2
ZNF781	0	0
ZNF607	105	2
ZNF573	95	2
LOC644554	0	0
LOC100631378	0	0
WDR87	0	0
SIPA1L3	2152	4
DPF1	281	2
PPP1R14A	0	0
SPINT2	8	1
YIF1B	1888	3
C19orf33	0	0
KCNK6	112	2
CATSPERG	11	1
PSMD8	6495	4
GGN	38	2
SPRED3	468	2
FAM98C	255	2
RASGRP4	0	0
RYR1	0	0
MAP4K1	4	1
EIF3K	2622	4
ACTN4	45429	4
CAPN12	27	1
LGALS7	0	0
LGALS7B	0	0
LGALS4	0	0
ECH1	625	3
HNRNPL	12975	4
RINL	4	1
SIRT2	1162	3
NFKBIB	1064	3
CCER2	2	1
SARS2	442	2
MRPS12	1526	3
FBXO17	783	3
FBXO27	0	0
PAPL	0	0
PAK4	1183	3
NCCRP1	0	0
SYCN	0	0
IFNL3	0	0
IFNL4	0	0
IFNL2	0	0
IFNL1	2	1
LRFN1	0	0
GMFG	0	0
SAMD4B	2389	4
PAF1	3319	4
MED29	1837	3
ZFP36	827	3
MIR4530	3	1
PLEKHG2	1794	3
RPS16	14766	4
SUPT5H	4528	4
TIMM50	2109	4
DLL3	0	0
SELV	0	0
EID2B	77	2
EID2	718	3
LGALS13	0	0
LOC100129935	0	0
LGALS16	0	0
LGALS17A	0	0
LGALS14	0	0
CLC	0	0
LEUTX	0	0
DYRK1B	65	2
MIR6719	0	0
FBL	4254	4
FCGBP	0	0
PSMC4	3759	4
ZNF546	80	2
ZNF780B	204	2
ZNF780A	428	2
MAP3K10	503	2
TTC9B	2	1
CNTD2	2	1
AKT2	4811	4
MIR641	3	1
C19orf47	818	3
PLD3	6295	4
MIR6796	0	0
HIPK4	4	1
PRX	171	2
SERTAD1	1315	3
SERTAD3	1030	3
BLVRB	1145	3
SPTBN4	16	1
SHKBP1	2020	3
LTBP4	2731	4
NUMBL	879	3
ADCK4	576	2
ITPKC	667	3
C19orf54	284	2
SNRPA	1924	3
MIA	0	0
MIA-RAB4B	0	0
RAB4B-EGLN2	0	0
RAB4B	0	0
EGLN2	0	0
CYP2A6	3	1
CYP2A7	0	0
CYP2G1P	6	1
CYP2B7P	4	1
CYP2B6	0	0
CYP2A13	0	0
CYP2F1	0	0
CYP2S1	26	1
AXL	22759	4
HNRNPUL1	11902	4
CCDC97	787	3
TGFB1	6611	4
B9D2	114	2
TMEM91	23	1
EXOSC5	484	2
BCKDHA	560	2
B3GNT8	30	1
ATP5SL	1292	3
ERICH4	0	0
PCAT19	0	0
LINC01480	0	0
CEACAM21	0	0
CEACAM4	0	0
CEACAM7	0	0
CEACAM5	0	0
CEACAM6	0	0
CEACAM3	0	0
LYPD4	0	0
DMRTC2	2	1
RPS19	26200	4
MIR6797	0	0
CD79A	1	1
ARHGEF1	3432	4
RABAC1	5200	4
ATP1A3	4	1
GRIK5	0	0
ZNF574	760	3
POU2F2	1700	3
LOC100505622	32	1
MIR4323	0	0
DEDD2	814	3
ZNF526	1028	3
GSK3A	2838	4
ERF	2797	4
CIC	3548	4
PAFAH1B3	739	3
PRR19	52	2
TMEM145	0	0
MEGF8	2976	4
MIR8077	0	0
CNFN	0	0
LOC101930071	2	1
LIPE-AS1	5	1
LIPE	137	2
CXCL17	0	0
CEACAM1	8	1
CEACAM8	0	0
PSG3	0	0
PSG8	0	0
LOC100289650	0	0
PSG10P	2	1
PSG1	102	2
PSG6	1	1
PSG7	4	1
PSG11	2	1
PSG2	10	1
PSG5	3235	4
PSG4	605	3
LOC284344	11	1
PSG9	30	1
PRG1	0	0
CD177	16	1
TEX101	0	0
LYPD3	80	2
PHLDB3	153	2
ETHE1	1658	3
ZNF575	78	2
XRCC1	1577	3
PINLYP	25	1
IRGQ	928	3
ZNF576	650	3
ZNF428	488	2
SRRM5	8	1
CADM4	61	2
PLAUR	5998	4
IRGC	3	1
SMG9	1226	3
KCNN4	32	1
LYPD5	0	0
ZNF283	281	2
ZNF404	59	2
LOC100505715	46	2
ZNF45	629	3
ZNF221	69	2
ZNF155	131	2
LOC101928063	8	1
ZNF230	232	2
ZNF222	93	2
ZNF223	152	2
ZNF284	63	2
ZNF224	39	2
LOC100379224	16	1
ZNF225	121	2
ZNF234	188	2
ZNF226	533	2
ZNF227	314	2
ZNF233	16	1
ZNF235	66	2
ZNF112	220	2
ZNF285	16	1
ZNF229	92	2
ZNF180	392	2
CEACAM20	0	0
CEACAM22P	0	0
IGSF23	0	0
PVR	4024	4
MIR4531	0	0
CEACAM19	63	2
CEACAM16	0	0
BCL3	418	2
MIR8085	6	1
CBLC	0	0
BCAM	30	1
PVRL2	4847	4
TOMM40	3984	4
APOE	70	2
APOC1	76	2
APOC1P1	2	1
APOC4-APOC2	0	0
APOC4	0	0
APOC2	0	0
CLPTM1	5124	4
RELB	893	3
CLASRP	1163	3
ZNF296	33	2
GEMIN7	686	3
PPP1R37	1404	3
NKPD1	4	1
TRAPPC6A	28	1
BLOC1S3	422	2
EXOC3L2	0	0
MARK4	751	3
CKM	0	0
KLC3	360	2
ERCC2	2081	4
PPP1R13L	919	3
CD3EAP	243	2
ERCC1	2116	4
MIR6088	0	0
FOSB	24	1
RTN2	976	3
PPM1N	42	2
VASP	7534	4
OPA3	1207	3
GPR4	414	2
EML2	1623	3
MIR330	0	0
EML2-AS1	49	2
GIPR	0	0
MIR642A	0	0
MIR642B	0	0
SNRPD2	6373	4
QPCTL	489	2
FBXO46	360	2
BHMG1	0	0
SIX5	513	2
DMPK	1281	3
DMWD	1757	3
RSPH6A	0	0
SYMPK	3482	4
FOXA3	0	0
IRF2BP1	1106	3
MYPOP	301	2
NANOS2	0	0
NOVA2	0	0
CCDC61	251	2
MIR769	0	0
PGLYRP1	8	1
IGFL4	1	1
LOC400706	0	0
IGFL3	0	0
IGFL2	0	0
DKFZp434J0226	0	0
IGFL1	0	0
HIF3A	0	0
PPP5C	3646	4
CCDC8	0	0
PNMAL1	0	0
PPP5D1	21	1
PNMAL2	0	0
CALM3	16164	4
PTGIR	738	3
GNG8	9	1
DACT3	328	2
DACT3-AS1	4	1
PRKD2	2183	4
MIR320E	5	1
STRN4	3477	4
FKRP	1757	3
SLC1A5	12850	4
SNAR-E	0	0
AP2S1	5495	4
ARHGAP35	4799	4
NPAS1	4	1
TMEM160	532	2
ZC3H4	2422	4
SAE1	8360	4
BBC3	229	2
MIR3190	0	0
MIR3191	0	0
CCDC9	1081	3
INAFM1	268	2
C5AR1	6	1
C5AR2	0	0
DHX34	755	3
MEIS3	1235	3
SLC8A2	6	1
KPTN	244	2
NAPA-AS1	11	1
NAPA	5211	4
ZNF541	8	1
GLTSCR1	607	3
EHD2	14858	4
GLTSCR2	3275	4
SNORD23	5	1
SEPW1	1417	3
TPRX1	0	0
CRX	0	0
SULT2A1	0	0
SNAR-A13	0	0
SNAR-A12	0	0
SNAR-C5	0	0
SNAR-C1	0	0
SNAR-C2	0	0
SNAR-A1	0	0
SNAR-A2	0	0
SNAR-A3	0	0
SNAR-A5	0	0
SNAR-A14	0	0
SNAR-A4	0	0
SNAR-A8	0	0
SNAR-A11	0	0
SNAR-A6	0	0
SNAR-A7	0	0
SNAR-A9	0	0
SNAR-A10	0	0
SNAR-C4	0	0
SNAR-C3	0	0
BSPH1	0	0
ELSPBP1	0	0
CABP5	0	0
PLA2G4C	26	1
LIG1	2141	4
C19orf68	439	2
CARD8	731	3
CARD8-AS1	45	2
ZNF114	4	1
CCDC114	6	1
EMP3	12347	4
TMEM143	116	2
SYNGR4	0	0
KDELR1	7586	4
GRIN2D	0	0
GRWD1	2986	4
KCNJ14	36	2
CYTH2	1894	3
LMTK3	6	1
SULT2B1	0	0
FAM83E	2	1
SPACA4	0	0
RPL18	14663	4
SPHK2	596	2
DBP	8	1
CA11	17	1
SEC1P	0	0
NTN5	2	1
FUT2	0	0
LOC105447645	1	1
MAMSTR	91	2
RASIP1	2	1
IZUMO1	0	0
FUT1	0	0
FGF21	0	0
BCAT2	442	2
HSD17B14	39	2
PLEKHA4	5249	4
PPP1R15A	5315	4
TULP2	0	0
NUCB1	3984	4
NUCB1-AS1	8	1
DHDH	3	1
BAX	2695	4
FTL	62565	4
GYS1	2423	4
RUVBL2	4328	4
MIR6798	0	0
LHB	12	1
LOC101059948	4	1
CGB	2	1
SNAR-G2	0	0
CGB2	0	0
CGB1	0	0
SNAR-G1	0	0
CGB5	3	1
CGB8	10	1
CGB7	16	1
NTF4	8	1
KCNA7	18	1
SNRNP70	8714	4
LIN7B	56	2
C19orf73	8	1
PPFIA3	71	2
HRC	0	0
TRPM4	1775	3
SLC6A16	14	1
MIR4324	1	1
CD37	13	1
TEAD2	1041	3
DKKL1	4	1
LOC101928295	0	0
CCDC155	0	0
PTH2	0	0
GFY	0	0
SLC17A7	0	0
PIH1D1	1359	3
ALDH16A1	1799	3
FLT3LG	493	2
RPL13A	45982	4
SNORD32A	21	1
SNORD33	4	1
SNORD34	3	1
SNORD35A	15	1
RPS11	21745	4
SNORD35B	43	2
MIR150	0	0
FCGRT	707	3
RCN3	14	1
NOSIP	1614	3
PRRG2	0	0
PRR12	1932	3
RRAS	3232	4
SCAF1	5608	4
IRF3	1358	3
BCL2L12	1024	3
PRMT1	6022	4
MIR5088	0	0
ADM5	29	1
CPT1C	138	2
TSKS	0	0
AP2A1	4991	4
MIR6799	0	0
FUZ	290	2
MED25	1162	3
MIR6800	0	0
PTOV1-AS1	357	2
PTOV1	1758	3
MIR4749	0	0
PTOV1-AS2	142	2
PNKP	1014	3
AKT1S1	1978	3
TBC1D17	825	3
MIR4750	0	0
IL4I1	155	2
NUP62	5248	4
ATF5	1087	3
MIR4751	0	0
SIGLEC11	0	0
SIGLEC16	4	1
VRK3	613	3
ZNF473	524	2
FLJ26850	0	0
SNAR-B1	0	0
SNAR-B2	0	0
SNAR-D	0	0
IZUMO2	0	0
MYH14	0	0
KCNC3	0	0
NAPSB	0	0
NAPSA	0	0
NR1H2	2787	4
POLD1	2087	4
SPIB	2	1
MYBPC2	0	0
FAM71E1	0	0
EMC10	2283	4
JOSD2	1347	3
ASPDH	0	0
LRRC4B	2	1
SNAR-F	0	0
SYT3	0	0
C19orf81	0	0
SHANK1	101	2
CLEC11A	5806	4
GPR32	0	0
ACPT	6	1
C19orf48	2767	4
SNORD88B	16	1
SNORD88A	3	1
SNORD88C	3	1
MGC45922	0	0
KLK1	4	1
KLK15	0	0
LOC105372441	0	0
KLK3	0	0
KLK2	0	0
KLKP1	0	0
KLK4	0	0
KLK5	0	0
KLK6	0	0
KLK7	0	0
KLK8	0	0
KLK9	0	0
KLK10	0	0
KLK11	0	0
KLK12	0	0
KLK13	0	0
KLK14	0	0
CTU1	343	2
SIGLEC9	0	0
SIGLEC7	0	0
LOC101928517	0	0
SIGLEC17P	0	0
MIR8074	0	0
CD33	32	1
SIGLECL1	0	0
IGLON5	0	0
VSIG10L	76	2
ETFB	1489	3
CLDND2	9	1
NKG7	0	0
LIM2	0	0
C19orf84	0	0
SIGLEC10	0	0
LOC100129083	0	0
SIGLEC8	0	0
CEACAM18	0	0
SIGLEC12	0	0
SIGLEC6	0	0
ZNF175	508	2
LINC01530	5	1
SIGLEC5	0	0
SIGLEC14	0	0
SPACA6P-AS	10	1
MIR99B	0	0
MIRLET7E	0	0
MIR125A	0	0
SPACA6P	113	2
HAS1	4	1
FPR1	0	0
FPR2	0	0
FPR3	0	0
ZNF577	10	1
ZNF649-AS1	0	0
ZNF649	41	2
ZNF613	50	2
ZNF350-AS1	0	0
ZNF350	138	2
ZNF615	131	2
ZNF614	254	2
ZNF432	126	2
ZNF841	404	2
ZNF616	186	2
ZNF836	48	2
PPP2R1A	8119	4
MIR6801	0	0
ZNF766	252	2
MIR643	0	0
ZNF480	700	3
ZNF610	0	0
ZNF880	74	2
ZNF528-AS1	38	2
ZNF528	259	2
ZNF534	0	0
ZNF578	0	0
ZNF808	177	2
ZNF701	48	2
ZNF137P	1	1
ZNF83	568	2
ZNF611	503	2
ZNF600	79	2
ZNF28	277	2
ZNF468	318	2
ZNF320	219	2
ZNF888	62	2
ZNF321P	0	0
ZNF816-ZNF321P	0	0
ZNF816	75	2
ZNF702P	0	0
ERVV-1	0	0
ERVV-2	0	0
ZNF160	539	2
ZNF415	0	0
ZNF347	101	2
ZNF665	0	0
ZNF818P	0	0
ZNF677	0	0
VN1R2	0	0
VN1R4	0	0
FAM90A27P	0	0
BIRC8	0	0
ZNF845	447	2
ZNF525	157	2
ZNF765	268	2
ZNF761	423	2
TPM3P9	286	2
ZNF813	80	2
ZNF331	351	2
LOC284379	0	0
DPRX	0	0
MIR512-2	0	0
MIR512-1	0	0
MIR1323	0	0
MIR498	0	0
MIR520E	0	0
MIR515-1	0	0
MIR515-2	0	0
MIR519E	0	0
MIR520F	0	0
MIR519C	0	0
MIR1283-1	0	0
MIR520A	0	0
MIR526B	0	0
MIR519B	0	0
MIR525	0	0
MIR523	0	0
MIR518F	0	0
MIR520B	0	0
MIR518B	0	0
MIR526A1	0	0
MIR520C	0	0
MIR518C	0	0
MIR524	0	0
MIR517A	0	0
MIR519D	0	0
MIR521-2	0	0
MIR520D	0	0
MIR517B	0	0
MIR520G	0	0
MIR516B2	0	0
MIR526A2	0	0
MIR518E	0	0
MIR518A1	0	0
MIR518D	0	0
MIR516B1	0	0
MIR518A2	0	0
MIR517C	0	0
MIR520H	0	0
MIR521-1	0	0
MIR522	0	0
MIR519A1	0	0
MIR527	0	0
MIR516A1	0	0
MIR1283-2	0	0
MIR516A2	0	0
MIR519A2	0	0
MIR371A	0	0
MIR371B	0	0
MIR372	0	0
MIR373	0	0
NLRP12	0	0
MYADM	10372	4
PRKCG	8	1
CACNG7	0	0
CACNG8	16	1
MIR935	0	0
CACNG6	8	1
VSTM1	0	0
TARM1	0	0
OSCAR	8	1
NDUFA3	707	3
TFPT	400	2
PRPF31	2454	4
CNOT3	1641	3
LENG1	565	2
TMC4	5	1
MBOAT7	5402	4
TSEN34	1983	3
RPS9	17524	4
LILRB3	14	1
LILRA6	1	1
LILRB5	0	0
LILRB2	0	0
MIR4752	0	0
LILRA5	0	0
LILRA4	1	1
LAIR1	0	0
TTYH1	0	0
LENG8-AS1	27	1
LENG8	1708	3
LENG9	35	2
CDC42EP5	684	3
LAIR2	0	0
KIR3DX1	0	0
LILRA2	0	0
LILRA1	0	0
LILRB1	0	0
MIR8061	0	0
LILRB4	0	0
LILRP2	0	0
KIR3DL3	0	0
KIR2DL1	0	0
KIR2DS5	0	0
KIR2DS3	0	0
KIR2DS4	0	0
KIR2DL3	0	0
KIR2DS2	0	0
KIR2DL2	0	0
LOC101928804	0	0
KIR2DS1	0	0
KIR2DL4	0	0
KIR3DL1	0	0
KIR3DS1	0	0
KIR3DL2	0	0
FCAR	0	0
NCR1	0	0
NLRP7	0	0
NLRP2	0	0
GP6	0	0
RDH13	0	0
EPS8L1	32	1
PPP1R12C	3435	4
MIR7975	0	0
TNNT1	470	2
TNNI3	0	0
DNAAF3	3	1
SYT5	20	1
PTPRH	102	2
TMEM86B	38	2
PPP6R1	4929	4
MIR6804	0	0
MIR6802	0	0
MIR6803	0	0
HSPBP1	1692	3
BRSK1	202	2
TMEM150B	0	0
SUV420H2	114	2
COX6B2	0	0
FAM71E2	0	0
IL11	4313	4
TMEM190	6	1
TMEM238	0	0
RPL28	14426	4
MIR6805	0	0
UBE2S	8838	4
SHISA7	0	0
ISOC2	1300	3
ZNF628	294	2
NAT14	1265	3
SSC5D	682	3
SBK2	0	0
SBK3	0	0
ZNF579	530	2
FIZ1	378	2
ZNF524	339	2
ZNF865	833	3
ZNF784	200	2
ZNF580	520	2
ZNF581	351	2
CCDC106	37	2
U2AF2	11786	4
EPN1	4386	4
NLRP9	1	1
RFPL4A	0	0
RFPL4AL1	0	0
NLRP11	0	0
NLRP4	0	0
NLRP13	0	0
NLRP8	0	0
NLRP5	0	0
LOC101928886	0	0
ZNF787	1694	3
ZNF444	662	3
GALP	0	0
ZSCAN5B	0	0
ZSCAN5A	69	2
ZNF542P	2	1
ZNF582	1	1
ZNF582-AS1	0	0
ZNF583	127	2
ZNF667	0	0
ZNF667-AS1	0	0
ZNF471	30	1
ZFP28	304	2
ZNF470	130	2
ZNF71	354	2
SMIM17	4	1
ZNF835	0	0
ZIM2-AS1	0	0
ZIM2	0	0
PEG3	0	0
PEG3-AS1	0	0
MIMT1	0	0
USP29	0	0
ZIM3	0	0
DUXA	0	0
ZNF264	719	3
AURKC	1	1
ZNF805	229	2
ZNF460	207	2
ZNF543	149	2
ZNF304	458	2
ZNF547	86	2
TRAPPC2B	116	2
ZNF548	389	2
ZNF17	183	2
ZNF749	84	2
VN1R1	2	1
ZNF772	45	2
ZNF419	125	2
ZNF773	230	2
ZNF549	218	2
ZNF550	212	2
ZNF416	179	2
ZIK1	8	1
ZNF530	254	2
ZNF134	357	2
ZNF211	157	2
ZSCAN4	0	0
ZNF551	253	2
ZNF154	13	1
ZNF671	11	1
ZNF776	442	2
ZNF586	98	2
ZNF552	96	2
FKBP1AP1	4	1
ZNF587B	240	2
ZNF587	628	3
ZNF814	85	2
ZNF417	349	2
ZNF418	2	1
ZNF256	218	2
C19orf18	4	1
ZNF606	152	2
LOC100128398	14	1
ZSCAN1	0	0
ZNF135	0	0
ZSCAN18	10	1
ZNF329	460	2
ZNF274	660	3
ZNF544	463	2
ZNF8	161	2
ZSCAN22	155	2
MIR6806	0	0
A1BG	254	2
A1BG-AS1	43	2
ZNF497	49	2
ZNF837	38	2
MIR4754	2	1
RPS5	15184	4
RNF225	6	1
ZNF584	421	2
ZNF132	123	2
ZNF324B	228	2
ZNF324	497	2
ZNF446	223	2
SLC27A5	16	1
ZBTB45	567	2
TRIM28	13648	4
MIR6807	0	0
CHMP2A	2477	4
UBE2M	4049	4
MZF1-AS1	95	2
MZF1	238	2
CENPBD1P1	1505	3
KIR2DL5A	0	0
LILRA3	0	0
KIR2DL5B	0	0
FAM110C	0	0
SH3YL1	415	2
ACP1	3056	4
FAM150B	0	0
TMEM18	1025	3
LINC01115	0	0
LOC101060385	0	0
SNTG2	2	1
TPO	0	0
PXDN	25778	4
MYT1L	0	0
MYT1L-AS1	0	0
LINC01250	0	0
TSSC1	1002	3
TRAPPC12	1780	3
ADI1	4019	4
RNASEH1	1690	3
RNASEH1-AS1	364	2
RPS7	17962	4
COLEC11	0	0
ALLC	0	0
DCDC2C	0	0
LINC01304	0	0
LINC01249	0	0
LINC01248	0	0
SOX11	0	0
LINC01105	0	0
MIR7158	0	0
LOC400940	0	0
LINC01247	0	0
LINC01246	0	0
MIR7515HG	0	0
MIR7515	0	0
LINC00487	0	0
NRIR	4	1
CMPK2	2607	4
RSAD2	12772	4
RNF144A-AS1	0	0
RNF144A	0	0
LOC101929452	0	0
LOC100506274	0	0
LOC101929551	0	0
LINC00298	0	0
LINC00299	13	1
LOC101929567	0	0
ID2-AS1	3	1
ID2	2163	4
KIDINS220	2444	4
MBOAT2	816	3
ASAP2	2254	4
ITGB1BP1	3071	4
CPSF3	2288	4
IAH1	1420	3
ADAM17	1632	3
YWHAQ	20789	4
TAF1B	1402	3
GRHL1	26	1
KLF11	206	2
CYS1	22	1
RRM2	18605	4
C2orf48	29	1
MIR4261	0	0
HPCAL1	3941	4
ODC1	6227	4
SNORA80B	2	1
LOC101929715	4	1
NOL10	1847	3
ATP6V1C2	30	1
PDIA6	15368	4
LOC101929733	0	0
KCNF1	0	0
FLJ33534	0	0
C2orf50	0	0
PQLC3	522	2
ROCK2	4239	4
LINC00570	0	0
E2F6	830	3
GREB1	0	0
MIR4429	0	0
NTSR2	0	0
LPIN1	1870	3
MIR548S	0	0
MIR4262	0	0
LOC100506457	0	0
MIR3681	0	0
TRIB2	578	2
MIR3125	0	0
LOC100506474	0	0
LINC00276	0	0
FAM84A	0	0
LOC653602	0	0
NBAS	1461	3
DDX1	7249	4
LOC101926966	0	0
MYCNUT	0	0
MYCNOS	0	0
MYCN	0	0
GACAT3	0	0
FAM49A	0	0
RAD51AP2	0	0
VSNL1	2	1
SMC6	2845	4
GEN1	1372	3
MSGN1	0	0
KCNS3	0	0
RDH14	178	2
NT5C1B-RDH14	0	0
NT5C1B	3	1
MIR4757	0	0
OSR1	162	2
LINC00954	0	0
TTC32	181	2
WDR35	540	2
LOC101928222	12	1
MATN3	114	2
LAPTM4A	14947	4
SDC1	7569	4
PUM2	4257	4
RHOB	7988	4
HS1BP3-IT1	16	1
HS1BP3	488	2
GDF7	0	0
LDAH	658	3
APOB	0	0
TDRD15	0	0
LOC645949	0	0
LOC102723362	0	0
KLHL29	315	2
ATAD2B	318	2
UBXN2A	1493	3
MFSD2B	7	1
C2orf44	672	3
FKBP1B	42	2
SF3B6	3001	4
FAM228B	48	2
TP53I3	901	3
PFN4	14	1
FAM228A	9	1
ITSN2	1163	3
NCOA1	703	3
PTRHD1	399	2
CENPO	2147	4
ADCY3	1901	3
DNAJC27	194	2
DNAJC27-AS1	3	1
EFR3B	2	1
POMC	0	0
DNMT3A	176	2
MIR1301	0	0
DTNB	94	2
ASXL2	1944	3
KIF3C	906	3
RAB10	7809	4
GAREML	2	1
HADHA	6908	4
HADHB	2996	4
ADGRF3	24	1
EPT1	2041	3
DRC1	0	0
OTOF	0	0
C2orf70	0	0
CIB4	0	0
KCNK3	0	0
SLC35F6	1461	3
CENPA	831	3
DPYSL5	0	0
MAPRE3	243	2
TMEM214	5526	4
AGBL5-AS1	0	0
AGBL5	475	2
OST4	2535	4
EMILIN1	17741	4
KHK	41	2
CGREF1	0	0
ABHD1	8	1
PREB	2127	4
PRR30	0	0
TCF23	0	0
SLC5A6	1413	3
ATRAID	4040	4
CAD	4799	4
SLC30A3	0	0
DNAJC5G	0	0
TRIM54	2	1
UCN	25	1
MPV17	1530	3
GTF3C2	1779	3
GTF3C2-AS1	6	1
EIF2B4	1106	3
SNX17	6331	4
ZNF513	437	2
PPM1G	6012	4
FTH1P3	4	1
NRBP1	6216	4
KRTCAP3	19	1
IFT172	403	2
FNDC4	15	1
GCKR	0	0
C2orf16	58	2
ZNF512	1279	3
CCDC121	38	2
GPN1	1525	3
SUPT7L	997	3
SLC4A1AP	1624	3
MRPL33	1373	3
RBKS	21	1
BRE-AS1	0	0
BRE	569	2
MIR4263	3	1
LOC100505736	2	1
LOC100505716	2	1
FLJ31356	3	1
FOSL2	3153	4
PLB1	7	1
PPP1CB	5904	4
SPDYA	3	1
TRMT61B	361	2
WDR43	3612	4
SNORD92	4	1
SNORD53	0	0
FAM179A	0	0
C2orf71	0	0
CLIP4	1476	3
ALK	3	1
YPEL5	1455	3
LBH	0	0
LOC285043	0	0
LCLAT1	542	2
CAPN13	0	0
GALNT14	0	0
CAPN14	6	1
EHD3	4302	4
XDH	597	2
SRD5A2	4	1
MEMO1	1025	3
DPY30	1054	3
SPAST	557	2
SLC30A6	2129	4
NLRC4	20	1
YIPF4	1688	3
BIRC6	3796	4
MIR558	0	0
BIRC6-AS2	0	0
TTC27	1203	3
MIR4765	0	0
LINC00486	0	0
LOC100271832	0	0
LTBP1	21037	4
MIR4430	0	0
RASGRP3	410	2
FAM98A	4348	4
LINC01317	0	0
MYADML	0	0
LINC01320	0	0
MIR548AD	0	0
LOC100288911	214	2
CRIM1	44851	4
FEZ2	2966	4
VIT	6	1
STRN	1640	3
HEATR5B	1005	3
GPATCH11	801	3
EIF2AK2	10591	4
SULT6B1	0	0
CEBPZOS	882	3
CEBPZ	3329	4
NDUFAF7	330	2
PRKD3	3370	4
QPCT	44	2
CDC42EP3	9234	4
LINC00211	24	1
RMDN2	174	2
RMDN2-AS1	0	0
CYP1B1	14	1
CYP1B1-AS1	0	0
ATL2	1689	3
LOC101929596	0	0
HNRNPLL	2031	3
GALM	212	2
SRSF7	5574	4
GEMIN6	708	3
DHX57	1240	3
MORN2	234	2
ARHGEF33	4	1
LOC375196	0	0
SOS1	1428	3
CDKL4	2	1
MAP4K3	2675	4
LOC728730	250	2
TMEM178A	4	1
THUMPD2	456	2
SLC8A1-AS1	52	2
SLC8A1	2759	4
LOC388942	0	0
LOC101929723	36	2
C2orf91	0	0
PKDCC	0	0
LOC102723824	0	0
EML4	1767	3
COX7A2L	2460	4
KCNG3	0	0
MTA3	609	3
OXER1	0	0
HAAO	0	0
LOC102723854	0	0
ZFP36L2	6201	4
LINC01126	2	1
THADA	1172	3
PLEKHH2	10	1
C1GALT1C1L	20	1
DYNC2LI1	279	2
ABCG5	0	0
ABCG8	0	0
LRPPRC	5462	4
PPM1B	1062	3
SLC3A1	0	0
PREPL	1666	3
CAMKMT	86	2
SIX3-AS1	0	0
SIX3	0	0
SIX2	0	0
LINC01121	0	0
SRBD1	1026	3
PRKCE	1041	3
EPAS1	10220	4
LOC101805491	0	0
TMEM247	0	0
ATP6V1E2	47	2
RHOQ	2086	4
LOC100506142	5	1
PIGF	307	2
CRIPT	548	2
SOCS5	6190	4
LINC01118	4	1
LINC01119	88	2
MCFD2	19258	4
TTC7A	1338	3
C2orf61	4	1
CALM2	47601	4
LOC101927043	0	0
BCYRN1	112	2
EPCAM	0	0
MIR559	0	0
MSH2	3140	4
KCNK12	6	1
HCG2040054	0	0
MSH6	4128	4
FBXO11	2229	4
FOXN2	1237	3
PPP1R21	792	3
STON1-GTF2A1L	0	0
STON1	166	2
GTF2A1L	0	0
LHCGR	0	0
FSHR	0	0
MIR548BA	0	0
NRXN1	3	1
MIR8485	0	0
MIR4431	0	0
ASB3	21	1
GPR75-ASB3	0	0
CHAC2	224	2
ERLEC1	4993	4
MIR3682	2	1
GPR75	34	2
PSME4	3535	4
ACYP2	163	2
TSPYL6	0	0
C2orf73	0	0
SPTBN1	12013	4
RPL23AP32	0	0
EML6	73	2
RTN4	45658	4
CLHC1	156	2
RPS27A	8634	4
MTIF2	1533	3
PRORSD1P	12	1
CCDC88A	2908	4
CFAP36	757	3
PPP4R3B	2842	4
PNPT1	9509	4
EFEMP1	6367	4
MIR217HG	0	0
MIR217	0	0
MIR216A	0	0
MIR216B	0	0
LOC100129434	8	1
CCDC85A	63	2
VRK2	1618	3
FANCL	772	3
LINC01122	0	0
LOC101927285	0	0
MIR4432	0	0
BCL11A	41	2
PAPOLG	359	2
LINC01185	0	0
REL	363	2
PUS10	173	2
PEX13	1209	3
KIAA1841	573	2
LOC339803	388	2
C2orf74	476	2
AHSA2	490	2
USP34	3223	4
SNORA70B	0	0
XPO1	13093	4
FAM161A	262	2
CCT4	11532	4
COMMD1	730	3
B3GNT2	988	3
MIR5192	0	0
TMEM17	179	2
EHBP1	3204	4
LOC100132215	6	1
OTX1	12	1
DBIL5P2	2	1
WDPCP	140	2
MDH1	5057	4
UGP2	9064	4
VPS54	1233	3
PELI1	96	2
LINC00309	0	0
LOC100507006	0	0
MIR4433B	0	0
MIR4433A	0	0
LGALSL	0	0
AFTPH	1215	3
MIR4434	0	0
LOC339807	0	0
SERTAD2	1142	3
LOC101927438	0	0
LOC400958	0	0
SLC1A4	792	3
CEP68	372	2
RAB1A	7157	4
ACTR2	21126	4
SPRED2	1349	3
MIR4778	0	0
LOC729348	0	0
MEIS1-AS3	10	1
MEIS1	1212	3
MEIS1-AS2	10	1
LOC100507073	8	1
LOC101927577	0	0
LOC101060019	0	0
LOC102724321	0	0
LOC102800447	3	1
LOC644838	0	0
LOC101927661	0	0
ETAA1	1004	3
LOC101927701	2	1
C1D	859	3
WDR92	653	3
PNO1	1916	3
PPP3R1	3339	4
CNRIP1	1830	3
PLEK	0	0
FBXO48	150	2
APLF	136	2
PROKR1	0	0
ARHGAP25	0	0
BMP10	0	0
GKN2	0	0
GKN1	0	0
ANTXR1	10148	4
MIR3126	0	0
GFPT1	6012	4
NFU1	1059	3
AAK1	2776	4
SNORA36C	0	0
ANXA4	2690	4
GMCL1	609	3
SNRNP27	1547	3
MXD1	150	2
ASPRV1	14	1
PCBP1-AS1	78	2
PCBP1	12416	4
LOC100133985	4	1
C2orf42	305	2
TIA1	2122	4
MIR1285-2	0	0
PCYOX1	2976	4
SNRPG	3579	4
FAM136A	1376	3
TGFA	0	0
TGFA-IT1	0	0
ADD2	6	1
FIGLA	0	0
CLEC4F	0	0
CD207	0	0
LINC01143	0	0
VAX2	0	0
ATP6V1B1	0	0
ATP6V1B1-AS1	17	1
ANKRD53	10	1
TEX261	3167	4
OR7E91P	0	0
NAGK	3258	4
MCEE	206	2
MPHOSPH10	2061	4
PAIP2B	4	1
ZNF638	2602	4
DYSF	4	1
CYP26B1	20	1
EXOC6B	716	3
SPR	590	2
EMX1	0	0
SFXN5	595	2
RAB11FIP5	4450	4
NOTO	0	0
SMYD5	1259	3
PRADC1	810	3
CCT7	11803	4
FBXO41	137	2
EGR4	0	0
ALMS1	868	3
ALMS1-IT1	6	1
NAT8	0	0
ALMS1P	0	0
NAT8B	0	0
TPRKB	1018	3
DUSP11	984	3
C2orf78	0	0
STAMBP	1411	3
ACTG2	2431	4
DGUOK	1302	3
DGUOK-AS1	11	1
TET3	703	3
BOLA3	1078	3
BOLA3-AS1	156	2
MOB1A	3531	4
MTHFD2	4131	4
SLC4A5	164	2
DCTN1	8209	4
DCTN1-AS1	4	1
C2orf81	8	1
WDR54	778	3
RTKN	656	3
INO80B	8	1
INO80B-WBP1	0	0
WBP1	64	2
MOGS	3112	4
MRPL53	920	3
CCDC142	412	2
TTC31	933	3
LBX2	14	1
LBX2-AS1	7	1
PCGF1	407	2
TLX2	0	0
DQX1	4	1
AUP1	3999	4
HTRA2	736	3
LOXL3	4592	4
DOK1	1148	3
M1AP	16	1
SEMA4F	803	3
HK2	3545	4
LINC01291	74	2
POLE4	2339	4
TACR1	193	2
MIR5000	0	0
EVA1A	2178	4
LOC101927884	6	1
MRPL19	2013	3
GCFC2	531	2
LRRTM4	0	0
LOC101927907	0	0
LOC101927967	0	0
LOC101927926	0	0
SNAR-H	0	0
LOC101927948	0	0
REG3G	0	0
REG1B	0	0
REG1A	0	0
REG1P	0	0
REG3A	0	0
LOC101927987	0	0
CTNNA2	0	0
MIR4264	0	0
MIR8080	0	0
LRRTM1	0	0
LOC100507201	0	0
LOC1720	0	0
FUNDC2P2	0	0
SUCLG1	2662	4
DNAH6	4	1
TRABD2A	1390	3
TMSB10	65305	4
KCMF1	3150	4
TCF7L1	398	2
TGOLN2	15951	4
RETSAT	1634	3
ELMOD3	422	2
CAPG	2585	4
SH2D6	0	0
PARTICL	22	1
MAT2A	10481	4
GGCX	2034	3
VAMP8	2	1
VAMP5	0	0
RNF181	1570	3
TMEM150A	139	2
USP39	2025	3
C2orf68	198	2
SFTPB	2	1
GNLY	2	1
ATOH8	1159	3
MIR6071	0	0
LOC284950	34	2
ST3GAL5	325	2
ST3GAL5-AS1	2	1
LOC90784	305	2
POLR1A	2909	4
PTCD3	2021	3
SNORD94	8	1
IMMT	3755	4
MIR4779	0	0
MRPL35	1423	3
REEP1	0	0
KDM3A	729	3
CHMP3	3	1
RNF103-CHMP3	3	1
RNF103	638	3
RMND5A	368	2
CD8A	0	0
CD8B	0	0
ANAPC1P1	0	0
RGPD2	0	0
RGPD1	0	0
PLGLB2	0	0
PLGLB1	0	0
LOC285074	16	1
MIR4771-2	0	0
MIR4771-1	0	0
LINC00152	2395	4
MIR4435-1	0	0
MIR4435-2	0	0
KRCC1	1475	3
SMYD1	0	0
MIR4780	0	0
FABP1	0	0
THNSL2	8	1
FOXI3	0	0
TEX37	0	0
LOC101928371	0	0
EIF2AK3	681	3
RPIA	609	3
ANKRD36BP2	0	0
MIR4436A	0	0
LOC654342	1	1
GGT8P	0	0
ACTR3BP2	0	0
LOC100133920	0	0
FAM95A	0	0
ANKRD20A8P	0	0
LOC442028	0	0
TEKT4	0	0
MAL	0	0
MRPS5	1415	3
ZNF514	275	2
ZNF2	185	2
PROM2	8	1
KCNIP3	48	2
FAHD2A	579	2
TRIM43B	0	0
TRIM43	0	0
LINC00342	127	2
ANKRD36C	157	2
FAHD2CP	13	1
GPAT2	32	1
ADRA2B	0	0
ASTL	0	0
DUSP2	4	1
STARD7	5636	4
STARD7-AS1	104	2
TMEM127	3738	4
CIAO1	2946	4
SNRNP200	9674	4
ITPRIPL1	83	2
NCAPH	2241	4
NEURL3	0	0
ARID5A	742	3
KANSL3	1444	3
FER1L5	4	1
LMAN2L	925	3
CNNM4	274	2
MIR3127	0	0
CNNM3	451	2
ANKRD23	68	2
ANKRD39	215	2
SEMA4C	1213	3
FAM178B	0	0
LOC101927053	0	0
FAHD2B	18	1
ANKRD36	165	2
LOC100506076	0	0
LOC100506123	0	0
ANKRD36B	146	2
COX5B	3003	4
ACTR1B	2407	4
LINC01125	5	1
ZAP70	4	1
TMEM131	2110	4
VWA3B	0	0
CNGA3	0	0
INPP4A	870	3
COA5	344	2
UNC50	1222	3
MGAT4A	0	0
LOC101927070	0	0
KIAA1211L	0	0
TSGA10	3	1
C2orf15	2	1
LIPT1	86	2
MITD1	467	2
MRPL30	1925	3
LYG2	3	1
LYG1	8	1
TXNDC9	2413	4
EIF5B	6672	4
REV1	1115	3
AFF3	1395	3
LINC01104	0	0
LONRF2	0	0
CHST10	342	2
NMS	0	0
PDCL3	1075	3
NPAS2	987	3
LOC101927142	0	0
RPL31	16973	4
TBC1D8	704	3
CNOT11	1857	3
SNORD89	0	0
RNF149	660	3
MIR5696	0	0
CREG2	0	0
RFX8	189	2
MAP4K4	7909	4
LINC01127	0	0
IL1R2	10	1
IL1R1	5115	4
IL1RL2	0	0
IL1RL1	0	0
IL18R1	4	1
IL18RAP	0	0
MIR4772	0	0
SLC9A4	0	0
SLC9A2	0	0
MFSD9	149	2
TMEM182	43	2
LOC100287010	0	0
LINC01102	0	0
LINC01103	0	0
LINC01114	0	0
LINC01158	0	0
POU3F3	0	0
LINC01159	0	0
LOC102724691	0	0
MRPS9	566	2
UTAT33	0	0
GPR45	0	0
TGFBRAP1	1620	3
C2orf49	796	3
FHL2	4460	4
LOC285000	0	0
NCK2	825	3
C2orf40	0	0
UXS1	1908	3
PLGLA	0	0
RGPD3	26	1
ST6GAL2	44	2
MIR548AU	0	0
GACAT1	0	0
RGPD4-AS1	0	0
RGPD4	0	0
SLC5A7	0	0
LINC01594	0	0
SULT1C3	0	0
SULT1C2	0	0
SULT1C2P1	0	0
SULT1C4	0	0
GCC2	1490	3
LIMS1	3650	4
RANBP2	4605	4
CCDC138	201	2
EDAR	0	0
SH3RF3-AS1	267	2
SH3RF3	1021	3
MIR4265	4	1
MIR4266	1	1
SEPT10	5922	4
SOWAHC	2282	4
RGPD6	0	0
RGPD5	0	0
RGPD8	0	0
LIMS3L	0	0
LIMS3-LOC440895	0	0
LIMS3	0	0
LOC100288570	0	0
LOC440895	0	0
LINC01123	0	0
MIR4267	0	0
MALL	0	0
MIR4436B1	0	0
MIR4436B2	0	0
NPHP1	67	2
LINC00116	748	3
LOC100507334	0	0
LINC01106	0	0
BUB1	4185	4
ACOXL	0	0
LOC400997	0	0
BCL2L11	93	2
MIR4435-2HG	1941	3
ANAPC1	2136	4
MERTK	4	1
TMEM87B	3006	4
FBLN7	571	2
ZC3H8	197	2
ZC3H6	220	2
TTL	3663	4
POLR1B	1273	3
CHCHD5	398	2
FLJ42351	17	1
SLC20A1	11747	4
CKAP2L	5033	4
IL1A	51	2
IL1B	4740	4
IL37	1	1
IL36G	6	1
IL36A	0	0
IL36B	0	0
IL36RN	0	0
IL1F10	0	0
IL1RN	14	1
PSD4	50	2
PAX8	138	2
PAX8-AS1	981	3
CBWD2	486	2
FOXD4L1	8	1
PGM5P3-AS1	0	0
PGM5P4-AS1	0	0
FAM138B	0	0
MIR1302-3	0	0
WASH2P	50	2
DDX11L2	60	2
RPL23AP7	246	2
RABL2A	66	2
SLC35F5	2930	4
MIR4782	4	1
LOC101060091	37	2
ACTR3	26263	4
LOC100499194	0	0
LINC01191	6	1
DPP10	0	0
DPP10-AS3	0	0
DPP10-AS1	0	0
DDX18	4182	4
CCDC93	1929	3
INSIG2	519	2
LOC101927709	0	0
EN1	0	0
MARCO	0	0
C1QL2	0	0
STEAP3	1919	3
STEAP3-AS1	6	1
C2orf76	110	2
DBI	4687	4
TMEM37	0	0
SCTR	0	0
CFAP221	0	0
TMEM177	184	2
PTPN4	294	2
EPB41L5	183	2
TMEM185B	1216	3
RALB	3890	4
INHBB	0	0
LINC01101	0	0
GLI2	996	3
TFCP2L1	0	0
CLASP1	2371	4
RNU4ATAC	0	0
NIFK-AS1	52	2
NIFK	1581	3
TSN	3487	4
CNTNAP5	0	0
GYPC	480	2
BIN1	921	3
CYP27C1	6	1
ERCC3	2013	3
MAP3K2	2129	4
PROC	0	0
MIR4783	0	0
IWS1	2177	4
MYO7B	126	2
LOC105373609	0	0
LIMS2	594	2
GPR17	20	1
SFT2D3	252	2
WDR33	2185	4
POLR2D	1647	3
AMMECR1L	1475	3
SAP130	1171	3
UGGT1	8726	4
HS6ST1	1384	3
LOC101927881	0	0
LOC151121	0	0
LOC389033	5	1
LOC101927924	0	0
RAB6C-AS1	0	0
RAB6C	2	1
FAR2P1	0	0
POTEF	0	0
MED15P9	0	0
CCDC74B	28	1
SMPD4	3370	4
MZT2B	1200	3
TUBA3E	0	0
CCDC115	723	3
IMP4	1787	3
PTPN18	557	2
FAR2P2	0	0
CYP4F62P	0	0
POTEI	4	1
CFC1B	0	0
LOC646743	0	0
TISP43	0	0
CFC1	0	0
POTEJ	0	0
CYP4F30P	0	0
GPR148	0	0
AMER3	0	0
ARHGEF4	2	1
FAM168B	4629	4
PLEKHB2	6212	4
POTEE	12	1
LOC440910	0	0
WTH3DI	2	1
LINC01120	0	0
LOC401010	0	0
TUBA3D	11	1
MZT2A	1224	3
MIR4784	17	1
LOC150776	625	3
CCDC74A	108	2
POTEKP	0	0
LINC01087	0	0
C2orf27A	99	2
C2orf27B	0	0
ANKRD30BL	0	0
MIR663B	0	0
ZNF806	0	0
GPR39	140	2
LYPD1	32	1
NCKAP5	540	2
LOC101928161	2	1
MIR3679	0	0
MGAT5	2846	4
TMEM163	0	0
ACMSD	0	0
MIR5590	0	0
CCNT2-AS1	26	1
CCNT2	1542	3
MAP3K19	0	0
RAB3GAP1	5383	4
ZRANB3	317	2
R3HDM1	1002	3
MIR128-1	0	0
UBXN4	6200	4
LCT	0	0
LOC100507600	0	0
MCM6	4520	4
DARS	2963	4
DARS-AS1	7	1
CXCR4	0	0
THSD7B	6	1
LOC101928273	0	0
HNMT	0	0
SPOPL	696	3
NXPH2	0	0
YY1P2	0	0
LRP1B	10	1
MIR7157	0	0
KYNU	958	3
ARHGAP15	6	1
LOC101928386	0	0
GTDC1	368	2
ZEB2	2960	4
ZEB2-AS1	0	0
LINC01412	0	0
TEX41	4	1
PABPC1P2	0	0
ACVR2A	178	2
ORC4	1136	3
MBD5	459	2
EPC2	936	3
KIF5C	0	0
LYPD6B	0	0
LYPD6	34	2
MMADHC	4397	4
LOC101929231	6	1
RND3	42064	4
LOC101929260	0	0
LOC101929282	2	1
RBM43	863	3
NMI	2224	4
LOC101929319	0	0
TNFAIP6	571	2
MIR4773-1	0	0
MIR4773-2	0	0
RIF1	3778	4
NEB	28	1
ARL5A	1379	3
CACNB4	0	0
STAM2	1993	3
FMNL2	3083	4
PRPF40A	7709	4
ARL6IP6	2090	4
RPRM	2	1
GALNT13	0	0
LOC100144595	0	0
KCNJ3	0	0
LOC101929378	0	0
NR4A2	322	2
GPD2	4874	4
GALNT5	3027	4
ERMN	0	0
FAM133DP	12	1
CYTIP	2	1
ACVR1C	20	1
ACVR1	2081	4
UPP2	0	0
CCDC148-AS1	0	0
CCDC148	12	1
PKP4	1543	3
DAPL1	0	0
TANC1	2159	4
MIR6888	0	0
WDSUB1	259	2
BAZ2B	641	3
LOC643072	41	2
MARCH7	4109	4
LY75-CD302	0	0
CD302	0	0
LY75	0	0
PLA2R1	481	2
ITGB6	0	0
LOC100505984	3	1
RBMS1	6417	4
MIR4785	57	2
TANK	1520	3
LOC101929512	0	0
LOC100996579	0	0
PSMD14	5826	4
TBR1	0	0
AHCTF1P1	16	1
SLC4A10	0	0
DPP4	8815	4
LOC101929532	40	2
GCG	0	0
FAP	4257	4
IFIH1	6136	4
GCA	403	2
KCNH7	0	0
LOC101929570	0	0
FIGN	244	2
GRB14	0	0
COBLL1	578	2
SNORA70F	0	0
LOC101929633	0	0
SLC38A11	0	0
SCN3A	90	2
SCN2A	640	3
CSRNP3	10	1
GALNT3	1758	3
LOC100506124	31	1
TTC21B	880	3
TTC21B-AS1	0	0
LOC102724058	0	0
SCN1A	3	1
LOC101929680	3	1
SCN9A	2212	4
SCN7A	0	0
XIRP2	2	1
XIRP2-AS1	0	0
LOC105616981	0	0
B3GALT1	0	0
STK39	2344	4
CERS6	559	2
MIR4774	0	0
CERS6-AS1	0	0
NOSTRIN	15	1
SPC25	1300	3
G6PC2	0	0
ABCB11	4	1
DHRS9	150	2
LRP2	0	0
BBS5	318	2
KLHL41	12	1
FASTKD1	572	2
PPIG	2928	4
CCDC173	2	1
PHOSPHO2	34	2
PHOSPHO2-KLHL23	0	0
KLHL23	10	1
SSB	5356	4
METTL5	920	3
UBR3	2011	3
MYO3B	0	0
LOC101929753	0	0
LOC101926913	0	0
LINC01124	0	0
SP5	0	0
ERICH2	0	0
GAD1	0	0
GORASP2	5270	4
TLK1	1464	3
METTL8	738	3
DCAF17	785	3
CYBRD1	8607	4
DYNC1I2	7404	4
SLC25A12	1471	3
HAT1	4521	4
METAP1D	168	2
DLX1	569	2
DLX2	331	2
DLX2-AS1	0	0
ITGA6	8611	4
PDK1	867	3
RAPGEF4-AS1	0	0
RAPGEF4	20	1
ZAK	6641	4
MLK7-AS1	27	1
CDCA7	1194	3
SP3	5338	4
OLA1	3395	4
LINC01305	0	0
SP9	0	0
CIR1	1522	3
SCRN3	715	3
GPR155	58	2
WIPF1	2356	4
CHRNA1	0	0
CHN1	3482	4
ATF2	1759	3
MIR933	0	0
ATP5G3	4976	4
KIAA1715	2399	4
EVX2	0	0
HOXD13	0	0
HOXD12	0	0
HOXD11	4	1
HOXD10	2	1
HOXD9	0	0
HOXD8	16	1
HOXD-AS2	56	2
MIR10B	3	1
HOXD4	22	1
HOXD3	2	1
HAGLR	0	0
HAGLROS	0	0
HOXD1	0	0
MIR7704	0	0
MTX2	1396	3
MIR1246	0	0
LINC01116	830	3
LINC01117	59	2
HNRNPA3	13401	4
MIR4444-1	0	0
MIR4444-2	0	0
NFE2L2	4003	4
MIR3128	0	0
LOC100130691	34	2
MIR6512	0	0
AGPS	2892	4
TTC30B	83	2
TTC30A	99	2
PDE11A	22	1
RBM45	542	2
OSBPL6	410	2
LOC101927027	885	3
PRKRA	1049	3
DFNB59	17	1
FKBP7	1162	3
PLEKHA3	1008	3
TTN-AS1	0	0
TTN	0	0
LOC101927055	0	0
CCDC141	0	0
SESTD1	810	3
ZNF385B	2	1
MIR1258	0	0
CWC22	1672	3
SCHLAP1	0	0
UBE2E3	4845	4
LOC101927156	0	0
MIR4437	0	0
ITGA4	3875	4
CERKL	108	2
NEUROD1	0	0
SSFA2	9310	4
PPP1R1C	0	0
PDE1A	56	2
DNAJC10	11202	4
FRZB	140	2
NCKAP1	13939	4
DUSP19	119	2
NUP35	929	3
MIR548AE1	0	0
ZNF804A	603	3
LOC101927196	0	0
FSIP2	1	1
LINC01473	2	1
ZC3H15	4309	4
ITGAV	9416	4
FAM171B	187	2
ZSWIM2	0	0
CALCRL	44	2
TFPI	4392	4
LINC01090	0	0
GULP1	1441	3
MIR561	0	0
DIRC1	2	1
COL3A1	68489	4
MIR1245A	0	0
MIR1245B	0	0
MIR3606	0	0
COL5A2	43600	4
MIR3129	0	0
WDR75	3130	4
SLC40A1	2	1
ASNSD1	3017	4
ANKAR	62	2
OSGEPL1	417	2
OSGEPL1-AS1	0	0
ORMDL1	1355	3
PMS1	913	3
MSTN	0	0
C2orf88	4	1
HIBCH	358	2
INPP1	1013	3
MFSD6	2045	3
NEMP2	311	2
NAB1	2538	4
GLS	4372	4
STAT1	75732	4
STAT4	73	2
MYO1B	8318	4
NABP1	2815	4
LOC105747689	25	1
SDPR	98	2
TMEFF2	4	1
PCGEM1	0	0
LOC101927406	0	0
LOC101927431	0	0
SLC39A10	2108	4
DNAH7	10	1
STK17B	1944	3
HECW2	786	3
LOC101927482	8	1
CCDC150	244	2
LOC100130452	0	0
GTF3C3	1573	3
C2orf66	24	1
PGAP1	638	3
ANKRD44	255	2
ANKRD44-IT1	0	0
SF3B1	10771	4
COQ10B	1916	3
HSPD1	20626	4
HSPE1-MOB4	0	0
HSPE1	1453	3
MOB4	0	0
RFTN2	15	1
MARS2	288	2
BOLL	0	0
PLCL1	2	1
LOC101927619	0	0
SATB2	1049	3
SATB2-AS1	0	0
LOC101927641	0	0
FTCDNL1	0	0
C2orf69	932	3
TYW5	428	2
C2orf47	808	3
SPATS2L	13581	4
KCTD18	391	2
SGOL2	2523	4
AOX1	2829	4
AOX2P	0	0
LOC100507140	2	1
LOC101927795	0	0
BZW1	15621	4
RNU6-31P	0	0
CLK1	2443	4
PPIL3	779	3
NIF3L1	1078	3
ORC2	878	3
FAM126B	646	3
NDUFB3	1482	3
CFLAR	3434	4
CFLAR-AS1	7	1
CASP10	150	2
CASP8	1129	3
ALS2CR12	19	1
TRAK2	2663	4
STRADB	871	3
ALS2CR11	2	1
TMEM237	3884	4
MPP4	317	2
ALS2	1929	3
CDK15	317	2
FZD7	2756	4
KIAA2012	15	1
SUMO1	4713	4
NOP58	4393	4
SNORD70	2	1
SNORD11B	0	0
SNORD11	0	0
BMPR2	4280	4
FAM117B	22	1
ICA1L	219	2
WDR12	1303	3
CARF	208	2
NBEAL1	512	2
CYP20A1	951	3
ABI2	2132	4
RAPH1	1671	3
CD28	0	0
CTLA4	0	0
ICOS	0	0
PARD3B	1210	3
NRP2	2036	3
INO80D	588	2
GCSHP3	88	2
NDUFS1	4225	4
EEF1B2	12587	4
SNORD51	3	1
SNORA41	4	1
GPR1	718	3
GPR1-AS	0	0
ZDBF2	433	2
ADAM23	263	2
LOC200726	0	0
DYTN	0	0
MDH1B	4	1
FASTKD2	2228	4
MIR3130-1	0	0
MIR3130-2	0	0
CPO	2	1
KLF7	1466	3
MIR2355	0	0
MIR7845	0	0
LOC101927865	8	1
MIR1302-4	0	0
CREB1	1521	3
METTL21A	255	2
CCNYL1	1107	3
MIR4775	0	0
FZD5	69	2
PLEKHM3	354	2
LOC100507443	0	0
CRYGD	0	0
CRYGC	0	0
CRYGB	0	0
CRYGA	0	0
C2orf80	0	0
IDH1	3156	4
IDH1-AS1	4	1
PIKFYVE	1603	3
PTH2R	0	0
MAP2	836	3
UNC80	0	0
RPE	1962	3
KANSL1L	258	2
LOC101928020	6	1
ACADL	0	0
MYL1	0	0
LANCL1-AS1	0	0
LANCL1	2976	4
CPS1	985	3
CPS1-IT1	0	0
ERBB4	11	1
MIR548F2	0	0
LOC102725079	0	0
MIR4776-2	0	0
MIR4776-1	0	0
IKZF2	514	2
LOC100130451	2	1
SPAG16	245	2
MIR4438	0	0
VWC2L	0	0
VWC2L-IT1	0	0
BARD1	1569	3
LOC101928103	61	2
ABCA12	9	1
ATIC	3619	4
FN1	292801	4
LOC102724849	3	1
LINC00607	12	1
MREG	212	2
PECR	46	2
TMEM169	2	1
XRCC5	20772	4
PKI55	203	2
MARCH4	3646	4
SMARCAL1	1455	3
RPL37A	27068	4
LINC01280	0	0
IGFBP2	6	1
IGFBP5	32165	4
TNP1	0	0
LOC101928327	0	0
DIRC3	170	2
TNS1	9218	4
MIR6809	1	1
RUFY4	0	0
CXCR2P1	0	0
CXCR2	0	0
CXCR1	0	0
ARPC2	22181	4
GPBAR1	6	1
AAMP	3306	4
PNKD	826	3
TMBIM1	7330	4
MIR6513	0	0
CATIP-AS2	0	0
MIR6810	0	0
CATIP	0	0
CATIP-AS1	0	0
SLC11A1	2	1
CTDSP1	3817	4
MIR26B	0	0
VIL1	0	0
USP37	982	3
RQCD1	3029	4
PLCD4	182	2
ZNF142	855	3
BCS1L	745	3
RNF25	1333	3
STK36	404	2
TTLL4	728	3
CYP27A1	198	2
PRKAG3	0	0
MIR9500	0	0
WNT6	0	0
WNT10A	0	0
LINC01494	0	0
CDK5R2	24	1
LINC00608	0	0
FEV	0	0
CRYBA2	0	0
MIR375	0	0
LOC100129175	0	0
CCDC108	0	0
IHH	0	0
MIR3131	0	0
NHEJ1	552	2
SLC23A3	23	1
CNPPD1	1804	3
FAM134A	3373	4
ZFAND2B	716	3
ABCB6	539	2
ATG9A	2333	4
ANKZF1	472	2
GLB1L	267	2
STK16	681	3
TUBA4A	150	2
TUBA4B	4	1
DNAJB2	1609	3
PTPRN	74	2
MIR153-1	0	0
RESP18	0	0
DNPEP	2830	4
DES	2	1
SPEG	2115	4
LOC100996693	12	1
GMPPA	2328	4
ASIC4	0	0
CHPF	6249	4
TMEM198	68	2
MIR3132	0	0
OBSL1	1932	3
INHA	2	1
STK11IP	613	3
SLC4A3	58	2
MIR4268	0	0
EPHA4	354	2
PAX3	436	2
CCDC140	21	1
SGPP2	2	1
FARSB	3177	4
MOGAT1	0	0
ACSL3	7103	4
KCNE4	250	2
SCG2	102	2
AP1S3	249	2
WDFY1	4427	4
MRPL44	1048	3
SERPINE2	70652	4
FAM124B	0	0
CUL3	3128	4
DOCK10	3848	4
MIR4439	3	1
NYAP2	0	0
LOC646736	2	1
MIR5702	0	0
IRS1	6003	4
RHBDD1	908	3
COL4A4	102	2
COL4A3	24	1
LOC654841	10	1
MFF	2065	4
TM4SF20	4	1
MIR5703	0	0
AGFG1	3194	4
C2orf83	0	0
SLC19A3	2	1
CCL20	58	2
DAW1	2	1
SPHKAP	212	2
PID1	1973	3
DNER	995	3
TRIP12	12011	4
FBXO36	115	2
SLC16A14	0	0
SP110	4555	4
SP140	64	2
SP140L	1402	3
SP100	12188	4
LOC151475	0	0
CAB39	5655	4
ITM2C	3251	4
LOC151484	0	0
GPR55	2	1
SPATA3-AS1	0	0
SPATA3	0	0
C2orf72	0	0
PSMD1	9332	4
HTR2B	6	1
ARMC9	3179	4
MIR4777	0	0
B3GNT7	8	1
NCL	36771	4
SNORA75	0	0
SNORD20	4	1
SNORD82	0	0
LINC00471	37	2
NMUR1	0	0
C2orf57	0	0
PTMA	37019	4
PDE6D	788	3
COPS7B	947	3
MIR1471	0	0
NPPC	0	0
DIS3L2	722	3
MIR562	0	0
ALPP	0	0
ECEL1P2	0	0
ALPPL2	0	0
ALPI	0	0
ECEL1	0	0
PRSS56	8	1
CHRND	0	0
CHRNG	1	1
TIGD1	69	2
MIR5001	0	0
EIF4E2	2561	4
EFHD1	0	0
GIGYF2	2665	4
KCNJ13	6	1
C2orf82	7	1
NGEF	4	1
NEU2	0	0
INPP5D	0	0
ATG16L1	1050	3
SCARNA5	0	0
SCARNA6	3	1
SAG	0	0
DGKD	577	2
USP40	1227	3
UGT1A8	0	0
UGT1A10	0	0
UGT1A9	0	0
UGT1A7	0	0
UGT1A6	0	0
UGT1A5	0	0
UGT1A4	0	0
UGT1A3	0	0
DNAJB3	0	0
LOC100286922	0	0
UGT1A1	0	0
MROH2A	3	1
HJURP	3019	4
MSL3P1	14	1
TRPM8	0	0
SPP2	0	0
ARL4C	292	2
SH3BP4	6212	4
AGAP1	677	3
AGAP1-IT1	6	1
GBX2	0	0
ASB18	0	0
IQCA1	0	0
ACKR3	0	0
COPS8	3074	4
COL6A3	163414	4
MLPH	426	2
MIR6811	0	0
PRLH	0	0
RAB17	0	0
LRRFIP1	5147	4
RBM44	10	1
RAMP1	0	0
UBE2F	402	2
UBE2F-SCLY	1	1
SCLY	6	1
ESPNL	0	0
KLHL30	0	0
FAM132B	76	2
ILKAP	941	3
LOC151174	0	0
LOC643387	2	1
HES6	83	2
PER2	213	2
TRAF3IP1	736	3
ASB1	2393	4
LINC01107	0	0
TWIST2	6366	4
FLJ43879	20	1
HDAC4	430	2
MIR4440	0	0
MIR4441	0	0
MGC16025	0	0
MIR4269	0	0
MIR2467	0	0
LOC150935	0	0
MIR4786	0	0
NDUFA10	2247	4
OR6B2	0	0
PRR21	0	0
OR6B3	0	0
MYEOV2	1406	3
OTOS	0	0
GPC1	12508	4
PP14571	1	1
MIR149	2	1
ANKMY1	172	2
DUSP28	25	1
RNPEPL1	1508	3
CAPN10-AS1	66	2
CAPN10	734	3
GPR35	0	0
AQP12B	0	0
AQP12A	0	0
KIF1A	0	0
AGXT	0	0
C2orf54	0	0
LOC200772	0	0
SNED1	493	2
MTERF4	730	3
PASK	568	2
PPP1R7	2087	4
ANO7	0	0
HDLBP	33918	4
SEPT2	23709	4
FARP2	454	2
MIR3133	0	0
STK25	2587	4
BOK-AS1	1	1
BOK	791	3
THAP4	1486	3
ATG4B	1611	3
DTYMK	2742	4
ING5	746	3
D2HGDH	551	2
GAL3ST2	0	0
NEU4	0	0
PDCD1	0	0
RTP5	0	0
LINC01237	4	1
LOC102723927	2	1
LOC728323	46	2
DEFB125	0	0
DEFB126	0	0
DEFB127	0	0
DEFB128	0	0
DEFB129	0	0
DEFB132	0	0
C20orf96	91	2
ZCCHC3	1156	3
NRSN2-AS1	176	2
SOX12	1560	3
NRSN2	2477	4
TRIB3	872	3
RBCK1	5582	4
TBC1D20	2054	3
CSNK2A1	3431	4
TCF15	0	0
SRXN1	4901	4
SCRT2	0	0
SLC52A3	0	0
FAM110A	408	2
ANGPT4	0	0
RSPO4	0	0
PSMF1	2893	4
TMEM74B	6	1
C20orf202	0	0
RAD21L1	57	2
SNPH	723	3
SDCBP2	15	1
FKBP1A-SDCBP2	0	0
SDCBP2-AS1	43	2
FKBP1A	12787	4
MIR6869	0	0
NSFL1C	3422	4
SIRPB2	0	0
SIRPD	0	0
SIRPB1	2	1
SIRPG	0	0
SIRPG-AS1	0	0
LOC100289473	0	0
SIRPA	1895	3
PDYN	0	0
STK35	1179	3
LOC388780	0	0
TGM3	0	0
TGM6	0	0
SNRPB	8950	4
SNORD119	1	1
ZNF343	436	2
TMC2	2	1
NOP56	6558	4
MIR1292	1	1
SNORD110	25	1
SNORA51	5	1
SNORD86	0	0
SNORD56	7	1
SNORD57	6	1
IDH3B	2048	3
EBF4	0	0
CPXM1	0	0
C20orf141	2	1
TMEM239	18	1
PCED1A	352	2
VPS16	852	3
PTPRA	4127	4
GNRH2	0	0
MRPS26	1048	3
OXT	0	0
AVP	0	0
UBOX5-AS1	2	1
UBOX5	303	2
FASTKD5	552	2
LZTS3	200	2
DDRGK1	1905	3
ITPA	1725	3
SLC4A11	152	2
C20orf194	1272	3
ATRN	3059	4
GFRA4	0	0
ADAM33	3295	4
SIGLEC1	0	0
HSPA12B	117	2
C20orf27	1417	3
SPEF1	4	1
CENPB	9266	4
CDC25B	6487	4
LOC101929125	6	1
AP5S1	551	2
MAVS	7193	4
PANK2	1560	3
MIR103A2	0	0
MIR103B2	0	0
RNF24	1337	3
SMOX	1164	3
LINC01433	0	0
ADRA1D	250	2
PRNP	18195	4
PRND	0	0
PRNT	0	0
RASSF2	0	0
SLC23A2	1000	3
TMEM230	3559	4
PCNA	6245	4
PCNA-AS1	0	0
CDS2	1723	3
PROKR2	0	0
LINC00658	0	0
LOC643406	0	0
LINC00654	4	1
LOC101929207	0	0
GPCPD1	1446	3
C20orf196	82	2
CHGB	0	0
TRMT6	1752	3
MCM8	2136	4
MCM8-AS1	13	1
CRLS1	1409	3
LRRN4	0	0
FERMT1	0	0
CASC20	0	0
BMP2	22	1
LINC01428	0	0
LOC101929312	0	0
MIR8062	0	0
HAO1	0	0
TMX4	2680	4
PLCB1	882	3
RNU105B	0	0
PLCB4	1520	3
LAMP5-AS1	0	0
LAMP5	0	0
PAK7	0	0
LOC101929371	0	0
SNAP25-AS1	0	0
ANKEF1	8	1
SNAP25	12	1
MKKS	1203	3
SLX4IP	57	2
JAG1	383	2
MIR6870	0	0
LOC101929395	0	0
LOC101929413	0	0
LOC339593	0	0
LINC00687	0	0
BTBD3	690	3
LOC101929486	0	0
LOC102606466	0	0
LOC100505515	0	0
SPTLC3	0	0
ISM1	2	1
ISM1-AS1	0	0
TASP1	213	2
ESF1	1735	3
NDUFAF5	384	2
SEL1L2	0	0
MACROD2	0	0
FLRT3	0	0
MACROD2-IT1	0	0
MACROD2-AS1	0	0
LOC613266	0	0
KIF16B	0	0
SNRPB2	2905	4
OTOR	0	0
PCSK2	0	0
BFSP1	116	2
DSTN	20968	4
RRBP1	24336	4
BANF2	1	1
SNX5	3538	4
SNORD17	39	2
MGME1	2012	3
OVOL2	0	0
PET117	26	1
CSRP2BP	535	2
ZNF133	403	2
LINC00851	0	0
DZANK1	60	2
POLR3F	684	3
MIR3192	1	1
RBBP9	901	3
SEC23B	3580	4
LINC00493	848	3
DTD1	1890	3
LOC101929526	0	0
LINC00652	0	0
LOC100270804	11	1
C20orf78	0	0
SCP2D1	0	0
SLC24A3	0	0
LOC100130264	0	0
RIN2	3425	4
NAA20	3138	4
CRNKL1	1582	3
CFAP61	0	0
INSM1	0	0
RALGAPA2	144	2
KIZ	226	2
KIZ-AS1	1	1
XRN2	5732	4
NKX2-4	0	0
NKX2-2	6	1
LOC101929625	0	0
LOC101929608	0	0
PAX1	0	0
LINC01432	0	0
LINC01427	0	0
LOC284788	0	0
LINC00261	0	0
FOXA2	0	0
LINC01384	0	0
SSTR4	0	0
THBD	0	0
CD93	0	0
LINC00656	0	0
NXT1	928	3
LINC01431	2	1
GZF1	751	3
NAPB	281	2
CSTL1	0	0
CST11	0	0
CST8	0	0
CST13P	0	0
CST9L	0	0
CST9	0	0
CST3	6155	4
CST4	0	0
CST1	16	1
CST2	0	0
CST5	0	0
GGTLC1	0	0
FLJ33581	0	0
SYNDIG1	0	0
CST7	0	0
APMAP	4783	4
ACSS1	63	2
VSX1	0	0
LOC284798	0	0
LOC101926889	4	1
ENTPD6	2052	3
PYGB	4866	4
ABHD12	3838	4
GINS1	2404	4
NINL	195	2
NANP	615	3
ZNF337-AS1	33	2
ZNF337	204	2
FAM182B	0	0
LOC101926935	0	0
LOC101926955	0	0
LOC100134868	6	1
FAM182A	0	0
NCOR1P1	0	0
MIR663AHG	0	0
MIR663A	0	0
FRG1CP	198	2
FRG1DP	17	1
FRG2EP	0	0
MIR4477B	0	0
MIR4477A	0	0
FRG1BP	249	2
MLLT10P1	0	0
DEFB115	0	0
DEFB116	0	0
DEFB118	0	0
DEFB119	0	0
DEFB121	0	0
DEFB122	0	0
DEFB123	0	0
DEFB124	0	0
REM1	0	0
LINC00028	0	0
HM13	8482	4
MCTS2P	176	2
HM13-AS1	14	1
ID1	7952	4
MIR3193	0	0
COX4I2	0	0
BCL2L1	1767	3
ABALON	66	2
TPX2	10113	4
MYLK2	14	1
FOXS1	0	0
DUSP15	0	0
TTLL9	0	0
PDRG1	686	3
XKR7	0	0
CCM2L	0	0
HCK	0	0
TM9SF4	3916	4
TSPY26P	2	1
PLAGL2	946	3
POFUT1	6241	4
MIR1825	0	0
KIF3B	2610	4
ASXL1	3674	4
NOL4L	335	2
LOC101929698	0	0
LOC149950	0	0
C20orf203	0	0
COMMD7	1778	3
DNMT3B	185	2
MAPRE1	8303	4
SUN5	0	0
BPIFB2	0	0
BPIFB6	0	0
BPIFB3	0	0
BPIFB4	0	0
BPIFA2	0	0
BPIFA4P	0	0
BPIFA3	0	0
BPIFA1	0	0
BPIFB1	0	0
CDK5RAP1	748	3
SNTA1	531	2
CBFA2T2	498	2
NECAB3	498	2
C20orf144	14	1
ACTL10	6	1
E2F1	2131	4
PXMP4	334	2
ZNF341	129	2
ZNF341-AS1	10	1
CHMP4B	3663	4
RALY-AS1	22	1
RALY	5641	4
MIR4755	0	0
EIF2S2	9202	4
ASIP	1	1
AHCY	4313	4
ITCH	3012	4
MIR644A	0	0
DYNLRB1	2863	4
MAP1LC3A	260	2
PIGU	1082	3
TP53INP2	514	2
NCOA6	1545	3
HMGB3P1	0	0
GGT7	712	3
ACSS2	859	3
GSS	2053	3
MYH7B	21	1
MIR499A	0	0
MIR499B	0	0
TRPC4AP	5424	4
EDEM2	1320	3
PROCR	3241	4
MMP24	46	2
MMP24-AS1	918	3
EIF6	5424	4
FAM83C-AS1	1	1
FAM83C	0	0
UQCC1	1323	3
GDF5	38	2
MIR1289-1	0	0
CEP250	1152	3
C20orf173	0	0
ERGIC3	6886	4
FER1L4	2	1
SPAG4	50	2
CPNE1	2867	4
RBM12	2970	4
NFS1	772	3
ROMO1	1776	3
RBM39	8366	4
PHF20	2118	4
SCAND1	1340	3
CNBD2	2	1
LINC00657	9036	4
EPB41L1	449	2
AAR2	1589	3
DLGAP4	3227	4
DLGAP4-AS1	1	1
MYL9	21997	4
TGIF2	272	2
TGIF2-C20orf24	0	0
C20orf24	920	3
SLA2	4	1
NDRG3	896	3
DSN1	2073	4
SOGA1	3088	4
TLDC2	73	2
SAMHD1	15296	4
RBL1	2812	4
MROH8	30	1
RPN2	12646	4
GHRH	0	0
MANBAL	2154	4
SRC	1302	3
BLCAP	1442	3
NNAT	14	1
LINC00489	0	0
LOC100287792	0	0
CTNNBL1	2253	4
VSTM2L	0	0
TTI1	1163	3
RPRD1B	1714	3
TGM2	7462	4
KIAA1755	304	2
LOC149684	8	1
BPI	4	1
LBP	0	0
SNHG17	871	3
SNORA71B	9	1
SNORA71A	9	1
SNORA71C	7	1
SNORA71D	0	0
SNHG11	213	2
SNORA71E	3	1
SNORA60	0	0
RALGAPB	2483	4
MIR548O2	0	0
ADIG	0	0
ARHGAP40	0	0
SLC32A1	0	0
ACTR5	294	2
PPP1R16B	0	0
FAM83D	1921	3
DHX35	446	2
LOC339568	0	0
LINC01370	0	0
MAFB	0	0
TOP1	4378	4
PLCG1-AS1	1	1
PLCG1	2681	4
MIR6871	0	0
ZHX3	2331	4
LPIN3	155	2
EMILIN3	0	0
CHD6	1944	3
PTPRT	0	0
LOC101927159	0	0
SRSF6	5607	4
L3MBTL1	4	1
SGK2	0	0
IFT52	978	3
MYBL2	2904	4
GTSF1L	0	0
TOX2	692	3
JPH2	782	3
OSER1	1652	3
OSER1-AS1	37	2
GDAP1L1	2	1
FITM2	136	2
R3HDML	0	0
HNF4A	0	0
HNF4A-AS1	0	0
MIR3646	0	0
LINC01430	0	0
C20orf62	0	0
TTPAL	1831	3
SERINC3	7192	4
PKIG	1929	3
ADA	195	2
LINC01260	0	0
WISP2	2	1
KCNK15	0	0
RIMS4	0	0
YWHAB	13949	4
PABPC1L	175	2
TOMM34	1918	3
STK4-AS1	12	1
STK4	2535	4
KCNS1	0	0
WFDC5	0	0
WFDC12	0	0
PI3	0	0
SEMG1	0	0
SEMG2	0	0
SLPI	0	0
MATN4	6	1
RBPJL	0	0
SDC4	6957	4
SYS1	616	3
SYS1-DBNDD2	0	0
TP53TG5	8	1
DBNDD2	18	1
PIGT	4342	4
MIR6812	3	1
WFDC2	0	0
SPINT3	0	0
WFDC6	0	0
EPPIN-WFDC6	0	0
EPPIN	0	0
WFDC8	0	0
WFDC9	0	0
WFDC10A	0	0
WFDC11	0	0
WFDC10B	0	0
WFDC13	0	0
MIR3617	0	0
SPINT4	0	0
WFDC3	0	0
DNTTIP1	1066	3
UBE2C	3498	4
TNNC2	0	0
SNX21	725	3
ACOT8	318	2
ZSWIM3	86	2
ZSWIM1	201	2
SPATA25	6	1
NEURL2	38	2
CTSA	5594	4
PLTP	666	3
PCIF1	924	3
ZNF335	724	3
MMP9	0	0
SLC12A5	0	0
NCOA5	1673	3
CD40	0	0
CDH22	0	0
SLC35C2	1449	3
ELMO2	1574	3
ZNF663P	0	0
MKRN7P	0	0
ZNF334	0	0
OCSTAMP	0	0
SLC13A3	112	2
TP53RK	796	3
SLC2A10	640	3
EYA2	0	0
MIR3616	0	0
ZMYND8	1660	3
LOC100131496	0	0
NCOA3	2101	4
SULF2	0	0
LINC01522	0	0
LINC01523	0	0
LINC00494	0	0
PREX1	1218	3
ARFGEF2	2992	4
CSE1L-AS1	0	0
CSE1L	12209	4
STAU1	5950	4
DDX27	2441	4
ZNFX1	14613	4
ZFAS1	4749	4
SNORD12C	7	1
SNORD12B	9	1
SNORD12	14	1
KCNB1	0	0
PTGIS	0	0
B4GALT5	2868	4
SLC9A8	802	3
SPATA2	399	2
RNF114	2846	4
SNAI1	16	1
TRERNA1	0	0
UBE2V1	26	1
TMEM189-UBE2V1	0	0
TMEM189	565	2
LINC01273	2	1
CEBPB-AS1	2	1
CEBPB	3007	4
LINC01272	0	0
LINC01270	13	1
LINC01271	1	1
PTPN1	3445	4
MIR645	0	0
FAM65C	187	2
MIR1302-5	0	0
LOC100506175	0	0
PARD6B	12	1
BCAS4	282	2
ADNP	2537	4
ADNP-AS1	49	2
DPM1	1930	3
MOCS3	312	2
KCNG1	8	1
NFATC2	42	2
MIR3194	0	0
ATP9A	2418	4
SALL4	2	1
LINC01429	0	0
ZFP64	469	2
LINC01524	0	0
TSHZ2	0	0
LOC101927770	28	1
ZNF217	2318	4
SUMO1P1	0	0
BCAS1	0	0
MIR4756	0	0
CYP24A1	0	0
PFDN4	880	3
DOK5	0	0
LINC01441	0	0
LINC01440	0	0
CBLN4	0	0
MC3R	0	0
FAM210B	1076	3
AURKA	3746	4
CSTF1	1239	3
CASS4	521	2
RTFDC1	4224	4
GCNT7	10	1
FAM209A	0	0
FAM209B	3	1
TFAP2C	816	3
BMP7	0	0
BMP7-AS1	0	0
MIR4325	0	0
SPO11	0	0
RAE1	1236	3
MTRNR2L3	4	1
RBM38	16	1
CTCFL	0	0
PCK1	0	0
ZBP1	4	1
PMEPA1	0	0
NKILA	0	0
MIR4532	0	0
C20orf85	0	0
ANKRD60	0	0
PPP4R1L	88	2
RAB22A	1901	3
VAPB	2372	4
APCDD1L	3439	4
APCDD1L-AS1	165	2
LOC79160	18	1
STX16	1424	3
STX16-NPEPL1	0	0
NPEPL1	41	2
MIR296	0	0
MIR298	2	1
GNAS-AS1	8	1
GNAS	21919	4
LOC101927932	2	1
NELFCD	2282	4
CTSZ	9358	4
TUBB1	23	1
SLMO2-ATP5E	0	0
ATP5E	13	1
SLMO2	1034	3
ZNF831	0	0
EDN3	0	0
PHACTR3	0	0
LOC100506384	0	0
SYCP2	35	2
FAM217B	829	3
PPP1R3D	281	2
CDH26	6	1
C20orf197	0	0
LOC729296	0	0
MIR646HG	0	0
MIR646	0	0
LOC101928048	0	0
MIR4533	0	0
MIR548AG2	0	0
LOC100506470	0	0
CDH4	130	2
MIR1257	0	0
TAF4	512	2
MIR3195	0	0
LSM14B	1947	3
PSMA7	10337	4
SS18L1	507	2
MTG2	964	3
HRH3	0	0
OSBPL2	1013	3
ADRM1	4898	4
LAMA5	1353	3
MIR4758	0	0
LAMA5-AS1	1	1
RPS21	9606	4
CABLES2	666	3
RBBP8NL	0	0
GATA5	0	0
C20orf166-AS1	0	0
MIR1-1HG	0	0
MIR1-1	0	0
MIR133A2	0	0
SLCO4A1	402	2
SLCO4A1-AS1	5	1
NTSR1	697	3
LINC00659	0	0
MRGBP	1500	3
OGFR-AS1	41	2
OGFR	7390	4
COL9A3	3	1
TCFL5	1153	3
DPH3P1	112	2
DIDO1	3068	4
GID8	1482	3
SLC17A9	137	2
BHLHE23	0	0
LOC63930	0	0
LINC00029	0	0
LINC01056	0	0
HAR1B	0	0
HAR1A	0	0
MIR124-3	0	0
YTHDF1	1917	3
BIRC7	0	0
MIR3196	0	0
NKAIN4	0	0
FLJ16779	0	0
ARFGAP1	3820	4
MIR4326	1	1
COL20A1	0	0
CHRNA4	0	0
LOC100130587	0	0
KCNQ2	0	0
EEF1A2	4	1
PPDPF	3890	4
PTK6	0	0
SRMS	0	0
C20orf195	4	1
HELZ2	23255	4
GMEB2	702	3
STMN3	84	2
RTEL1	53	2
RTEL1-TNFRSF6B	0	0
TNFRSF6B	1	1
ARFRP1	1317	3
ZGPAT	653	3
LIME1	149	2
SLC2A4RG	3931	4
ZBTB46	43	2
ZBTB46-AS1	0	0
ABHD16B	224	2
TPD52L2	7242	4
DNAJC5	5311	4
MIR941-1	1	1
MIR941-4	0	0
MIR941-5	0	0
MIR941-2	0	0
MIR941-3	0	0
UCKL1	680	3
MIR1914	11	1
MIR647	4	1
UCKL1-AS1	42	2
ZNF512B	2020	3
SAMD10	26	1
PRPF6	3502	4
LINC00176	12	1
SOX18	0	0
TCEA2	397	2
RGS19	710	3
MIR6813	0	0
OPRL1	12	1
LKAAEAR1	0	0
NPBWR2	0	0
MYT1	0	0
PCMTD2	448	2
LINC00266-1	0	0
ICOSLG	42	2
C21orf33	262	2
PWP2	441	2
LINC00313	0	0
LINC00319	2	1
SIK1	48	2
CBS	94	2
U2AF1	50	2
CRYAA	0	0
MIR8069-1	0	0
MIR8069-2	0	0
SMIM11	0	0
C21orf140	0	0
LOC100507412	0	0
MIR6724-1	0	0
MIR6724-4	0	0
MIR6724-3	0	0
MIR6724-2	0	0
MIR3648-1	0	0
MIR3648-2	0	0
MIR3687-1	0	0
MIR3687-2	0	0
RNA18S5	25	1
RNA5-8S5	4	1
RNA28S5	5349	4
RNA45S5	4	1
TEKT4P2	0	0
MGC39584	0	0
BAGE	0	0
BAGE5	0	0
BAGE4	0	0
BAGE2	0	0
BAGE3	0	0
TPTE	0	0
ANKRD30BP2	0	0
MIR3156-3	0	0
LOC102724188	0	0
POTED	0	0
MIR3118-1	0	0
CYP4F29P	0	0
ANKRD20A11P	0	0
LIPI	8	1
RBM11	0	0
ABCC13	0	0
HSPA13	6206	4
SAMSN1	0	0
SAMSN1-AS1	0	0
LOC388813	0	0
NRIP1	2706	4
USP25	1503	3
MIR99AHG	26	1
MIR99A	0	0
MIRLET7C	0	0
MIR125B2	0	0
LINC01549	0	0
CXADR	4	1
BTG3	3492	4
C21orf91-OT1	0	0
C21orf91	715	3
CHODL-AS1	0	0
CHODL	2	1
TMPRSS15	0	0
LOC101927797	0	0
MIR548X	0	0
LINC00320	0	0
NCAM2	0	0
LINC00317	0	0
LINC01425	0	0
LOC101927843	0	0
LINC00308	0	0
MIR6130	0	0
D21S2088E	0	0
LOC101927869	0	0
LOC339622	0	0
LINC00158	0	0
MIR155HG	218	2
MIR155	0	0
LINC00515	2	1
MRPL39	1299	3
JAM2	64	2
ATP5J	1945	3
GABPA	1438	3
APP	32103	4
CYYR1	0	0
ADAMTS1	9773	4
ADAMTS5	140	2
MIR4759	0	0
LINC00113	0	0
LINC00314	0	0
LOC284825	0	0
LOC101927973	2	1
LINC00161	44	2
N6AMT1	269	2
LTN1	2848	4
RWDD2B	883	3
USP16	2841	4
CCT8	11119	4
MAP3K7CL	278	2
LINC00189	10	1
BACH1	2768	4
BACH1-IT2	0	0
GRIK1	2	1
GRIK1-AS2	3	1
GRIK1-AS1	0	0
CLDN17	0	0
LINC00307	0	0
CLDN8	0	0
KRTAP24-1	0	0
KRTAP25-1	0	0
KRTAP26-1	0	0
KRTAP27-1	0	0
KRTAP23-1	0	0
KRTAP13-2	0	0
MIR4327	0	0
KRTAP13-1	0	0
KRTAP13-3	0	0
KRTAP13-4	0	0
KRTAP15-1	0	0
KRTAP19-1	0	0
KRTAP19-2	0	0
KRTAP19-3	0	0
KRTAP19-4	0	0
KRTAP19-5	0	0
KRTAP19-6	0	0
KRTAP19-7	0	0
KRTAP22-2	0	0
KRTAP6-3	0	0
KRTAP6-2	0	0
KRTAP22-1	0	0
KRTAP6-1	0	0
KRTAP20-1	0	0
KRTAP20-4	0	0
KRTAP20-2	0	0
KRTAP20-3	0	0
KRTAP21-3	0	0
KRTAP21-2	0	0
KRTAP21-1	0	0
KRTAP8-1	0	0
KRTAP7-1	0	0
KRTAP11-1	0	0
KRTAP19-8	0	0
TIAM1	0	0
SOD1	5230	4
SCAF4	1630	3
HUNK	0	0
LINC00159	0	0
MIS18A	981	3
MRAP	3	1
URB1	2160	4
SNORA80A	0	0
URB1-AS1	50	2
EVA1C	141	2
TCP10L	4	1
C21orf59	1354	3
SYNJ1	780	3
PAXBP1-AS1	32	1
PAXBP1	830	3
C21orf62-AS1	2	1
C21orf62	0	0
OLIG2	0	0
LINC00945	0	0
OLIG1	0	0
LOC101928107	0	0
LINC01548	0	0
IFNAR2	389	2
IL10RB-AS1	7	1
IL10RB	1493	3
IFNAR1	3067	4
IFNGR2	1972	3
TMEM50B	1218	3
DNAJC28	20	1
GART	4715	4
SON	11085	4
MIR6501	0	0
DONSON	2155	4
CRYZL1	753	3
ITSN1	2651	4
ATP5O	3186	4
LINC00649	2	1
SLC5A3	727	3
MRPS6	923	3
LINC00310	0	0
KCNE2	4	1
KCNE1	4	1
RCAN1	2607	4
CLIC6	0	0
LINC00160	0	0
LINC01426	8	1
RUNX1	2677	4
RUNX1-IT1	2	1
LOC100506403	2	1
MIR802	0	0
LOC101928269	0	0
LINC01436	6	1
SETD4	361	2
LOC100133286	6	1
CBR1	4113	4
CBR3-AS1	58	2
CBR3	1302	3
DOPEY2	1381	3
MORC3	1955	3
CHAF1B	1514	3
CLDN14	51	2
SIM2	2	1
HLCS	1053	3
RIPPLY3	0	0
LOC105372795	12	1
PIGP	349	2
TTC3	5472	4
DSCR9	12	1
DSCR3	1892	3
DYRK1A	2029	3
KCNJ6	4	1
DSCR4	0	0
DSCR8	0	0
DSCR10	0	0
KCNJ15	45	2
LINC01423	4	1
ERG	0	0
LINC00114	0	0
ETS2	2409	4
LOC101928398	0	0
LOC400867	0	0
LOC101928435	0	0
PSMG1	1755	3
BRWD1	980	3
BRWD1-IT2	0	0
BRWD1-AS1	0	0
HMGN1	5435	4
WRB	767	3
LCA5L	11	1
SH3BGR	16	1
MIR6508	0	0
B3GALT5-AS1	0	0
B3GALT5	4	1
IGSF5	0	0
PCP4	0	0
DSCAM	0	0
MIR4760	0	0
DSCAM-AS1	0	0
DSCAM-IT1	0	0
LINC00323	0	0
MIR3197	0	0
BACE2	0	0
PLAC4	0	0
FAM3B	0	0
MX2	4963	4
MX1	4099	4
TMPRSS2	0	0
LINC00111	0	0
LINC00479	0	0
LINC00112	0	0
RIPK4	2	1
MIR6814	0	0
PRDM15	282	2
C2CD2	1079	3
ZBTB21	1678	3
ZNF295-AS1	15	1
UMODL1	0	0
UMODL1-AS1	0	0
ABCG1	0	0
TFF3	0	0
TFF2	0	0
TFF1	0	0
TMPRSS3	0	0
UBASH3A	2	1
RSPH1	0	0
SLC37A1	0	0
LOC101928233	0	0
PDE9A	0	0
WDR4	951	3
NDUFV3	1020	3
ERVH48-1	2	1
MIR5692B	0	0
PKNOX1	1037	3
LINC00322	0	0
TCONS_00029157	48	2
HSF2BP	42	2
MIR6070	0	0
RRP1B	2106	4
PDXK	4486	4
CSTB	4383	4
RRP1	1654	3
AATBC	6	1
AGPAT3	6065	4
TRAPPC10	1275	3
DNMT3L	0	0
AIRE	0	0
PFKL	6519	4
C21orf2	714	3
TRPM2	0	0
TRPM2-AS	0	0
LRRC3-AS1	0	0
LRRC3	0	0
TSPEAR	0	0
TSPEAR-AS1	0	0
TSPEAR-AS2	0	0
KRTAP10-1	0	0
KRTAP10-2	0	0
KRTAP10-3	0	0
KRTAP10-4	0	0
KRTAP10-5	0	0
KRTAP10-6	0	0
KRTAP10-7	0	0
KRTAP10-8	0	0
KRTAP10-9	0	0
KRTAP10-10	0	0
KRTAP10-11	0	0
KRTAP12-4	0	0
KRTAP12-3	0	0
KRTAP12-2	0	0
KRTAP12-1	0	0
KRTAP10-12	0	0
UBE2G2	2503	4
LINC01424	4	1
SUMO3	5598	4
PTTG1IP	13220	4
ITGB2	4	1
ITGB2-AS1	4	1
LINC01547	84	2
FAM207A	1108	3
LINC00163	4	1
LINC00162	0	0
SSR4P1	55	2
ADARB1	739	3
POFUT2	2496	4
LOC642852	975	3
LINC00316	0	0
COL18A1	11983	4
COL18A1-AS2	8	1
COL18A1-AS1	7	1
MIR6815	0	0
SLC19A1	873	3
LOC100129027	0	0
PCBP3	0	0
LOC101928796	58	2
COL6A1	193917	4
COL6A2	244366	4
FTCD	2	1
SPATC1L	104	2
LSS	5792	4
MCM3AP-AS1	68	2
MCM3AP	3965	4
YBEY	366	2
C21orf58	405	2
PCNT	3093	4
DIP2A	1507	3
DIP2A-IT1	0	0
S100B	0	0
PRMT2	3220	4
LOC102723780	4	1
LOC102723769	0	0
OR11H1	0	0
POTEH	0	0
DUXAP8	0	0
CCT8L2	0	0
TPTEP1	0	0
ANKRD62P1-PARP4P3	0	0
XKR3	0	0
HSFY1P1	0	0
GAB4	0	0
CECR7	56	2
IL17RA	1637	3
CECR6	8	1
LOC100996342	0	0
CECR5	743	3
CECR5-AS1	0	0
CECR1	0	0
CECR3	0	0
CECR2	0	0
SLC25A18	16	1
LOC101929372	2	1
ATP6V1E1	6107	4
BCL2L13	3272	4
BID	2194	4
MIR3198-1	0	0
LINC00528	0	0
MICAL3	1343	3
MIR648	0	0
FLJ41941	0	0
PEX26	1437	3
TUBA8	36	2
USP18	4222	4
TMEM191B	28	1
PI4KAP1	249	2
RIMBP3	34	2
GGT3P	0	0
DGCR6	0	0
PRODH	0	0
DGCR5	0	0
DGCR9	0	0
DGCR10	0	0
DGCR2	2915	4
DGCR11	126	2
DGCR14	891	3
TSSK2	0	0
GSC2	0	0
LINC01311	10	1
SLC25A1	3006	4
CLTCL1	313	2
HIRA	1890	3
MRPL40	1474	3
C22orf39	297	2
UFD1L	3418	4
CDC45	1858	3
CLDN5	2	1
LINC00895	0	0
SEPT5	0	0
SEPT5-GP1BB	2	1
GP1BB	0	0
TBX1	4	1
GNB1L	351	2
C22orf29	1392	3
TXNRD2	1040	3
COMT	4206	4
MIR4761	0	0
ARVCF	48	2
TANGO2	890	3
MIR185	1	1
DGCR8	2014	3
MIR3618	0	0
MIR1306	0	0
TRMT2A	744	3
MIR6816	0	0
RANBP1	7163	4
ZDHHC8	1526	3
LOC388849	5	1
LOC284865	0	0
LINC00896	0	0
RTN4R	0	0
MIR1286	0	0
DGCR6L	1074	3
ZNF74	72	2
SCARF2	3252	4
KLHL22	801	3
MED15	4248	4
POM121L4P	0	0
TMEM191A	54	2
PI4KA	2771	4
SERPIND1	12	1
SNAP29	1738	3
CRKL	3664	4
LOC101928891	2	1
AIFM3	0	0
LZTR1	2281	4
THAP7	832	3
THAP7-AS1	95	2
TUBA3FP	55	2
P2RX6	32	1
SLC7A4	0	0
MIR649	0	0
P2RX6P	0	0
LRRC74B	2	1
BCRP2	2	1
FAM230B	0	0
POM121L8P	0	0
RIMBP3C	0	0
RIMBP3B	0	0
HIC2	328	2
TMEM191C	12	1
PI4KAP2	260	2
UBE2L3	4668	4
YDJC	380	2
CCDC116	10	1
SDF2L1	1576	3
MIR301B	0	0
MIR130B	9	1
PPIL2	1385	3
YPEL1	6	1
MAPK1	6507	4
PPM1F	4298	4
TOP3B	533	2
VPREB1	0	0
BMS1P20	621	3
ZNF280B	0	0
ZNF280A	0	0
PRAME	0	0
LL22NC03-63E9.3	0	0
POM121L1P	9	1
GGTLC2	0	0
MIR650	0	0
MIR5571	0	0
IGLL5	0	0
RSPH14	0	0
GNAZ	361	2
RAB36	276	2
BCR	1312	3
FBXW4P1	6	1
CES5AP1	0	0
ZDHHC8P1	0	0
LOC101929374	0	0
LOC388882	0	0
PCAT14	0	0
IGLL1	0	0
DRICH1	4	1
GUSBP11	113	2
RGL4	123	2
ZNF70	256	2
VPREB3	0	0
C22orf15	2	1
CHCHD10	270	2
MMP11	60	2
SMARCB1	2202	4
GSTTP2	0	0
DERL3	0	0
SLC2A11	62	2
MIF-AS1	58	2
MIF	0	0
GSTT2B	0	0
GSTT2	2	1
DDT	140	2
DDTL	24	1
LOC391322	0	0
GSTTP1	0	0
CABIN1	2280	4
SUSD2	0	0
GGT5	4	1
POM121L9P	0	0
SPECC1L-ADORA2A	0	0
SPECC1L	1092	3
ADORA2A	3	1
ADORA2A-AS1	4	1
UPB1	2	1
GUCD1	4427	4
SNRPD3	4235	4
GGT1	43	2
LRRC75B	9	1
BCRP3	0	0
POM121L10P	0	0
PIWIL3	0	0
TOP1P2	0	0
SGSM1	0	0
TMEM211	0	0
KIAA1671	0	0
LOC100128531	0	0
CRYBB3	0	0
CRYBB2	0	0
IGLL3P	0	0
LRP5L	18	1
CRYBB2P1	374	2
MIR6817	0	0
ADRBK2	516	2
MYO18B	0	0
SEZ6L	0	0
ASPHD2	12	1
HPS4	987	3
SRRD	585	2
TFIP11	2031	3
TPST2	729	3
MIR548J	0	0
CRYBB1	0	0
CRYBA4	0	0
MIAT	20	1
MIATNB	60	2
LINC01422	0	0
MN1	57	2
PITPNB	3368	4
TTC28-AS1	111	2
MIR3199-1	0	0
MIR3199-2	0	0
TTC28	1082	3
MIR5739	0	0
CHEK2	530	2
HSCB	631	3
CCDC117	1135	3
XBP1	5578	4
ZNRF3	480	2
ZNRF3-AS1	4	1
C22orf31	0	0
KREMEN1	350	2
EMID1	0	0
RHBDD3	688	3
EWSR1	9582	4
GAS2L1	2337	4
RASL10A	0	0
AP1B1	4452	4
MIR3653	0	0
SNORD125	0	0
RFPL1S	0	0
RFPL1	0	0
NEFH	0	0
THOC5	1281	3
NIPSNAP1	1260	3
NF2	3509	4
CABP7	0	0
ZMAT5	297	2
UQCR10	1526	3
ASCC2	2537	4
MTMR3	1022	3
MIR6818	0	0
HORMAD2-AS1	0	0
HORMAD2	0	0
LIF	466	2
OSM	0	0
GATSL3	43	2
TBC1D10A	604	3
SF3A1	3511	4
CCDC157	26	1
KIAA1656	25	1
RNF215	519	2
SEC14L2	564	2
MTFP1	228	2
SEC14L3	0	0
SDC4P	0	0
SEC14L4	0	0
SEC14L6	0	0
GAL3ST1	0	0
PES1	4380	4
TCN2	859	3
SLC35E4	286	2
DUSP18	255	2
OSBP2	86	2
MIR3200	0	0
MORC2-AS1	66	2
MORC2	1842	3
TUG1	5347	4
SMTN	6400	4
SELM	4147	4
INPP5J	0	0
PLA2G3	0	0
MIR3928	0	0
RNF185	1758	3
LIMK2	821	3
PIK3IP1	86	2
PATZ1	1151	3
PIK3IP1-AS1	1	1
LINC01521	76	2
DRG1	2484	4
EIF4ENIF1	825	3
RNU6-28P	0	0
SFI1	846	3
PISD	1379	3
MIR7109	0	0
PRR14L	1130	3
DEPDC5	462	2
C22orf24	12	1
YWHAH	8051	4
SLC5A1	0	0
AP1B1P1	0	0
C22orf42	0	0
RFPL2	0	0
SLC5A4	0	0
RFPL3	0	0
RFPL3S	0	0
LOC339666	2	1
RTCB	4115	4
BPIFC	0	0
FBXO7	3347	4
SYN3	0	0
TIMP3	24112	4
LARGE	20	1
MIR4764	0	0
LARGE-AS1	0	0
ISX	0	0
LINC01399	5	1
HMGXB4	1980	3
TOM1	1474	3
MIR3909	0	0
MIR6069	0	0
HMOX1	700	3
MCM5	6473	4
RASD2	0	0
MB	0	0
APOL6	7776	4
APOL5	0	0
RBFOX2	8247	4
APOL3	510	2
APOL4	2	1
APOL2	3462	4
APOL1	1471	3
MYH9	106464	4
MIR6819	4	1
TXN2	2250	4
FOXRED2	541	2
EIF3D	7177	4
CACNG2	0	0
IFT27	384	2
PVALB	0	0
NCF4	0	0
CSF2RB	0	0
LL22NC01-81G9.3	0	0
TEX33	0	0
TST	313	2
MPST	862	3
KCTD17	826	3
TMPRSS6	4	1
IL2RB	0	0
C1QTNF6	435	2
SSTR3	0	0
RAC2	126	2
CYTH4	0	0
ELFN2	124	2
LOC100506271	0	0
MFNG	2	1
CARD10	407	2
CDC42EP1	3150	4
LGALS2	7	1
GGA1	1145	3
SH3BP1	463	2
LOC101927051	1	1
PDXP	626	3
LGALS1	48542	4
NOL12	751	3
TRIOBP	10542	4
H1F0	16477	4
GCAT	409	2
GALR3	0	0
ANKRD54	631	3
MIR658	0	0
MIR659	0	0
EIF3L	6924	4
MICALL1	2636	4
C22orf23	247	2
POLR2F	1353	3
MIR6820	2	1
SOX10	2	1
MIR4534	0	0
PICK1	375	2
SLC16A8	3	1
BAIAP2L2	0	0
PLA2G6	66	2
MAFF	2528	4
TMEM184B	3977	4
CSNK1E	198	2
LOC400927-CSNK1E	0	0
LOC400927	0	0
KCNJ4	0	0
KDELR3	3624	4
DDX17	6935	4
DMC1	92	2
FAM227A	28	1
CBY1	439	2
TOMM22	2024	3
JOSD1	3311	4
GTPBP1	4195	4
SUN2	5986	4
DNAL4	204	2
NPTXR	26	1
CBX6	4214	4
APOBEC3A_B	0	0
APOBEC3A	0	0
APOBEC3B-AS1	1	1
APOBEC3B	1572	3
APOBEC3C	736	3
APOBEC3D	24	1
APOBEC3F	407	2
APOBEC3G	765	3
APOBEC3H	0	0
CBX7	210	2
PDGFB	2	1
RPL3	40928	4
SNORD83B	20	1
SNORD83A	10	1
RNU86	16	1
SNORD43	8	1
SYNGR1	833	3
TAB1	997	3
LOC100506472	16	1
MGAT3	0	0
MGAT3-AS1	0	0
MIEF1	2125	4
ATF4	10408	4
RPS19BP1	2052	3
CACNA1I	20	1
ENTHD1	0	0
GRAP2	0	0
FAM83F	0	0
LOC100130899	0	0
TNRC6B	1131	3
ADSL	2599	4
SGSM3	1126	3
MKL1	1411	3
LOC101927257	7	1
MCHR1	0	0
SLC25A17	1301	3
MIR4766	0	0
ST13	8127	4
XPNPEP3	744	3
DNAJB7	5	1
RBX1	2496	4
MIR1281	2	1
EP300	2894	4
EP300-AS1	0	0
L3MBTL2	1224	3
CHADL	3	1
RANGAP1	14829	4
MIR6889	0	0
ZC3H7B	11202	4
TEF	368	2
TOB2	2312	4
PHF5A	1843	3
ACO2	2270	4
POLR3H	1405	3
CSDC2	0	0
PMM1	1564	3
DESI1	2108	4
XRCC6	16163	4
SNU13	3370	4
C22orf46	476	2
MEI1	47	2
CCDC134	148	2
SREBF2	5879	4
MIR33A	0	0
SHISA8	0	0
MIR378I	0	0
TNFRSF13C	8	1
CENPM	811	3
LINC00634	2	1
SEPT3	0	0
WBP2NL	0	0
NAGA	2022	3
FAM109B	709	3
SMDT1	466	2
NDUFA6	2081	4
NDUFA6-AS1	13	1
CYP2D6	0	0
LOC101929829	0	0
CYP2D7	1	1
TCF20	1777	3
OGFRP1	7	1
LINC01315	0	0
NFAM1	0	0
SERHL	0	0
RRP7A	3175	4
SERHL2	56	2
RRP7BP	193	2
POLDIP3	3144	4
RNU12	0	0
CYB5R3	11193	4
ATP5L2	0	0
A4GALT	239	2
ARFGAP3	2647	4
PACSIN2	3149	4
LOC100506679	0	0
TTLL1	84	2
BIK	0	0
MCAT	436	2
TSPO	5314	4
TTLL12	1709	3
SCUBE1	0	0
MPPED1	0	0
EFCAB6-AS1	0	0
EFCAB6	6	1
SULT4A1	0	0
PNPLA5	0	0
PNPLA3	69	2
SAMM50	1872	3
PARVB	446	2
PARVG	0	0
KIAA1644	10	1
LOC101927526	0	0
LDOC1L	2158	4
LINC00207	0	0
LINC00229	0	0
PRR5	18	1
PRR5-ARHGAP8	0	0
ARHGAP8	0	0
PHF21B	8	1
NUP50-AS1	129	2
NUP50	3419	4
KIAA0930	2456	4
MIR1249	2	1
UPK3A	0	0
FAM118A	363	2
SMC1B	4	1
RIBC2	0	0
FBLN1	22062	4
LINC01589	7	1
ATXN10	6474	4
MIR4762	0	0
WNT7B	0	0
LOC730668	0	0
LINC00899	80	2
PRR34	10	1
PRR34-AS1	108	2
MIRLET7BHG	86	2
MIR3619	0	0
MIRLET7A3	0	0
MIR4763	0	0
MIRLET7B	0	0
PPARA	1279	3
CDPF1	161	2
PKDREJ	10	1
TTC38	1277	3
GTSE1-AS1	6	1
GTSE1	3104	4
TRMU	857	3
CELSR1	0	0
GRAMD4	79	2
CERK	2425	4
TBC1D22A	942	3
TBC1D22A-AS1	4	1
LL22NC03-75H12.2	0	0
LINC00898	0	0
LOC284930	0	0
MIR3201	0	0
FAM19A5	0	0
LOC284933	0	0
MIR4535	0	0
LINC01310	0	0
C22orf34	0	0
MIR3667	0	0
BRD1	1336	3
ZBED4	1111	3
ALG12	1078	3
CRELD2	5146	4
PIM3	2188	4
MIR6821	0	0
IL17REL	0	0
MLC1	0	0
MOV10L1	24	1
PANX2	502	2
TRABD	1254	3
SELO	903	3
TUBGCP6	1380	3
HDAC10	583	2
MAPK12	1195	3
MAPK11	949	3
PLXNB2	8991	4
DENND6B	49	2
PPP6R2	2106	4
SBF1	5213	4
ADM2	2	1
MIOX	0	0
LMF2	9128	4
NCAPH2	4221	4
SCO2	11	1
TYMP	57	2
ODF3B	17	1
KLHDC7B	21	1
SYCE3	0	0
CPT1B	7	1
CHKB-CPT1B	0	0
CHKB	3	1
CHKB-AS1	57	2
MAPK8IP2	33	2
ARSA	966	3
SHANK3	6	1
ACR	0	0
RPL23AP82	838	3
RABL2B	503	2
LOC106099130	0	0
GSTT1	0	0
LOC102723448	0	0
CHL1	0	0
CHL1-AS1	0	0
LINC01266	0	0
CNTN6	0	0
CNTN4	0	0
CNTN4-AS2	0	0
CNTN4-AS1	0	0
IL5RA	0	0
TRNT1	743	3
CRBN	769	3
LRRN1	0	0
SETMAR	231	2
SUMF1	816	3
ITPR1-AS1	8	1
ITPR1	44	2
EGOT	1	1
BHLHE40-AS1	0	0
BHLHE40	425	2
ARL8B	3419	4
EDEM1	3019	4
MIR4790	0	0
GRM7-AS3	0	0
GRM7	0	0
GRM7-AS2	0	0
GRM7-AS1	0	0
LOC101927394	2	1
LMCD1-AS1	0	0
LMCD1	83	2
LINC00312	4	1
SSUH2	0	0
CAV3	2	1
OXTR	19803	4
RAD18	2262	4
SRGAP3	18	1
LOC101927416	0	0
SRGAP3-AS3	0	0
THUMPD3	2137	4
THUMPD3-AS1	174	2
SETD5	3460	4
LHFPL4	0	0
MTMR14	935	3
CPNE9	0	0
BRPF1	1156	3
OGG1	775	3
CAMK1	841	3
TADA3	3399	4
ARPC4	3974	4
ARPC4-TTLL3	0	0
TTLL3	55	2
RPUSD3	677	3
CIDEC	4	1
JAGN1	1210	3
IL17RE	627	3
IL17RC	1374	3
CRELD1	919	3
PRRT3	87	2
PRRT3-AS1	15	1
EMC3	2447	4
EMC3-AS1	166	2
LOC401052	0	0
CIDECP	296	2
FANCD2	1333	3
FANCD2OS	0	0
BRK1	4354	4
VHL	1644	3
IRAK2	992	3
TATDN2	2781	4
GHRLOS	6	1
LINC00852	10	1
GHRL	3	1
SEC13	6219	4
ATP2B2	0	0
MIR378B	0	0
MIR885	0	0
ATP2B2-IT2	0	0
LINC00606	0	0
SLC6A11	0	0
SLC6A1	0	0
SLC6A1-AS1	0	0
HRH1	953	3
ATG7	1358	3
VGLL4	587	2
TAMM41	217	2
SYN2	9	1
TIMP4	116	2
PPARG	691	3
TSEN2	328	2
MKRN2OS	1	1
MKRN2	1638	3
RAF1	4077	4
TMEM40	12	1
CAND2	48	2
RPL32	18318	4
SNORA7A	0	0
IQSEC1	689	3
NUP210	0	0
HDAC11-AS1	0	0
HDAC11	158	2
FBLN2	4393	4
LINC00620	0	0
WNT7A	0	0
FGD5P1	0	0
TPRXL	0	0
CHCHD4	441	2
TMEM43	9330	4
XPC	2159	4
LSM3	2440	4
LINC01267	0	0
SLC6A6	3933	4
GRIP2	85	2
CCDC174	516	2
C3orf20	6	1
FGD5	0	0
FGD5-AS1	5646	4
NR2C2	1756	3
MRPS25	806	3
RBSN	1487	3
COL6A4P1	0	0
CAPN7	1596	3
SH3BP5-AS1	23	1
SH3BP5	24	1
METTL6	793	3
EAF1	977	3
COLQ	6	1
MIR4270	0	0
HACL1	434	2
BTD	632	3
ANKRD28	4155	4
MIR3134	0	0
MIR563	0	0
GALNT15	282	2
DPH3	2009	3
OXNAD1	313	2
RFTN1	3509	4
LINC00690	0	0
DAZL	70	2
PLCL2	1032	3
MIR3714	0	0
TBC1D5	2683	4
LOC339862	0	0
SATB1	282	2
SATB1-AS1	0	0
KCNH8	0	0
MIR4791	0	0
EFHB	4	1
RAB5A	2426	4
PP2D1	3	1
KAT2B	1158	3
MIR3135A	0	0
SGOL1	486	2
SGOL1-AS1	0	0
LOC101927829	0	0
VENTXP7	0	0
ZNF385D	8	1
ZNF385D-AS1	0	0
ZNF385D-AS2	0	0
UBE2E2	783	3
UBE2E1-AS1	1	1
UBE2E1	2931	4
NKIRAS1	364	2
RPL15	33718	4
NR1D2	1572	3
LINC00691	0	0
THRB	120	2
LOC101927854	0	0
THRB-AS1	2	1
MIR4792	0	0
RARB	13	1
TOP2B	4051	4
MIR4442	56	2
NGLY1	715	3
OXSM	222	2
LINC00692	0	0
LRRC3B	0	0
NEK10	125	2
SLC4A7	2831	4
EOMES	0	0
CMC1	630	3
AZI2	2625	4
ZCWPW2	21	1
LINC00693	2	1
RBMS3-AS3	9	1
RBMS3	927	3
RBMS3-AS1	0	0
TGFBR2	9607	4
GADL1	0	0
MIR466	0	0
STT3B	14200	4
OSBPL10	371	2
OSBPL10-AS1	2	1
ZNF860	14	1
GPD1L	98	2
CMTM8	0	0
CMTM7	232	2
CMTM6	6594	4
MIR548AY	0	0
DYNC1LI1	3222	4
CNOT10	1236	3
TRIM71	0	0
CCR4	0	0
GLB1	3463	4
TMPPE	180	2
CRTAP	10946	4
SUSD5	920	3
FBXL2	271	2
UBP1	3782	4
CLASP2	1877	3
PDCD6IP	6617	4
LOC101928135	0	0
ARPP21	0	0
MIR128-2	0	0
STAC	98	2
DCLK3	0	0
TRANK1	356	2
EPM2AIP1	1218	3
MLH1	2868	4
LRRFIP2	4197	4
GOLGA4	4835	4
C3orf35	4	1
ITGA9	5	1
ITGA9-AS1	10	1
CTDSPL	1110	3
MIR26A1	0	0
VILL	229	2
PLCD1	98	2
DLEC1	2	1
ACAA1	1358	3
MYD88	8083	4
OXSR1	4616	4
SLC22A13	2	1
SLC22A14	0	0
XYLB	215	2
ACVR2B-AS1	2	1
ACVR2B	83	2
EXOG	781	3
SCN5A	0	0
SCN10A	0	0
SCN11A	0	0
WDR48	1075	3
GORASP1	1464	3
TTC21A	37	2
MIR6822	0	0
CSRNP1	955	3
XIRP1	2	1
CX3CR1	2	1
CCR8	0	0
SLC25A38	1112	3
RPSA	40281	4
SNORA6	53	2
SNORA62	20	1
MOBP	0	0
MYRIP	2	1
EIF1B-AS1	6	1
EIF1B	955	3
ENTPD3	0	0
ENTPD3-AS1	27	1
RPL14	18821	4
ZNF619	280	2
ZNF620	16	1
ZNF621	1420	3
CTNNB1	11108	4
ULK4	87	2
TRAK1	1774	3
CCK	0	0
LYZL4	0	0
VIPR1	0	0
VIPR1-AS1	0	0
SEC22C	2778	4
SS18L2	666	3
NKTR	1704	3
LOC101928323	15	1
ZBTB47	1939	3
KLHL40	0	0
HHATL	0	0
CCDC13	10	1
CCDC13-AS1	0	0
LOC729083	0	0
HIGD1A	4765	4
ACKR2	0	0
CYP8B1	0	0
ZNF662	0	0
KRBOX1-AS1	0	0
KRBOX1	0	0
FAM198A	0	0
POMGNT2	364	2
SNRK	662	3
SNRK-AS1	12	1
ANO10	3081	4
ABHD5	1255	3
MIR138-1	6	1
TOPAZ1	0	0
TCAIM	710	3
ZNF445	1135	3
ZNF852	64	2
ZKSCAN7	0	0
ZNF660	0	0
ZNF197-AS1	0	0
ZNF197	1001	3
ZNF35	443	2
ZNF502	0	0
ZNF501	0	0
KIAA1143	1881	3
KIF15	1457	3
MIR564	0	0
TMEM42	161	2
TGM4	0	0
ZDHHC3	2484	4
EXOSC7	718	3
CLEC3B	38	2
CDCP1	16	1
TMEM158	6172	4
LARS2	1612	3
LARS2-AS1	1	1
LIMD1	1582	3
LIMD1-AS1	0	0
SACM1L	2629	4
SLC6A20	0	0
LZTFL1	192	2
CCR9	0	0
FYCO1	2828	4
CXCR6	8	1
XCR1	0	0
CCR1	136	2
CCR3	0	0
CCR2	0	0
LOC102724297	0	0
CCR5	0	0
CCRL2	26	1
LTF	0	0
RTP3	8	1
LRRC2	28	1
LRRC2-AS1	0	0
TDGF1	0	0
LOC100132146	0	0
ALS2CL	13	1
TMIE	0	0
PRSS50	0	0
PRSS46	0	0
PRSS45	0	0
PRSS42	0	0
MYL3	0	0
PTH1R	0	0
CCDC12	882	3
NBEAL2	134	2
NRADDP	0	0
SETD2	2436	4
KIF9-AS1	47	2
KIF9	62	2
KLHL18	1046	3
PTPN23	2566	4
SCAP	2260	4
ELP6	998	3
CSPG5	0	0
SMARCC1	4903	4
DHX30	3443	4
MIR1226	0	0
MAP4	18420	4
CDC25A	1820	3
MIR4443	0	0
CAMP	0	0
ZNF589	74	2
NME6	361	2
SPINK8	0	0
MIR2115	0	0
FBXW12	0	0
PLXNB1	489	2
CCDC51	562	2
TMA7	4989	4
ATRIP	826	3
TREX1	965	3
SHISA5	7293	4
PFKFB4	567	2
MIR6823	0	0
UCN2	120	2
COL7A1	10019	4
MIR711	0	0
UQCRC1	6659	4
TMEM89	2	1
SLC26A6	1148	3
MIR6824	0	0
CELSR3	231	2
MIR4793	0	0
CELSR3-AS1	0	0
NCKIPSD	958	3
IP6K2	1132	3
PRKAR2A	1221	3
PRKAR2A-AS1	20	1
SLC25A20	665	3
ARIH2OS	24	1
ARIH2	2778	4
P4HTM	954	3
WDR6	3849	4
DALRD3	398	2
MIR425	0	0
NDUFAF3	1992	3
MIR191	0	0
IMPDH2	6302	4
QRICH1	2968	4
QARS	4321	4
MIR6890	0	0
USP19	2376	4
LAMB2	17128	4
LAMB2P1	0	0
CCDC71	829	3
KLHDC8B	285	2
C3orf84	0	0
CCDC36	0	0
C3orf62	177	2
MIR4271	0	0
USP4	2435	4
GPX1	7912	4
RHOA	20937	4
TCTA	1058	3
AMT	74	2
NICN1	323	2
DAG1	7594	4
BSN-AS2	0	0
BSN	6	1
APEH	3391	4
MST1	75	2
RNF123	1792	3
AMIGO3	573	2
GMPPB	1514	3
IP6K1	2355	4
CDHR4	2	1
FAM212A	218	2
UBA7	3661	4
MIR5193	3	1
TRAIP	551	2
CAMKV	0	0
MST1R	22	1
MON1A	473	2
RBM6	1702	3
RBM5	2382	4
RBM5-AS1	97	2
SEMA3F	2115	4
MIR566	0	0
GNAT1	0	0
SLC38A3	0	0
GNAI2	20049	4
MIR5787	0	0
SEMA3B-AS1	0	0
SEMA3B	337	2
MIR6872	0	0
LSMEM2	8	1
IFRD2	2624	4
HYAL3	75	2
NAT6	129	2
HYAL1	8	1
HYAL2	1607	3
TUSC2	762	3
RASSF1	2252	4
RASSF1-AS1	11	1
ZMYND10	12	1
NPRL2	352	2
CYB561D2	539	2
TMEM115	2779	4
CACNA2D2	5	1
C3orf18	479	2
HEMK1	602	2
CISH	36	2
MAPKAPK3	1198	3
MIR4787	0	0
DOCK3	50	2
MANF	5340	4
RBM15B	3164	4
VPRBP	1514	3
RAD54L2	765	3
TEX264	1344	3
GRM2	0	0
IQCF6	0	0
IQCF4	0	0
IQCF3	0	0
IQCF2	0	0
IQCF5-AS1	0	0
IQCF5	0	0
IQCF1	0	0
RRP9	1406	3
PARP3	1368	3
GPR62	0	0
PCBP4	1979	3
ABHD14B	332	2
ABHD14A	113	2
ABHD14A-ACY1	0	0
ACY1	23	1
RPL29	18012	4
DUSP7	2319	4
LINC00696	0	0
POC1A	1237	3
ALAS1	1548	3
TLR9	2	1
TWF2	2937	4
PPM1M	594	2
WDR82	6255	4
MIRLET7G	0	0
GLYCTK	185	2
GLYCTK-AS1	10	1
MIR135A1	0	0
DNAH1	290	2
BAP1	4168	4
PHF7	98	2
SEMA3G	4	1
TNNC1	0	0
NISCH	1305	3
STAB1	2	1
NT5DC2	3059	4
SMIM4	228	2
PBRM1	3430	4
GNL3	5678	4
SNORD19	10	1
SNORD19B	18	1
SNORD69	5	1
GLT8D1	2598	4
SPCS1	2966	4
NEK4	1142	3
ITIH1	0	0
ITIH3	0	0
ITIH4	6	1
ITIH4-AS1	0	0
MUSTN1	6	1
TMEM110-MUSTN1	0	0
TMEM110	1303	3
MIR8064	2	1
SFMBT1	486	2
RFT1	1468	3
PRKCD	1380	3
TKT	17416	4
DCP1A	1445	3
CACNA1D	0	0
CHDH	0	0
IL17RB	76	2
ACTR8	1334	3
SELK	1990	3
CACNA2D3	42	2
ESRG	0	0
CACNA2D3-AS1	0	0
LRTM1	0	0
WNT5A	19170	4
ERC2	0	0
ERC2-IT1	0	0
MIR3938	0	0
CCDC66	436	2
FAM208A	3124	4
ARHGEF3	2	1
ARHGEF3-AS1	0	0
SPATA12	0	0
IL17RD	6	1
HESX1	4	1
APPL1	1247	3
ASB14	2	1
DNAH12	2	1
PDE12	1473	3
ARF4	16523	4
DENND6A	722	3
SLMAP	1639	3
FLNB	7744	4
DNASE1L3	0	0
ABHD6	267	2
RPP14	1193	3
PXK	1025	3
PDHB	3412	4
KCTD6	272	2
ACOX2	20	1
FAM107A	4	1
FAM3D	2	1
C3orf67	94	2
C3orf67-AS1	0	0
FHIT	0	0
MIR548BB	0	0
PTPRG	1100	3
PTPRG-AS1	39	2
C3orf14	417	2
FEZF2	0	0
CADPS	2	1
LINC00698	0	0
SYNPR	0	0
SYNPR-AS1	0	0
SNTN	0	0
C3orf49	8	1
THOC7	1685	3
THOC7-AS1	2	1
ATXN7	1182	3
PSMD6-AS2	28	1
PSMD6	3385	4
PRICKLE2-AS1	0	0
LINC00994	0	0
PRICKLE2	294	2
PRICKLE2-AS2	0	0
PRICKLE2-AS3	1	1
ADAMTS9	2	1
ADAMTS9-AS1	0	0
ADAMTS9-AS2	0	0
MAGI1	779	3
MAGI1-AS1	0	0
SLC25A26	340	2
LRIG1	785	3
KBTBD8	100	2
MIR4272	0	0
SUCLG2	1642	3
SUCLG2-AS1	63	2
FAM19A1	0	0
FAM19A4	0	0
EOGT	1358	3
TMF1	4479	4
MIR3136	0	0
UBA3	2688	4
ARL6IP5	4801	4
LMOD3	0	0
FRMD4B	16	1
MITF	266	2
LINC01212	0	0
FOXP1	1495	3
FOXP1-AS1	0	0
MIR1284	0	0
EIF4E3	10	1
GPR27	0	0
PROK2	0	0
LINC00877	0	0
LINC00870	0	0
RYBP	955	3
SHQ1	773	3
GXYLT2	40	2
PPP4R2	1747	3
EBLN2	22	1
PDZRN3	1012	3
LOC101927296	0	0
PDZRN3-AS1	31	1
CNTN3	0	0
FAM86DP	665	3
MIR1324	0	0
FRG2C	0	0
LINC00960	0	0
ZNF717	0	0
MIR4273	0	0
ROBO2	146	2
ROBO1	2430	4
LOC101927374	0	0
MIR3923	0	0
GBE1	7991	4
LINC00971	0	0
CADM2	0	0
MIR5688	0	0
CADM2-AS2	0	0
VGLL3	6371	4
LINC00506	8	1
MIR4795	0	0
CHMP2B	2246	4
POU1F1	0	0
HTR1F	0	0
CGGBP1	3638	4
ZNF654	565	2
C3orf38	1595	3
EPHA3	0	0
PROS1	514	2
ARL13B	741	3
STX19	0	0
DHFRL1	350	2
NSUN3	274	2
LINC00879	0	0
MTHFD2P1	0	0
MIR8060	0	0
EPHA6	0	0
ARL6	155	2
CRYBG3	921	3
MINA	1042	3
GABRR3	0	0
OR5AC2	0	0
OR5H1	0	0
OR5H14	0	0
OR5H15	0	0
OR5H6	0	0
OR5H2	0	0
OR5K4	0	0
OR5K3	0	0
OR5K1	0	0
OR5K2	0	0
CLDND1	3132	4
GPR15	0	0
CPOX	1458	3
ST3GAL6-AS1	0	0
ST3GAL6	48	2
DCBLD2	8632	4
RNU6-26P	2	1
COL8A1	3198	4
HP09053	0	0
CMSS1	701	3
FILIP1L	5121	4
MIR3921	0	0
TMEM30C	0	0
TBC1D23	3088	4
NIT2	1102	3
TOMM70A	4292	4
LNP1	44	2
TMEM45A	1219	3
ADGRG7	0	0
TFG	5882	4
ABI3BP	595	2
IMPG2	0	0
SENP7	429	2
FAM172BP	0	0
TRMT10C	1268	3
PCNP	4734	4
ZBTB11	1197	3
ZBTB11-AS1	79	2
RPL24	14830	4
PDCL3P4	0	0
CEP97	1277	3
NXPE3	2165	4
NFKBIZ	2362	4
LOC152225	16	1
ZPLD1	4	1
MIR548AB	0	0
ALCAM	30519	4
CBLB	246	2
LINC00882	4	1
LINC00883	567	2
CCDC54	0	0
LOC101929579	0	0
LOC101929607	6	1
BBX	3158	4
LINC00635	0	0
LINC00636	0	0
CD47	5407	4
LINC01215	0	0
IFT57	1459	3
HHLA2	0	0
MYH15	28	1
KIAA1524	3235	4
DZIP3	605	3
RETNLB	0	0
TRAT1	0	0
GUCA1C	0	0
MORC1	0	0
FLJ22763	0	0
LINC00488	0	0
DPPA2	0	0
DPPA4	0	0
LINC01205	2	1
MIR4445	0	0
PVRL3-AS1	6	1
PVRL3	13413	4
CD96	6	1
ZBED2	0	0
PLCXD2	64	2
PLCXD2-AS1	10	1
PHLDB2	2820	4
ABHD10	1190	3
TAGLN3	0	0
TMPRSS7	0	0
C3orf52	396	2
MIR567	1	1
GCSAM	16	1
SLC9C1	9	1
CD200	0	0
BTLA	0	0
ATG3	3084	4
SLC35A5	2114	4
LINC01279	681	3
CCDC80	13572	4
LOC101929694	0	0
CD200R1L	0	0
CD200R1	0	0
GTPBP8	461	2
C3orf17	1298	3
LOC101929717	0	0
BOC	144	2
CFAP44	111	2
CFAP44-AS1	0	0
MIR8076	0	0
SPICE1	268	2
SIDT1	6	1
MIR4446	0	0
KIAA2018	426	2
NAA50	8483	4
ATP6V1A	2086	4
GRAMD1C	314	2
ZDHHC23	344	2
KIAA1407	91	2
QTRTD1	1225	3
DRD3	0	0
ZNF80	0	0
TIGIT	0	0
ZBTB20	480	2
MIR568	0	0
ZBTB20-AS1	0	0
LOC101929754	0	0
MIR4796	0	0
ZBTB20-AS3	0	0
ZBTB20-AS4	0	0
GAP43	36	2
LSAMP	2	1
LSAMP-AS1	0	0
TUSC7	0	0
MIR4447	0	0
LINC00901	0	0
IGSF11	0	0
IGSF11-AS1	0	0
C3orf30	0	0
UPK1B	2	1
B4GALT4	2997	4
B4GALT4-AS1	3	1
ARHGAP31	2100	4
ARHGAP31-AS1	15	1
TMEM39A	2592	4
POGLUT1	651	3
TIMMDC1	1933	3
CD80	0	0
ADPRH	0	0
PLA1A	0	0
POPDC2	2	1
COX17	777	3
MAATS1	0	0
NR1I2	0	0
GSK3B	2689	4
GPR156	1	1
LRRC58	2824	4
FSTL1	97791	4
MIR198	0	0
NDUFB4	3688	4
HGD	0	0
RABL3	1859	3
GTF2E1	883	3
STXBP5L	5	1
MIR5682	0	0
POLQ	1457	3
ARGFX	0	0
FBXO40	0	0
HCLS1	4	1
GOLGB1	3325	4
IQCB1	862	3
EAF2	34	2
SLC15A2	0	0
ILDR1	0	0
CD86	0	0
CASR	0	0
CSTA	2	1
CCDC58	403	2
FAM162A	370	2
WDR5B	334	2
LOC102723582	0	0
KPNA1	4436	4
PARP9	10239	4
DTX3L	12241	4
PARP15	5	1
PARP14	18079	4
HSPBAP1	260	2
DIRC2	338	2
LOC100129550	36	2
SEMA5B	0	0
PDIA5	1637	3
MIR7110	6	1
SEC22A	800	3
ADCY5	4	1
HACD2	717	3
MYLK-AS1	19	1
MYLK	21109	4
MYLK-AS2	4	1
CCDC14	2421	4
ROPN1	0	0
KALRN	12	1
MIR5002	0	0
MIR6083	0	0
UMPS	1594	3
MIR544B	1	1
ITGB5	7718	4
MUC13	2	1
HEG1	7391	4
SLC12A8	100	2
MIR5092	0	0
ZNF148	2068	4
SNX4	1230	3
OSBPL11	1049	3
MIR548I1	0	0
LOC101927056	31	1
FAM86JP	46	2
ALG1L	3	1
ROPN1B	0	0
SLC41A3	1024	3
ALDH1L1	0	0
ALDH1L1-AS1	0	0
ALDH1L1-AS2	0	0
KLF15	16	1
CCDC37-AS1	0	0
CCDC37	11	1
ZXDC	817	3
UROC1	0	0
CHST13	0	0
C3orf22	0	0
TXNRD3NB	0	0
TXNRD3	324	2
NUP210P1	0	0
CHCHD6	220	2
PLXNA1	6336	4
C3orf56	0	0
LOC101927123	0	0
LINC01471	0	0
TPRA1	1332	3
MIR6825	0	0
MIR7976	0	0
MCM2	5942	4
PODXL2	4	1
ABTB1	277	2
MGLL	15802	4
KBTBD12	0	0
SEC61A1	31282	4
RUVBL1-AS1	4	1
RUVBL1	2868	4
EEFSEC	608	3
DNAJB8	0	0
DNAJB8-AS1	0	0
GATA2	3274	4
GATA2-AS1	430	2
LOC90246	56	2
LINC01565	0	0
RPN1	20109	4
RAB7A	10974	4
LOC653712	9	1
ACAD9	1683	3
KIAA1257	0	0
EFCC1	0	0
GP9	0	0
ISY1-RAB43	0	0
RAB43	188	2
ISY1	550	2
CNBP	11789	4
COPG1	9730	4
MIR6826	0	0
HMCES	1057	3
H1FX	5716	4
H1FX-AS1	29	1
RPL32P3	95	2
SNORA7B	0	0
EFCAB12	0	0
MBD4	1529	3
IFT122	572	2
RHO	0	0
H1FOO	0	0
PLXND1	4087	4
TMCC1	535	2
TMCC1-AS1	26	1
TRH	0	0
ALG1L2	0	0
FAM86HP	22	1
COL6A4P2	0	0
COL6A5	0	0
COL6A6	2	1
PIK3R4	1264	3
ATP2C1	7595	4
ASTE1	229	2
NEK11	237	2
LOC339874	2	1
NUDT16P1	0	0
NUDT16	1415	3
MRPL3	5183	4
SNORA58	0	0
CPNE4	0	0
MIR5704	0	0
ACPP	282	2
DNAJC13	5695	4
NPHP3-ACAD11	45	2
ACAD11	63	2
ACKR4	1850	3
UBA5	1906	3
NPHP3	209	2
NPHP3-AS1	2	1
TMEM108	0	0
TMEM108-AS1	0	0
BFSP2	0	0
CDV3	8455	4
TOPBP1	3932	4
TF	0	0
SRPRB	2612	4
RAB6B	0	0
C3orf36	0	0
SLCO2A1	0	0
RYK	2144	4
AMOTL2	9587	4
MIR6827	2	1
MIR4788	0	0
ANAPC13	2567	4
CEP63	1377	3
KY	2	1
EPHB1	6	1
PPP2R3A	1460	3
MSL2	767	3
PCCB	634	3
STAG1	4699	4
SLC35G2	1906	3
NCK1-AS1	22	1
NCK1	1078	3
IL20RB	24	1
SOX14	0	0
LINC01210	0	0
CLDN18	16	1
DZIP1L	627	3
A4GNT	7	1
DBR1	780	3
ARMC8	1339	3
NME9	2	1
MRAS	464	2
ESYT3	0	0
CEP70	300	2
FAIM	206	2
PIK3CB	613	3
LINC01391	0	0
FOXL2	20	1
FOXL2NB	6	1
PRR23A	0	0
PRR23B	0	0
PRR23C	0	0
BPESC1	0	0
PISRT1	0	0
MRPS22	2264	4
COPB2	12204	4
LOC100507291	35	2
RBP2	0	0
RBP1	0	0
NMNAT3	0	0
CLSTN2	0	0
CLSTN2-AS1	0	0
TRIM42	0	0
SLC25A36	1223	3
SPSB4	0	0
PXYLP1	275	2
ZBTB38	7962	4
RASA2	1841	3
RNF7	2289	4
GRK7	0	0
ATP1B3	8609	4
TFDP2	616	3
GK5	536	2
XRN1	2787	4
ATR	2298	4
PLS1	62	2
TRPC1	546	2
PCOLCE2	2	1
LOC100507389	0	0
PAQR9	0	0
PAQR9-AS1	0	0
LOC100289361	9	1
U2SURP	5028	4
CHST2	940	3
SLC9A9	91	2
SLC9A9-AS1	0	0
C3orf58	748	3
PLOD2	13166	4
PLSCR4	842	3
PLSCR2	4	1
PLSCR1	12718	4
PLSCR5	0	0
ZIC4	33	2
ZIC1	228	2
LOC440982	0	0
AGTR1	0	0
CPB1	0	0
CPA3	4	1
GYG1	2199	4
HLTF	2559	4
HLTF-AS1	0	0
HPS3	1689	3
CP	2	1
TM4SF18	6	1
TM4SF1	9831	4
TM4SF1-AS1	2	1
TM4SF4	4	1
WWTR1	2972	4
WWTR1-AS1	4	1
COMMD2	1502	3
ANKUB1	0	0
RNF13	1776	3
PFN2	11267	4
LOC646903	57	2
TMEM183B	8	1
LINC01213	0	0
LINC01214	0	0
TSC22D2	1696	3
SERP1	8100	4
EIF2A	3941	4
SELT	3582	4
ERICH6	0	0
ERICH6-AS1	4	1
LOC101928105	4	1
SIAH2	749	3
CLRN1	0	0
CLRN1-AS1	0	0
MED12L	0	0
GPR171	0	0
P2RY14	0	0
GPR87	4	1
P2RY13	0	0
P2RY12	0	0
IGSF10	3	1
MIR5186	0	0
AADACL2	0	0
AADACL2-AS1	0	0
AADACP1	1	1
AADAC	2	1
SUCNR1	0	0
MBNL1-AS1	155	2
MBNL1	9407	4
TMEM14E	4	1
P2RY1	0	0
RAP2B	1362	3
C3orf79	0	0
ARHGEF26-AS1	0	0
ARHGEF26	0	0
DHX36	2890	4
GPR149	0	0
MME	26767	4
LINC01487	0	0
LOC100507537	0	0
PLCH1	6	1
C3orf33	76	2
SLC33A1	1530	3
GMPS	3664	4
KCNAB1	74	2
KCNAB1-AS2	0	0
KCNAB1-AS1	0	0
SSR3	22303	4
TIPARP-AS1	11	1
TIPARP	4157	4
LINC00886	155	2
PA2G4P4	12	1
LEKR1	5	1
LINC00880	0	0
LINC00881	0	0
CCNL1	1909	3
VEPH1	2340	4
PTX3	5965	4
PQLC2L	80	2
SHOX2	971	3
RSRC1	1244	3
LOC100996447	126	2
MLF1	130	2
GFM1	2724	4
LXN	304	2
RARRES1	22	1
MFSD1	2915	4
IQCJ	0	0
IQCJ-SCHIP1	0	0
SCHIP1	0	0
MIR3919	0	0
IQCJ-SCHIP1-AS1	0	0
IL12A-AS1	2	1
IL12A	52	2
LINC01100	0	0
C3orf80	0	0
IFT80	1398	3
SMC4	14502	4
MIR15B	0	0
MIR16-2	0	0
TRIM59	2094	4
KPNA4	5256	4
SCARNA7	0	0
ARL14	2	1
PPM1L	34	2
B3GALNT1	190	2
NMD3	3380	4
SPTSSB	2	1
LOC101243545	132	2
OTOL1	0	0
LINC01192	0	0
MIR1263	0	0
LINC01324	0	0
SI	0	0
SLITRK3	0	0
LINC01322	0	0
BCHE	8	1
ZBBX	0	0
LINC01327	0	0
SERPINI2	0	0
WDR49	0	0
PDCD10	2262	4
SERPINI1	112	2
LINC01330	0	0
GOLIM4	7496	4
EGFEM1P	14	1
MIR551B	0	0
LOC100507661	0	0
MECOM	594	2
TERC	0	0
ACTRT3	162	2
MYNN	927	3
LRRC34	107	2
LRRIQ4	0	0
LRRC31	0	0
SAMD7	0	0
LOC100128164	5	1
SEC62	7416	4
GPR160	12	1
PHC3	1460	3
PRKCI	1523	3
SKIL	1836	3
CLDN11	6	1
MIR6828	0	0
SLC7A14	0	0
RPL22L1	12920	4
EIF5A2	1003	3
SLC2A2	0	0
TNIK	342	2
MIR569	0	0
PLD1	335	2
TMEM212	0	0
TMEM212-AS1	0	0
FNDC3B	5563	4
GHSR	0	0
TNFSF10	138	2
NCEH1	3780	4
ECT2	5945	4
SPATA16	0	0
NLGN1	547	2
NLGN1-AS1	0	0
NAALADL2	308	2
NAALADL2-AS3	0	0
NAALADL2-AS2	0	0
MIR4789	0	0
NAALADL2-AS1	0	0
MIR7977	0	0
LINC01208	6	1
LINC01209	0	0
TBL1XR1	2550	4
LINC00501	0	0
LINC00578	0	0
KCCAT211	2	1
LINC01014	0	0
KCNMB2-AS1	0	0
KCNMB2	2	1
ZMAT3	1372	3
LOC101928739	0	0
PIK3CA	1633	3
KCNMB3	27	1
ZNF639	1432	3
MFN1	1802	3
GNB4	9322	4
ACTL6A	2717	4
MRPL47	2008	3
NDUFB5	1535	3
USP13	1625	3
PEX5L	14	1
LOC101928790	0	0
TTC14	1314	3
CCDC39	32	1
LOC101928882	0	0
FXR1	5067	4
DNAJC19	631	3
SOX2-OT	2	1
LOC102724604	0	0
SOX2	0	0
LINC01206	0	0
FLJ46066	0	0
ATP11B	2511	4
DCUN1D1	1819	3
MCCC1	545	2
LAMP3	0	0
MCF2L2	0	0
B3GNT5	0	0
LINC00888	98	2
KLHL6	0	0
KLHL6-AS1	0	0
KLHL24	147	2
YEATS2	2870	4
MAP6D1	84	2
PARL	1056	3
MIR4448	0	0
ABCC5	617	3
ABCC5-AS1	0	0
HTR3D	0	0
HTR3C	0	0
HTR3E	0	0
EIF2B5	2050	3
DVL3	3378	4
AP2M1	25307	4
ABCF3	1684	3
VWA5B2	2	1
MIR1224	0	0
ALG3	1475	3
ECE2	224	2
CAMK2N2	449	2
PSMD2	17889	4
EIF4G1	34154	4
SNORD66	0	0
FAM131A	520	2
CLCN2	193	2
POLR2H	1404	3
THPO	0	0
CHRD	32	1
EIF2B5-AS1	0	0
EPHB3	79	2
MAGEF1	1266	3
LOC101928992	0	0
VPS8	823	3
C3orf70	0	0
EHHADH-AS1	0	0
EHHADH	132	2
MIR5588	0	0
MAP3K13	491	2
TMEM41A	800	3
LIPH	0	0
SENP2	1522	3
IGF2BP2	4525	4
IGF2BP2-AS1	0	0
TRA2B	7666	4
LOC344887	171	2
ETV5	1513	3
DGKG	8	1
LOC253573	0	0
CRYGS	25	1
TBCCD1	319	2
DNAJB11	7041	4
AHSG	0	0
FETUB	0	0
HRG	0	0
KNG1	0	0
EIF4A2	6349	4
SNORD2	31	1
MIR1248	0	0
SNORA81	15	1
SNORA63	21	1
SNORA4	29	1
RFC4	1490	3
LOC102724699	0	0
ADIPOQ	0	0
ADIPOQ-AS1	0	0
ST6GAL1	23	1
RPL39L	1156	3
LOC101929106	0	0
RTP1	0	0
MASP1	12553	4
RTP4	233	2
SST	0	0
RTP2	0	0
LOC100131635	0	0
BCL6	636	3
LPP-AS2	60	2
LPP	2739	4
FLJ42393	0	0
LPP-AS1	1	1
MIR28	0	0
TPRG1-AS1	2	1
TPRG1	2	1
TPRG1-AS2	0	0
TP63	14	1
MIR944	0	0
P3H2	406	2
P3H2-AS1	2	1
CLDN1	38	2
CLDN16	0	0
TMEM207	0	0
IL1RAP	796	3
GMNC	4	1
SNAR-I	0	0
OSTN	3	1
UTS2B	42	2
CCDC50	8716	4
LINCR-0002	6	1
PYDC2	0	0
FGF12	0	0
FGF12-AS1	0	0
MB21D2	730	3
HRASLS	0	0
MGC2889	0	0
ATP13A5	0	0
ATP13A5-AS1	0	0
ATP13A4	0	0
ATP13A4-AS1	0	0
OPA1	3412	4
OPA1-AS1	0	0
LOC647323	0	0
DPPA2P3	0	0
HES1	321	2
LOC100505920	0	0
LOC101929337	0	0
LINC00887	0	0
CPN2	0	0
LRRC15	60	2
GP5	2	1
ATP13A3	14358	4
LINC00884	2	1
TMEM44-AS1	38	2
TMEM44	742	3
LSG1	2352	4
FAM43A	1622	3
LOC100507391	0	0
XXYLT1	1303	3
XXYLT1-AS1	0	0
MIR3137	0	0
XXYLT1-AS2	12	1
ACAP2	3050	4
PPP1R2	1312	3
APOD	6	1
SDHAP2	126	2
LINC00969	29	1
MIR570	8	1
MUC20	15	1
MUC4	0	0
TNK2	1005	3
MIR6829	0	0
SDHAP1	292	2
TFRC	14231	4
LINC00885	0	0
ZDHHC19	0	0
SLC51A	22	1
PCYT1A	1945	3
TCTEX1D2	153	2
TM4SF19-TCTEX1D2	0	0
TM4SF19-AS1	9	1
TM4SF19	0	0
UBXN7	1213	3
RNF168	1075	3
SMCO1	4	1
WDR53	388	2
FBXO45	1044	3
LINC01063	0	0
NRROS	0	0
CEP19	106	2
PIGX	934	3
PAK2	4492	4
RNU6-42P	0	0
SENP5	1280	3
NCBP2	2355	4
NCBP2-AS2	409	2
PIGZ	107	2
MFI2	13	1
MFI2-AS1	9	1
DLG1	2738	4
MIR4797	0	0
DLG1-AS1	0	0
BDH1	92	2
LOC220729	272	2
KIAA0226	1580	3
MIR922	0	0
FYTTD1	4977	4
LRCH3	776	3
IQCG	192	2
RPL35A	13038	4
LMLN	385	2
LMLN-AS1	0	0
ANKRD18DP	2	1
FAM157A	0	0
ZNF595	72	2
ZNF718	145	2
ZNF876P	6	1
ZNF732	0	0
ZNF141	0	0
MIR571	0	0
ABCA11P	172	2
ZNF721	460	2
PIGG	2828	4
PDE6B	0	0
ATP5I	2404	4
MYL5	99	2
MFSD7	12	1
PCGF3	1666	3
LOC100129917	69	2
CPLX1	6	1
GAK	3159	4
TMEM175	584	2
DGKQ	989	3
SLC26A1	112	2
IDUA	695	3
FGFRL1	861	3
RNF212	0	0
TMED11P	0	0
SPON2	5	1
LOC100130872	0	0
CTBP1-AS	28	1
CTBP1	2662	4
CTBP1-AS2	473	2
MAEA	2494	4
UVSSA	438	2
CRIPAK	160	2
NKX1-1	0	0
FAM53A	94	2
SLBP	4575	4
TMEM129	955	3
TACC3	6455	4
FGFR3	0	0
LETM1	2541	4
WHSC1	9136	4
SCARNA22	11	1
NELFA	705	3
MIR943	0	0
C4orf48	736	3
NAT8L	0	0
POLN	51	2
HAUS3	781	3
MXD4	1155	3
MIR4800	0	0
ZFYVE28	34	2
CFAP99	0	0
RNF4	3442	4
FAM193A	1122	3
TNIP2	1419	3
SH3BP2	979	3
ADD1	8971	4
MFSD10	2377	4
NOP14-AS1	144	2
NOP14	2587	4
GRK4	72	2
HTT-AS	0	0
HTT	3303	4
MSANTD1	0	0
RGS12	605	3
HGFAC	2	1
DOK7	0	0
LRPAP1	3931	4
LINC00955	0	0
LOC100133461	0	0
ADRA2C	0	0
FAM86EP	90	2
OTOP1	0	0
TMEM128	741	3
LYAR	1628	3
ZBTB49	103	2
NSG1	6	1
STX18	1342	3
STX18-IT1	0	0
STX18-AS1	42	2
LOC101928279	3	1
LINC01396	0	0
MSX1	889	3
LOC101928306	0	0
CYTL1	0	0
STK32B	7	1
LINC01587	3	1
EVC2	555	2
EVC	4315	4
CRMP1	453	2
MIR378D1	0	0
JAKMIP1	0	0
LOC285484	0	0
WFS1	1143	3
PPP2R2C	0	0
MAN2B2	3870	4
MRFAP1	10609	4
LOC93622	434	2
S100P	0	0
MRFAP1L1	2166	4
BLOC1S4	578	2
KIAA0232	1393	3
TBC1D14	591	2
LOC100129931	4	1
CCDC96	108	2
TADA2B	1018	3
GRPEL1	1724	3
FLJ36777	0	0
SORCS2	0	0
MIR4798	0	0
PSAPL1	0	0
MIR4274	0	0
AFAP1-AS1	32	1
AFAP1	6172	4
LOC389199	14	1
ABLIM2	0	0
MIR95	0	0
SH3TC1	10	1
HTRA3	54	2
ACOX3	764	3
TRMT44	318	2
GPR78	2	1
CPZ	393	2
HMX1	0	0
LOC650293	0	0
USP17L10	0	0
USP17L20	0	0
USP17L18	0	0
USP17L11	0	0
USP17L21	0	0
USP17L12	0	0
USP17L13	0	0
USP17L15	0	0
USP17L17	0	0
USP17L19	0	0
USP17L22	0	0
USP17L26	0	0
USP17L27	0	0
USP17L29	0	0
USP17L30	0	0
USP17L25	0	0
USP17L24	0	0
USP17L5	0	0
USP17L28	0	0
USP17L9P	0	0
USP17L6P	0	0
DEFB131	0	0
MIR548I2	0	0
DRD5	0	0
SLC2A9	16	1
WDR1	28334	4
MIR3138	0	0
ZNF518B	0	0
CLNK	0	0
MIR572	0	0
HS3ST1	0	0
LOC101929019	0	0
RAB28	662	3
LINC01097	0	0
NKX3-2	12	1
LINC01096	0	0
BOD1L1	3437	4
MIR5091	0	0
LINC01182	2	1
LINC01085	1075	3
LINC00504	0	0
CPEB2-AS1	2	1
CPEB2	1134	3
LOC101929095	2	1
C1QTNF7	0	0
CC2D2A	742	3
FBXL5	2113	4
FAM200B	601	2
BST1	16	1
CD38	0	0
FGFBP1	0	0
FGFBP2	0	0
PROM1	0	0
TAPT1	620	3
TAPT1-AS1	53	2
LDB2	866	3
LOC101929123	0	0
QDPR	1212	3
CLRN2	0	0
LAP3	13334	4
MED28	1266	3
FAM184B	27	1
DCAF16	1385	3
NCAPG	5859	4
LCORL	419	2
SLIT2	21992	4
SLIT2-IT1	5	1
MIR218-1	0	0
PACRGL	431	2
KCNIP4	17	1
MIR7978	0	0
KCNIP4-IT1	0	0
LOC100505912	0	0
ADGRA3	1291	3
GBA3	0	0
PPARGC1A	0	0
MIR573	3	1
DHX15	7935	4
SOD3	2730	4
CCDC149	555	2
LGI2	0	0
SEPSECS	264	2
SEPSECS-AS1	9	1
PI4K2B	5986	4
ZCCHC4	509	2
ANAPC4	1100	3
SLC34A2	0	0
SEL1L3	98	2
SMIM20	462	2
RBPJ	3032	4
CCKAR	0	0
TBC1D19	430	2
STIM2	623	3
LOC101929199	8	1
MIR4275	0	0
PCDH7	0	0
LOC102723778	0	0
LOC102723828	0	0
LOC101928622	0	0
ARAP2	0	0
LOC439933	0	0
DTHD1	0	0
MIR1255B1	0	0
MIR4801	0	0
NWD2	0	0
C4orf19	0	0
RELL1	368	2
PGM2	1621	3
TBC1D1	2293	4
PTTG2	0	0
LINC01258	0	0
KLF3-AS1	0	0
KLF3	1286	3
TLR10	2	1
TLR1	9	1
TLR6	129	2
FAM114A1	5650	4
MIR574	5	1
TMEM156	39	2
KLHL5	4103	4
WDR19	616	3
RFC1	3010	4
KLB	14	1
MIR5591	0	0
RPL9	20457	4
LIAS	328	2
LOC401127	0	0
UGDH	7809	4
UGDH-AS1	67	2
SMIM14	1589	3
UBE2K	3279	4
PDS5A	5167	4
LOC344967	0	0
N4BP2	402	2
RHOH	0	0
LOC101060498	0	0
CHRNA9	0	0
RBM47	108	2
MIR4802	0	0
NSUN7	0	0
APBB2	1835	3
UCHL1-AS1	0	0
UCHL1	18938	4
LIMCH1	5372	4
PHOX2B	0	0
LINC00682	0	0
TMEM33	2685	4
DCAF4L1	8	1
SLC30A9	3408	4
BEND4	0	0
SHISA3	0	0
ATP8A1	2	1
GRXCR1	0	0
LVCAT1	0	0
KCTD8	0	0
YIPF7	0	0
GUF1	1353	3
GNPDA2	1272	3
GABRG1	0	0
GABRA2	0	0
COX7B2	0	0
GABRA4	0	0
GABRB1	2	1
COMMD8	1141	3
ATP10D	2049	3
CORIN	14	1
MIR8053	0	0
LOC101927179	0	0
NFXL1	525	2
LOC101927157	2	1
CNGA1	4	1
NIPAL1	163	2
TXK	5	1
TEC	86	2
SLAIN2	4802	4
SLC10A4	0	0
ZAR1	0	0
FRYL	1832	3
OCIAD1	4887	4
OCIAD2	91	2
CWH43	0	0
DCUN1D4	1695	3
LRRC66	4	1
SGCB	6339	4
SPATA18	4	1
USP46	655	3
USP46-AS1	22	1
DANCR	163	2
MIR4449	1	1
SNORA26	7	1
ERVMER34-1	0	0
LOC152578	0	0
RASL11B	0	0
SCFD2	1263	3
FIP1L1	2644	4
LNX1	82	2
LNX1-AS1	0	0
LNX1-AS2	0	0
LOC100506444	0	0
RPL21P44	0	0
CHIC2	909	3
GSX2	0	0
PDGFRA	7186	4
KIT	18	1
KDR	0	0
SRD5A3	472	2
SRD5A3-AS1	10	1
TMEM165	6426	4
CLOCK	1966	3
PDCL2	0	0
NMU	0	0
LOC644145	0	0
EXOC1	1942	3
CEP135	1076	3
KIAA1211	4	1
AASDH	335	2
PPAT	1527	3
PAICS	10041	4
SRP72	8150	4
ARL9	4	1
THEGL	0	0
HOPX	0	0
SPINK2	0	0
REST	1632	3
NOA1	961	3
POLR2B	5417	4
IGFBP7	23664	4
IGFBP7-AS1	4	1
LOC101928851	0	0
MIR548AG1	0	0
ADGRL3	0	0
ADGRL3-AS1	0	0
TECRL	0	0
LOC401134	0	0
EPHA5	1362	3
EPHA5-AS1	22	1
MIR1269A	0	0
LOC101927237	0	0
CENPC	766	3
STAP1	0	0
UBA6	4176	4
UBA6-AS1	249	2
GNRHR	10	1
TMPRSS11D	0	0
TMPRSS11A	0	0
TMPRSS11GP	0	0
TMPRSS11F	0	0
LOC550113	0	0
SYT14P1	0	0
FTLP10	0	0
TMPRSS11BNL	0	0
TMPRSS11B	0	0
YTHDC1	2752	4
TMPRSS11E	0	0
UGT2B17	0	0
UGT2B15	0	0
UGT2B10	0	0
UGT2A3	0	0
UGT2B7	0	0
UGT2B11	0	0
UGT2B28	0	0
UGT2B4	0	0
UGT2A1	0	0
UGT2A2	0	0
SULT1B1	0	0
SULT1E1	0	0
CSN1S1	0	0
CSN2	0	0
STATH	0	0
HTN3	0	0
HTN1	0	0
CSN1S2AP	0	0
CSN1S2BP	0	0
PRR27	0	0
ODAM	0	0
FDCSP	0	0
CSN3	0	0
CABS1	0	0
SMR3A	0	0
SMR3B	0	0
PROL1	0	0
MUC7	0	0
AMTN	0	0
AMBN	0	0
ENAM	2	1
JCHAIN	0	0
UTP3	1680	3
RUFY3	700	3
GRSF1	4698	4
MOB1B	1416	3
DCK	2414	4
SLC4A4	1228	3
GC	0	0
NPFFR2	0	0
ADAMTS3	100	2
COX18	729	3
ANKRD17	5462	4
ALB	0	0
AFP	52	2
AFM	3	1
LOC728040	0	0
RASSF6	0	0
CXCL8	75433	4
CXCL6	2139	4
PF4V1	0	0
CXCL1	2552	4
PF4	8	1
PPBP	0	0
CXCL5	76	2
CXCL3	983	3
PPBPP2	0	0
CXCL2	730	3
MTHFD2L	225	2
EPGN	6	1
EREG	29985	4
AREG	256	2
BTC	16	1
PARM1	0	0
LOC100507388	0	0
LOC441025	0	0
RCHY1	515	2
THAP6	585	2
C4orf26	0	0
CDKL2	17	1
G3BP2	7536	4
USO1	7266	4
PPEF2	0	0
NAAA	629	3
SDAD1	1982	3
LOC101928809	0	0
CXCL9	2	1
ART3	2	1
CXCL10	254	2
CXCL11	490	2
NUP54	2496	4
SCARB2	23021	4
FAM47E	3	1
FAM47E-STBD1	0	0
STBD1	140	2
CCDC158	4	1
SHROOM3	1335	3
MIR4450	0	0
MIR548AH	0	0
SOWAHB	0	0
SEPT11	19961	4
CCNI	3205	4
CCNG2	530	2
CXCL13	0	0
CNOT6L	857	3
MRPL1	888	3
FRAS1	43	2
ANXA3	0	0
LINC01094	91	2
BMP2K	814	3
PAQR3	838	3
LINC01088	0	0
NAA11	0	0
GK2	0	0
LINC00989	0	0
PCAT4	0	0
ANTXR2	9563	4
PRDM8	2694	4
FGF5	20385	4
C4orf22	81	2
BMP3	38	2
PRKG2	28	1
LOC101928942	0	0
RASGEF1B	0	0
HNRNPD	10674	4
HNRNPDL	12475	4
ENOPH1	2172	4
TMEM150C	4	1
LINC00575	0	0
SCD5	926	3
MIR575	0	0
SEC31A	10206	4
THAP9-AS1	1740	3
THAP9	118	2
LIN54	1316	3
COPS4	2567	4
PLAC8	6	1
COQ2	780	3
HPSE	44	2
HELQ	586	2
MRPS18C	825	3
FAM175A	474	2
GPAT3	242	2
LOC101928978	0	0
NKX6-1	0	0
CDS1	0	0
WDFY3	2712	4
WDFY3-AS2	47	2
ARHGAP24	1538	3
MIR4451	0	0
MAPK10	28	1
LOC101929064	0	0
MIR4452	0	0
PTPN13	2486	4
SLC10A6	6	1
C4orf36	58	2
LOC100506746	85	2
AFF1	1908	3
KLHL8	650	3
MIR5705	0	0
HSD17B13	0	0
HSD17B11	1199	3
NUDT9	823	3
SPARCL1	9	1
DSPP	0	0
DMP1	0	0
IBSP	0	0
MEPE	0	0
SPP1	26	1
PKD2	5465	4
ABCG2	317	2
PPM1K	3108	4
HERC6	9098	4
HERC5	1216	3
PYURF	0	0
PIGY	0	0
HERC3	2429	4
RNU6-33P	0	0
NAP1L5	460	2
FAM13A-AS1	17	1
FAM13A	491	2
TIGD2	466	2
GPRIN3	0	0
SNCA	2	1
SNCA-AS1	0	0
MMRN1	10	1
CCSER1	0	0
LOC101929194	0	0
GRID2	0	0
ATOH1	0	0
LOC101929210	0	0
SMARCAD1	2006	3
HPGDS	0	0
PDLIM5	9513	4
BMPR1B-AS1	0	0
BMPR1B	0	0
UNC5C	0	0
PDHA2	0	0
RNU6-34P	0	0
STPG2-AS1	0	0
STPG2	2	1
RAP1GDS1	3018	4
TSPAN5	4416	4
EIF4E	3480	4
METAP1	3045	4
MIR3684	0	0
ADH5	9804	4
LOC100507053	66	2
ADH4	0	0
PCNAP1	0	0
ADH6	8	1
ADH1A	0	0
ADH1B	0	0
ADH1C	4	1
ADH7	0	0
C4orf17	0	0
TRMT10A	290	2
MTTP	0	0
DAPP1	0	0
LAMTOR3	1108	3
DNAJB14	2537	4
H2AFZ	17957	4
LOC256880	0	0
DDIT4L	62	2
LOC101929353	0	0
EMCN	2	1
LINC01216	0	0
PPP3CA	2867	4
MIR8066	0	0
MIR1255A	0	0
FLJ20021	50	2
BANK1	36	2
SLC39A8	2346	4
NFKB1	2862	4
MANBA	1153	3
LOC102723704	0	0
UBE2D3	11835	4
LOC105377348	18	1
CISD2	1344	3
SLC9B1	21	1
SLC9B2	1339	3
BDH2	607	3
CENPE	5505	4
LOC101929448	0	0
TACR3	0	0
CXXC4	0	0
LOC101929468	0	0
TET2	1045	3
TET2-AS1	4	1
PPA2	1616	3
ARHGEF38	4	1
ARHGEF38-IT1	0	0
INTS12	1022	3
GSTCD	1280	3
LOC101929529	2	1
NPNT	0	0
LOC101929577	0	0
TBCK	527	2
AIMP1	2948	4
GIMD1	0	0
DKK2	2	1
PAPSS1	2892	4
SGMS2	1515	3
LOC101929595	0	0
CYP2U1	1707	3
HADH	1825	3
LEF1	226	2
LEF1-AS1	0	0
RPL34-AS1	0	0
RPL34	10805	4
OSTC	6694	4
ETNPPL	1	1
COL25A1	10	1
SEC24B-AS1	7	1
SEC24B	1775	3
MIR576	0	0
CCDC109B	956	3
CASP6	446	2
PLA2G12A	484	2
CFI	0	0
GAR1	959	3
RRH	1	1
LRIT3	6	1
EGF	280	2
RNU6-35P	0	0
ELOVL6	1181	3
ENPEP	56	2
PITX2	280	2
MIR297	0	0
C4orf32	210	2
AP1AR	826	3
TIFA	455	2
ALPK1	438	2
NEUROG2	0	0
ZGRF1	855	3
LARP7	3072	4
MIR367	0	0
MIR302D	0	0
MIR302A	0	0
MIR302C	0	0
MIR302B	1	1
ANK2	200	2
MIR1243	0	0
MIR8082	0	0
CAMK2D	4415	4
ARSJ	6715	4
UGT8	0	0
MIR577	0	0
NDST4	0	0
MIR1973	0	0
TRAM1L1	0	0
LINC01378	0	0
NDST3	2	1
SNHG8	1102	3
SNORA24	18	1
PRSS12	2290	4
CEP170P1	0	0
LOC729218	66	2
LOC101929741	0	0
METTL14	1149	3
SEC24D	9167	4
SYNPO2	210	2
MYOZ2	0	0
LOC101929762	0	0
USP53	2351	4
C4orf3	3680	4
FABP2	0	0
LINC01061	60	2
LOC645513	78	2
PDE5A	1087	3
LINC01365	0	0
LOC100996694	0	0
MAD2L1	3351	4
PRDM5	249	2
NDNF	20	1
TNIP3	402	2
QRFPR	10	1
ANXA5	39624	4
TMEM155	6	1
PP12613	4	1
EXOSC9	3234	4
CCNA2	7002	4
BBS7	1096	3
TRPC3	13	1
KIAA1109	2214	4
ADAD1	0	0
IL2	0	0
IL21	0	0
IL21-AS1	0	0
CETN4P	2	1
BBS12	168	2
FGF2	25750	4
NUDT6	51	2
SPATA5	836	3
SPRY1	22	1
LINC01091	0	0
LOC101927087	0	0
ANKRD50	2393	4
FAT4	2325	4
MIR2054	0	0
INTU	100	2
SLC25A31	0	0
HSPA4L	126	2
PLK4	2273	4
MFSD8	749	3
C4orf29	172	2
LARP1B	568	2
PGRMC2	3908	4
LOC100507487	10	1
JADE1	1683	3
SCLT1	1382	3
C4orf33	254	2
LOC101927282	0	0
LOC101927305	0	0
LINC01256	0	0
LOC101927359	0	0
PCDH10	216	2
PABPC4L	144	2
LINC00613	0	0
PCDH18	8325	4
LINC00616	0	0
SLC7A11-AS1	30	1
SLC7A11	11262	4
LINC00499	0	0
NOCT	369	2
ELF2	1087	3
MGARP	182	2
NDUFC1	1133	3
NAA15	5983	4
RAB33B	446	2
SETD7	4359	4
MGST2	150	2
MAML3	356	2
SCOC	2441	4
SCOC-AS1	17	1
CLGN	126	2
MGAT4D	0	0
ELMOD2	1263	3
UCP1	0	0
TBC1D9	1448	3
TNRC18P1	4	1
RNF150	54	2
ZNF330	939	3
LOC100507639	1	1
IL15	381	2
INPP4B	1316	3
USP38	1488	3
GAB1	378	2
MIR3139	0	0
SMARCA5	9803	4
SMARCA5-AS1	14	1
GUSBP5	2	1
FREM3	0	0
GYPE	0	0
LOC101927636	0	0
GYPB	0	0
GYPA	0	0
HHIP-AS1	0	0
HHIP	2	1
ANAPC10	431	2
ABCE1	6915	4
OTUD4	3015	4
SMAD1	324	2
SMAD1-AS2	0	0
SMAD1-AS1	0	0
MMAA	268	2
C4orf51	0	0
ZNF827	881	3
LINC01095	0	0
LSM6	737	3
SLC10A7	642	3
MIR7849	0	0
POU4F2	0	0
TTC29	126	2
MIR548G	0	0
EDNRA	593	2
TMEM184C	1862	3
PRMT9	394	2
ARHGAP10	1597	3
MIR4799	0	0
NR3C2	4	1
LOC101927849	0	0
DCLK2	917	3
LRBA	1528	3
MAB21L2	0	0
RPS3A	27030	4
SNORD73A	0	0
SH3D19	2007	3
PRSS48	0	0
FAM160A1	19	1
GATB	788	3
LOC100996286	0	0
FBXW7	405	2
DEAR	0	0
MIR3140	0	0
DKFZP434I0714	72	2
MIR4453	0	0
TMEM154	284	2
TIGD4	0	0
ARFIP1	1686	3
FHDC1	126	2
TRIM2	660	3
ANXA2P1	20	1
MND1	566	2
KIAA0922	248	2
TLR2	0	0
RNF175	0	0
SFRP2	0	0
DCHS2	0	0
PLRG1	2794	4
FGB	0	0
FGA	0	0
FGG	0	0
LRAT	0	0
RBM46	0	0
NPY2R	0	0
MAP9	450	2
LOC102724776	0	0
GUCY1A3	4	1
GUCY1B3	10	1
ASIC5	1	1
TDO2	72	2
CTSO	1236	3
PDGFC	1252	3
GLRB	66	2
GRIA2	0	0
LOC340017	4	1
FAM198B	16	1
TMEM144	97	2
RXFP1	182	2
C4orf46	1662	3
ETFDH	457	2
PPID	1168	3
FNIP2	660	3
C4orf45	0	0
MIR3688-1	0	0
MIR3688-2	0	0
RAPGEF2	2254	4
FSTL5	124	2
LOC101928052	0	0
NAF1	533	2
NPY1R	0	0
NPY5R	0	0
TKTL2	0	0
TMA16	1287	3
MARCH1	66	2
ANP32C	0	0
LINC01207	0	0
APELA	0	0
TRIM61	0	0
FAM218A	0	0
TRIM60	0	0
TMEM192	1212	3
KLHL2	842	3
GK3P	0	0
MSMO1	4048	4
CPE	130	2
MIR578	0	0
LINC01179	0	0
LOC101928131	0	0
TLL1	10	1
SPOCK3	8	1
ANXA10	76	2
DDX60	5285	4
DDX60L	6695	4
PALLD	4967	4
CBR4	351	2
SH3RF1	1606	3
NEK1	1118	3
CLCN3	2484	4
C4orf27	1241	3
LOC100506085	0	0
MFAP3L	3	1
AADAT	231	2
LINC01612	0	0
LOC100506122	0	0
MIR6082	0	0
GALNTL6	0	0
LOC101928314	0	0
GALNT7	1782	3
MIR548T	0	0
HMGB2	9194	4
SAP30	640	3
SCRG1	0	0
HAND2	0	0
HAND2-AS1	0	0
LOC101928509	2	1
FBXO8	928	3
CEP44	587	2
MIR4276	0	0
HPGD	0	0
GLRA3	0	0
LOC101928551	0	0
ADAM29	0	0
GPM6A	8	1
LOC101928590	0	0
WDR17	0	0
SPATA4	4	1
ASB5	6	1
SPCS3	9427	4
VEGFC	6335	4
NEIL3	1013	3
AGA	945	3
LINC01098	0	0
LINC01099	0	0
LINC00290	0	0
LOC90768	162	2
MIR1305	2	1
TENM3	2235	4
DCTD	4727	4
FAM92A1P2	0	0
WWC2-AS2	17	1
WWC2	2675	4
WWC2-AS1	0	0
CLDN22	0	0
CLDN24	2	1
CDKN2AIP	1171	3
LOC389247	25	1
ING2	827	3
RWDD4	1198	3
TRAPPC11	1806	3
STOX2	0	0
ENPP6	0	0
LOC728175	2	1
LOC102723766	0	0
IRF2	1184	3
LVCAT8	2	1
CASP3	3631	4
PRIMPOL	894	3
CENPU	1646	3
ACSL1	524	2
SLED1	0	0
LOC731424	0	0
MIR3945	0	0
LINC01093	0	0
MIR4455	0	0
HELT	0	0
SLC25A4	84	2
CFAP97	2513	4
SNX25	1059	3
LRP2BP	48	2
ANKRD37	41	2
UFSP2	675	3
C4orf47	0	0
CCDC110	0	0
PDLIM3	0	0
SORBS2	0	0
TLR3	1234	3
FAM149A	6	1
FLJ38576	6	1
CYP4V2	1074	3
KLKB1	2	1
F11	0	0
F11-AS1	0	0
MTNR1A	0	0
FAT1	11227	4
LOC339975	0	0
LOC100506272	0	0
ZFP42	0	0
TRIML2	374	2
TRIML1	0	0
LINC01060	0	0
LINC01262	0	0
FRG1	1158	3
FRG2	0	0
DBET	0	0
DUX4	0	0
ANKRD20A12P	0	0
PLEKHG4B	763	3
LRRC14B	0	0
CCDC127	711	3
SDHA	5187	4
HRAT5	7	1
PDCD6	1986	3
AHRR	2722	4
EXOC3-AS1	112	2
EXOC3	1790	3
PP7080	310	2
SLC9A3	122	2
LOC100288152	209	2
MIR4456	0	0
LOC100996325	0	0
CEP72	229	2
TPPP	10	1
ZDHHC11	5	1
BRD9	1926	3
TRIP13	3176	4
LOC100506688	0	0
NKD2	0	0
SLC12A7	10	1
MIR4635	0	0
CTD-3080P12.3	0	0
SLC6A19	0	0
SLC6A18	0	0
TERT	68876	4
MIR4457	0	0
CLPTM1L	5300	4
LINC01511	0	0
SLC6A3	0	0
LPCAT1	3165	4
MIR6075	0	0
SDHAP3	31	1
LOC728613	50	2
MIR4277	0	0
MRPL36	1016	3
NDUFS6	1824	3
LOC101929034	0	0
IRX4	0	0
CTD-2194D22.4	0	0
LOC100506858	0	0
IRX2	0	0
C5orf38	0	0
LINC01377	0	0
LINC01019	0	0
LINC01017	0	0
IRX1	0	0
LOC101929153	0	0
LINC01020	0	0
CTD-2297D10.2	0	0
ADAMTS16	2	1
ICE1	2266	4
FLJ33360	0	0
MED10	1596	3
UBE2QL1	0	0
LINC01018	0	0
NSUN2	3940	4
SRD5A1	1073	3
LOC100505625	4	1
PAPD7	1659	3
MIR4278	0	0
LOC442132	0	0
ADCY2	0	0
C5orf49	0	0
FASTKD3	360	2
MTRR	1638	3
LOC729506	6	1
MIR4458HG	0	0
MIR4458	0	0
LOC101929284	4	1
SEMA5A	6019	4
MIR4636	0	0
CTD-2201E9.1	0	0
SNHG18	679	3
SNORD123	2	1
TAS2R1	0	0
LOC285692	0	0
FAM173B	342	2
CCT5	14767	4
CMBL	360	2
MARCH6	4750	4
ROPN1L-AS1	0	0
ROPN1L	6	1
MIR6131	0	0
LOC101929412	0	0
ANKRD33B	183	2
DAP	7108	4
CTNND2	0	0
LINC01194	0	0
DNAH5	354	2
TRIO	16582	4
FAM105A	310	2
OTULIN	1192	3
ANKH	1860	3
LOC100130744	104	2
MIR4637	0	0
LOC101929454	0	0
FBXL7	656	3
CTD-2350J17.1	0	0
MIR887	0	0
MARCH11	0	0
LOC101929505	0	0
ZNF622	1690	3
FAM134B	1	1
LOC101929524	0	0
MYO10	14569	4
LOC285696	5	1
BASP1	7809	4
LOC401177	0	0
CDH18	0	0
GUSBP1	211	2
CDH12	0	0
PMCHL1	0	0
PRDM9	0	0
C5orf17	0	0
CDH10	0	0
LOC340107	0	0
CDH9	1	1
LINC01021	0	0
LSP1P3	0	0
LOC101929645	0	0
LOC101929660	0	0
LOC101929681	0	0
CDH6	10	1
DROSHA	2584	4
C5orf22	756	3
PDZD2	16	1
MIR4279	0	0
GOLPH3	3464	4
MTMR12	1072	3
ZFR	5505	4
MIR579	0	0
SUB1	6425	4
NPR3	192	2
LOC340113	0	0
TARS	7742	4
ADAMTS12	3359	4
RXFP3	0	0
SLC45A2	0	0
AMACR	41	2
C1QTNF3-AMACR	0	0
C1QTNF3	7	1
RAI14	12893	4
TTC23L	3	1
RAD1	1896	3
BRIX1	2504	4
DNAJC21	2185	4
AGXT2	0	0
PRLR	108	2
SPEF2	20	1
IL7R	7126	4
CAPSL	10	1
LOC100506406	0	0
UGT3A1	0	0
UGT3A2	0	0
LMBRD2	820	3
MIR580	0	0
SKP2	2913	4
NADK2	658	3
RANBP3L	0	0
SLC1A3	8	1
NIPBL-AS1	227	2
NIPBL	2397	4
C5orf42	924	3
NUP155	2437	4
WDR70	864	3
GDNF	426	2
GDNF-AS1	34	2
EGFLAM	0	0
EGFLAM-AS4	0	0
EGFLAM-AS2	0	0
LIFR	438	2
LIFR-AS1	10	1
MIR3650	0	0
OSMR-AS1	24	1
LINC01265	2	1
OSMR	5558	4
RICTOR	3735	4
FYB	158	2
C9	0	0
DAB2	6409	4
LOC101926940	34	2
LINC00603	0	0
PTGER4	340	2
TTC33	483	2
PRKAA1	3903	4
LOC100506548	785	3
RPL37	20018	4
SNORD72	0	0
CARD6	620	3
C7	0	0
MROH2B	0	0
C6	0	0
PLCXD3	0	0
OXCT1	2475	4
OXCT1-AS1	1	1
C5orf51	1482	3
FBXO4	654	3
LOC101926960	0	0
GHR	4	1
CCDC152	0	0
SEPP1	6	1
FLJ32255	553	2
LOC648987	66	2
ANXA2R	6	1
LOC153684	77	2
LOC100132356	34	2
LOC100506639	90	2
ZNF131	1291	3
NIM1K	15	1
HMGCS1	2184	4
CCL28	0	0
C5orf28	523	2
C5orf34	670	3
PAIP1	3336	4
NNT-AS1	346	2
NNT	2640	4
FGF10	0	0
FGF10-AS1	0	0
BRCAT107	0	0
BRCAT54	3	1
MRPS30	713	3
HCN1	0	0
EMB	0	0
PARP8	387	2
LOC100287592	0	0
LOC642366	0	0
ISL1	0	0
PELO	2556	4
ITGA1	3773	4
ITGA2	16482	4
MOCS2	1840	3
LOC257396	91	2
FST	24166	4
NDUFS4	2164	4
ARL15	254	2
MIR581	0	0
LINC01033	2	1
HSPB3	34	2
SNX18	4384	4
LOC102467080	22	1
ESM1	352	2
LOC102467081	0	0
GZMK	0	0
GZMA	0	0
CDC20B	0	0
GPX8	9664	4
MIR449A	0	0
MIR449B	0	0
MIR449C	0	0
MCIDAS	0	0
CCNO	12	1
DHX29	2674	4
SKIV2L2	3181	4
PPAP2A	409	2
MIR5687	0	0
RNF138P1	2	1
SLC38A9	580	2
DDX4	0	0
IL31RA	331	2
IL6ST	31334	4
FLJ31104	4	1
ANKRD55	4	1
LOC102467147	0	0
C5orf67	0	0
MAP3K1	252	2
SETD9	156	2
MIER3	701	3
GPBP1	3091	4
ACTBL2	0	0
LINCR-0003	0	0
LOC101928505	0	0
LOC101928539	0	0
LOC101928569	0	0
PLK2	1698	3
GAPT	0	0
MIR548AE2	0	0
LOC101928600	0	0
RAB3C	0	0
PDE4D	482	2
MIR582	0	0
PART1	0	0
DEPDC1B	589	2
ELOVL7	24	1
ERCC8	514	2
NDUFAF2	1214	3
SMIM15	2693	4
CTC-436P18.1	2	1
ZSWIM6	750	3
C5orf64	0	0
LOC101928651	0	0
LOC100506526	0	0
KIF2A	2286	4
DIMT1	1468	3
IPO11	1244	3
IPO11-LRRC70	0	0
LRRC70	4	1
HTR1A	0	0
RNF180	0	0
RGS7BP	0	0
FAM159B	0	0
SREK1IP1	1220	3
CWC27	1212	3
ADAMTS6	1793	3
CENPK	1681	3
PPWD1	1322	3
TRIM23	907	3
TRAPPC13	916	3
SGTB	1534	3
NLN	2765	4
ERBB2IP	6890	4
LOC100303749	0	0
SREK1	3027	4
LOC101928769	0	0
MAST4	436	2
LOC101928794	0	0
CD180	0	0
LOC101928858	0	0
LOC102467655	0	0
PIK3R1	1258	3
LOC101928885	0	0
SLC30A5	2870	4
CCNB1	6306	4
CENPH	1238	3
MRPS36	799	3
CDK7	1415	3
CCDC125	75	2
AK6	881	3
TAF9	1554	3
RAD17	1031	3
MARVELD2	2	1
OCLN	0	0
GTF2H2B	148	2
GTF2H2C	7	1
GTF2H2C_2	0	0
LOC100272216	2	1
GUSBP3	1	1
SMA4	8	1
SERF1A	0	0
SERF1B	0	0
SMN2	0	0
SMN1	0	0
GTF2H2	0	0
SMA5	0	0
LOC441081	0	0
GUSBP9	0	0
NAIP	18	1
LOC647859	10	1
PMCHL2	0	0
BDP1	2756	4
MCCC2	645	3
CARTPT	0	0
MAP1B	8191	4
MIR4803	0	0
MRPS27	2072	4
PTCD2	361	2
ZNF366	2	1
LOC102503427	2	1
LOC102477328	6	1
TNPO1	12132	4
MIR4804	0	0
FCHO2	1068	3
TMEM171	269	2
TMEM174	0	0
FOXD1	2087	4
LINC01386	0	0
BTF3	12997	4
ANKRA2	489	2
UTP15	1104	3
ARHGEF28	882	3
LINC01335	0	0
LINC01333	0	0
LINC01331	0	0
ENC1	1703	3
HEXB	6816	4
GFM2	1325	3
NSA2	3362	4
FAM169A	22	1
GCNT4	138	2
LINC01336	23	1
ANKRD31	2	1
HMGCR	3386	4
COL4A3BP	1193	3
POLK	1840	3
ANKDD1B	0	0
POC5	568	2
SV2C	0	0
IQGAP2	26	1
F2RL2	4458	4
NCRUPAR	0	0
F2R	6210	4
F2RL1	1354	3
S100Z	8	1
CRHBP	22	1
AGGF1	1899	3
ZBED3	56	2
SNORA47	0	0
ZBED3-AS1	0	0
PDE8B	53	2
WDR41	1993	3
OTP	0	0
TBCA	3422	4
LOC101929154	0	0
AP3B1	4766	4
SCAMP1-AS1	170	2
SCAMP1	2447	4
LHFPL2	1265	3
ARSB	1985	3
DMGDH	0	0
BHMT2	0	0
BHMT	0	0
JMY	392	2
HOMER1	153	2
PAPD4	1347	3
CMYA5	2	1
LINC01455	0	0
MTX3	452	2
THBS4	8	1
CTD-2201I18.1	6	1
SERINC5	464	2
LOC644936	0	0
SPZ1	0	0
CRSP8P	0	0
ZFYVE16	2327	4
FAM151B	31	1
ANKRD34B	0	0
LINC01337	4	1
DHFR	3102	4
MTRNR2L2	64	2
MSH3	795	3
RASGRF2-AS1	0	0
RASGRF2	1053	3
CKMT2	8	1
CKMT2-AS1	66	2
ZCCHC9	1107	3
ACOT12	0	0
SSBP2	738	3
ATG10	165	2
RPS23	19813	4
ATP6AP1L	34	2
MIR3977	0	0
LINC01338	0	0
TMEM167A	3914	4
SCARNA18	0	0
XRCC4	708	3
VCAN	701	3
HAPLN1	0	0
EDIL3	0	0
NBPF22P	0	0
COX7C	3663	4
MIR3607	2	1
LOC100505878	0	0
MIR4280	0	0
LOC101929380	0	0
LOC55338	0	0
RASA1	2868	4
LOC644285	0	0
CCNH	1229	3
TMEM161B	703	3
TMEM161B-AS1	107	2
LOC102546226	0	0
LINC00461	0	0
MIR9-2	0	0
MEF2C	311	2
MEF2C-AS1	3	1
MIR3660	0	0
LINC01339	0	0
CETN3	672	3
LOC731157	0	0
MBLAC2	434	2
POLR3G	666	3
LYSMD3	1970	3
ADGRV1	0	0
LUCAT1	13	1
ARRDC3	1392	3
ARRDC3-AS1	60	2
NR2F1-AS1	355	2
NR2F1	478	2
FAM172A	378	2
MIR2277	0	0
POU5F2	0	0
KIAA0825	87	2
SLF1	882	3
MCTP1	353	2
FAM81B	0	0
TTC37	7423	4
ARSK	1245	3
GPR150	0	0
RFESD	16	1
SPATA9	15	1
RHOBTB3	4577	4
GLRX	5332	4
LINC01554	2	1
ELL2	9778	4
LOC101929710	2	1
MIR583	0	0
PCSK1	8	1
CAST	10223	4
ERAP1	5633	4
ERAP2	5878	4
LNPEP	1878	3
LIX1	0	0
RIOK2	2364	4
LINC01340	3	1
RGMB	27502	4
RGMB-AS1	982	3
CHD1	2407	4
LOC100289230	32	1
CTD-2151A2.1	0	0
LOC100133050	0	0
FAM174A	426	2
ST8SIA4	0	0
MIR548P	0	0
SLCO4C1	0	0
SLCO6A1	0	0
LINC00492	0	0
LINC00491	4	1
PAM	9801	4
GIN1	284	2
PPIP5K2	3310	4
C5orf30	2053	3
LOC102467212	0	0
NUDT12	648	3
RAB9BP1	0	0
LOC102467213	0	0
EFNA5	132	2
FBXL17	1123	3
LINC01023	40	2
FER	1274	3
PJA2	4923	4
MAN2A1	6318	4
LOC100289673	0	0
TMEM232	7	1
SLC25A46	2916	4
TSLP	0	0
WDR36	1961	3
CAMK4	32	1
STARD4	2942	4
STARD4-AS1	187	2
NREP	1753	3
NREP-AS1	0	0
EPB41L4A-AS1	270	2
SNORA13	3	1
EPB41L4A	52	2
LOC101927023	0	0
EPB41L4A-AS2	0	0
LOC102467214	0	0
LOC102467216	0	0
APC	1616	3
SRP19	1559	3
REEP5	4653	4
DCP2	692	3
MCC	249	2
TSSK1B	0	0
YTHDC2	1276	3
KCNN2	140	2
LOC101927078	0	0
TRIM36	146	2
PGGT1B	716	3
CCDC112	348	2
FEM1C	2076	4
TMED7-TICAM2	0	0
TICAM2	0	0
LOC101927100	6	1
TMED7	6398	4
LOC102467217	0	0
CDO1	0	0
ATG12	3049	4
AP3S1	3743	4
LVRN	12	1
ARL14EPL	0	0
COMMD10	880	3
LOC101927190	0	0
SEMA6A	3	1
SEMA6A-AS1	8	1
LOC102467223	0	0
LINC00992	0	0
LOC102467224	0	0
HNCAT21	0	0
HRAT56	0	0
LOC102467225	0	0
DTWD2	136	2
DMXL1	1200	3
MIR5706	0	0
TNFAIP8	740	3
HSD17B4	2287	4
FAM170A	0	0
PRR16	1776	3
LOC102467226	0	0
FTMT	0	0
SRFBP1	891	3
LOX	8680	4
ZNF474	8	1
LOC100505841	0	0
SNCAIP	6	1
MGC32805	0	0
LOC101927379	0	0
SNX2	2100	4
SNX24	623	3
PPIC	1607	3
PRDM6	22	1
CEP120	1252	3
CSNK1G3	1823	3
LINC01170	0	0
ZNF608	530	2
LOC101927421	0	0
LOC101927460	0	0
LOC102546228	0	0
LOC101927488	0	0
GRAMD3	1425	3
ALDH7A1	2043	3
PHAX	3294	4
TEX43	0	0
LMNB1	4660	4
MARCH3	168	2
C5orf63	58	2
MEGF10	22	1
PRRC1	3584	4
CTXN3	0	0
LINC01184	266	2
SLC12A2	789	3
FBN2	5168	4
SLC27A6	2	1
ISOC1	290	2
MIR4633	0	0
MIR4460	0	0
ADAMTS19-AS1	0	0
ADAMTS19	0	0
KIAA1024L	0	0
CHSY3	0	0
HINT1	6121	4
LYRM7	946	3
CDC42SE2	1200	3
RAPGEF6	882	3
FNIP1	1350	3
MEIKIN	0	0
ACSL6	0	0
IL3	0	0
CSF2	17	1
P4HA2-AS1	128	2
P4HA2	5332	4
MIR6830	0	0
PDLIM4	410	2
SLC22A4	1215	3
LOC553103	9	1
MIR3936	1	1
SLC22A5	158	2
C5orf56	197	2
IRF1	1865	3
IL5	0	0
RAD50	3416	4
TH2LCRR	0	0
IL13	0	0
IL4	0	0
KIF3A	580	2
CCNI2	2	1
SEPT8	4722	4
SOWAHA	0	0
SHROOM1	823	3
GDF9	5	1
UQCRQ	2425	4
LEAP2	4	1
AFF4	5069	4
ZCCHC10	609	3
HSPA4	9088	4
FSTL4	0	0
MIR1289-2	0	0
WSPAR	0	0
C5orf15	3145	4
VDAC1	9510	4
TCF7	100	2
SKP1	8626	4
PPP2CA	7428	4
MIR3661	0	0
CDKL3	51	2
UBE2B	1646	3
CDKN2AIPNL	861	3
LOC102546229	0	0
LOC101927934	0	0
JADE2	3175	4
SAR1B	2310	4
SEC24A	2742	4
CAMLG	1361	3
DDX46	4031	4
C5orf24	3220	4
TXNDC15	4888	4
PCBD2	325	2
MIR4461	0	0
CATSPER3	9	1
PITX1	1745	3
C5orf66	150	2
C5orf66-AS1	0	0
C5orf66-AS2	0	0
H2AFY	4220	4
DCANP1	0	0
TIFAB	0	0
NEUROG1	0	0
CXCL14	6	1
LOC340074	0	0
MIR5692C1	0	0
SLC25A48	0	0
IL9	0	0
FBXL21	0	0
LECT2	0	0
TGFBI	10390	4
VTRNA2-1	0	0
SMAD5-AS1	6	1
SMAD5	2542	4
LOC389332	0	0
TRPC7	2	1
SPOCK1	1452	3
KLHL3	26	1
MIR874	0	0
HNRNPA0	6798	4
NPY6R	0	0
MYOT	18	1
PKD2L2	1	1
FAM13B	1640	3
WNT8A	0	0
NME5	0	0
BRD8	1829	3
KIF20A	3522	4
CDC23	1578	3
GFRA3	0	0
CDC25C	526	2
FAM53C	1403	3
KDM3B	2817	4
REEP2	68	2
EGR1	834	3
ETF1	7148	4
HSPA9	13379	4
SNORD63	2	1
CTNNA1	14971	4
LRRTM2	14	1
SIL1	1859	3
SNHG4	43	2
MATR3	16816	4
SNORA74A	1	1
PAIP2	1771	3
SLC23A1	8	1
MZB1	2	1
PROB1	16	1
SPATA24	45	2
DNAJC18	392	2
ECSCR	12	1
TMEM173	4500	4
UBE2D2	4369	4
CXXC5	497	2
LOC101929696	0	0
PSD2	0	0
NRG2	4	1
LINC01024	69	2
PURA	1697	3
IGIP	122	2
LOC101929719	0	0
CYSTM1	465	2
PFDN1	2123	4
HBEGF	600	2
SLC4A9	0	0
ANKHD1-EIF4EBP3	0	0
ANKHD1	72	2
EIF4EBP3	3	1
SRA1	1207	3
APBB3	159	2
MIR6831	0	0
SLC35A4	1885	3
CD14	40	2
TMCO6	149	2
NDUFA2	1080	3
IK	3456	4
MIR3655	0	0
WDR55	1045	3
DND1	243	2
HARS	3485	4
HARS2	1270	3
ZMAT2	2277	4
VTRNA1-1	4	1
VTRNA1-2	37	2
VTRNA1-3	0	0
PCDHA1	2	1
PCDHA2	0	0
PCDHA3	0	0
PCDHA4	0	0
PCDHA5	0	0
PCDHA6	0	0
PCDHA7	0	0
PCDHA8	0	0
PCDHA9	0	0
PCDHA10	0	0
PCDHA11	0	0
PCDHA12	0	0
PCDHA13	0	0
PCDHAC1	0	0
PCDHAC2	0	0
LOC101926905	0	0
PCDHB1	0	0
PCDHB2	0	0
PCDHB3	0	0
PCDHB4	4	1
PCDHB5	0	0
PCDHB6	2	1
PCDHB17P	0	0
PCDHB7	24	1
PCDHB8	28	1
PCDHB16	92	2
PCDHB9	96	2
PCDHB10	33	2
PCDHB11	0	0
PCDHB12	24	1
PCDHB13	20	1
PCDHB14	190	2
PCDHB18P	12	1
PCDHB19P	4	1
PCDHB15	18	1
SLC25A2	0	0
TAF7	4476	4
PCDHGA1	62	2
PCDHGA2	7	1
PCDHGA3	1	1
PCDHGB1	64	2
PCDHGA4	27	1
PCDHGB2	320	2
PCDHGA5	8	1
PCDHGB3	18	1
PCDHGA6	18	1
PCDHGA7	6	1
PCDHGB4	5	1
PCDHGA8	45	2
PCDHGB5	894	3
PCDHGA9	40	2
PCDHGB6	8	1
PCDHGA10	211	2
PCDHGB7	4	1
PCDHGA11	0	0
PCDHGB8P	4	1
PCDHGA12	0	0
PCDHGC3	3597	4
PCDHGC4	10	1
PCDHGC5	20	1
DIAPH1	7654	4
LOC100505658	0	0
HDAC3	1797	3
RELL2	169	2
FCHSD1	901	3
ARAP3	974	3
PCDH1	0	0
LOC729080	4	1
KIAA0141	1017	3
PCDH12	39	2
RNF14	1678	3
GNPDA1	1126	3
NDFIP1	4711	4
SPRY4	2359	4
SPRY4-IT1	19	1
LOC101926941	32	1
FGF1	3117	4
LOC101926975	4	1
ARHGAP26	42	2
ARHGAP26-AS1	0	0
ARHGAP26-IT1	0	0
NR3C1	5113	4
MIR5197	0	0
HMHB1	0	0
YIPF5	5628	4
KCTD16	58	2
PRELID2	297	2
GRXCR2	0	0
SH3RF2	99	2
PLAC8L1	13	1
LARS	4519	4
RBM27	2063	4
POU4F3	6	1
TCERG1	2807	4
GPR151	0	0
PPP2R2B	0	0
PPP2R2B-IT1	0	0
STK32A	2	1
DPYSL3	4816	4
JAKMIP2-AS1	0	0
JAKMIP2	0	0
SPINK1	2	1
SCGB3A2	0	0
C5orf46	0	0
SPINK5	0	0
SPINK14	0	0
SPINK6	0	0
LOC102546294	1	1
SPINK13	0	0
SPINK7	0	0
SPINK9	0	0
FBXO38	1192	3
HTR4	0	0
ADRB2	771	3
SH3TC2	672	3
MIR584	0	0
LOC255187	11	1
ABLIM3	4653	4
AFAP1L1	1283	3
GRPEL2	976	3
PCYOX1L	268	2
IL17B	13	1
MIR143HG	79	2
MIR143	0	0
MIR145	1	1
CSNK1A1	9687	4
ARHGEF37	6	1
PPARGC1B	12	1
MIR378A	0	0
PDE6A	0	0
LOC644762	0	0
SLC26A2	1379	3
TIGD6	196	2
HMGXB3	2357	4
CSF1R	81	2
PDGFRB	9413	4
CDX1	10	1
SLC6A7	0	0
CAMK2A	46	2
ARSI	987	3
TCOF1	5239	4
CD74	2	1
RPS14	25590	4
LOC102546298	44	2
NDST1	7655	4
SYNPO	744	3
MYOZ3	0	0
RBM22	1911	3
DCTN4	2579	4
SMIM3	680	3
IRGM	0	0
ZNF300	516	2
ZNF300P1	0	0
GPX3	22	1
TNIP1	5209	4
ANXA6	24480	4
CCDC69	18	1
GM2A	1162	3
SLC36A3	0	0
SLC36A2	0	0
SLC36A1	790	3
FAT2	8	1
MIR6499	0	0
SPARC	90438	4
CTB-113P19.1	13	1
ATOX1	933	3
LOC100652758	55	2
G3BP1	7657	4
GLRA1	0	0
CTB-12O2.1	0	0
NMUR2	0	0
LINC01470	0	0
GRIA1	2	1
FAM114A2	900	3
MFAP3	2126	4
GALNT10	6266	4
MIR1294	0	0
SAP30L-AS1	66	2
SAP30L	1551	3
HAND1	0	0
MIR3141	0	0
MIR1303	0	0
LARP1	11964	4
FAXDC2	52	2
MIR378H	4	1
CNOT8	1616	3
GEMIN5	1402	3
MRPL22	1008	3
KIF4B	2	1
SGCD	368	2
PPP1R2P3	0	0
TIMD4	0	0
HAVCR1	0	0
HAVCR2	4	1
MED7	393	2
FAM71B	0	0
ITK	0	0
CYFIP2	88	2
FNDC9	0	0
NIPAL4	6	1
ADAM19	5396	4
SOX30	0	0
C5orf52	0	0
THG1L	860	3
LSM11	638	3
CLINT1	3976	4
LOC101927697	0	0
EBF1	0	0
LOC101927740	0	0
RNF145	8588	4
UBLCP1	2003	3
IL12B	0	0
LOC285626	0	0
LOC285627	0	0
LOC101927766	0	0
ADRA1B	8	1
TTC1	1957	3
PWWP2A	642	3
FABP6	0	0
CCNJL	0	0
C1QTNF2	293	2
ZBED8	199	2
SLU7	1949	3
PTTG1	3816	4
MIR3142	0	0
MIR146A	4	1
ATP10B	0	0
LOC285629	0	0
GABRB2	0	0
GABRA6	0	0
GABRA1	0	0
LINC01202	0	0
GABRG2	0	0
CCNG1	2227	4
NUDCD2	811	3
HMMR	1992	3
HMMR-AS1	0	0
MAT2B	2805	4
LOC101927835	0	0
LOC102546299	0	0
CTB-7E3.1	0	0
TENM2	0	0
CTB-178M22.2	0	0
WWC1	50	2
RARS	4759	4
FBLL1	6	1
PANK3	1404	3
MIR103A1	0	0
MIR103B1	0	0
SLIT3	8	1
LOC101927969	0	0
MIR218-2	0	0
LOC728095	0	0
MIR585	0	0
SPDL1	5705	4
DOCK2	75	2
FAM196B	1325	3
MIR378E	0	0
FOXI1	0	0
LINC01187	0	0
C5orf58	0	0
LCP2	0	0
LINC01366	0	0
KCNIP1	0	0
KCNMB1	0	0
CTD-2270F17.1	0	0
GABRP	0	0
RANBP17	419	2
TLX3	0	0
MIR3912	0	0
NPM1	37023	4
FGF18	0	0
SMIM23	0	0
FBXW11	2418	4
STK10	2503	4
EFCAB9	0	0
UBTD2	1076	3
LOC100288254	0	0
SH3PXD2B	2083	4
NEURL1B	654	3
MIR5003	0	0
LOC101928093	0	0
DUSP1	3151	4
ERGIC1	8030	4
LOC100268168	8	1
RPL26L1	1775	3
ATP6V0E1	6913	4
SNORA74B	0	0
CREBRF	685	3
BNIP1	523	2
NKX2-5	0	0
STC2	24622	4
MIR8056	0	0
LOC285593	2	1
BOD1	1861	3
LINC01484	0	0
LINC01485	0	0
CPEB4	1086	3
C5orf47	0	0
HMP19	0	0
LINC01411	0	0
MSX2	0	0
MIR4634	0	0
FLJ16171	0	0
DRD1	0	0
SFXN1	2370	4
HRH2	0	0
CPLX2	0	0
THOC3	1175	3
LOC100996385	0	0
FAM153B	0	0
LOC100507387	0	0
LOC643201	0	0
SIMC1	382	2
KIAA1191	2938	4
ARL10	86	2
MIR1271	0	0
NOP16	1886	3
HIGD2A	891	3
CLTB	5805	4
FAF2	3913	4
RNF44	301	2
CDHR2	8	1
GPRIN1	828	3
SNCB	0	0
MIR4281	0	0
EIF4E1B	0	0
TSPAN17	1596	3
LINC01574	0	0
UNC5A	0	0
HK3	0	0
UIMC1	1012	3
ZNF346	584	2
FGFR4	0	0
NSD1	2666	4
RAB24	1074	3
PRELID1	3121	4
MXD3	724	3
LMAN2	8086	4
RGS14	6	1
SLC34A1	0	0
PFN3	0	0
F12	20	1
GRK6	1718	3
PRR7-AS1	0	0
PRR7	58	2
DBN1	9538	4
PDLIM7	8451	4
DOK3	27	1
DDX41	1900	3
FAM193B	620	3
TMED9	11480	4
B4GALT7	923	3
LOC202181	17	1
FAM153A	1	1
LOC728554	463	2
PROP1	0	0
FAM153C	0	0
N4BP3	0	0
RMND5B	929	3
NHP2	3238	4
GMCL1P1	0	0
HNRNPAB	11902	4
PHYKPL	169	2
COL23A1	0	0
CLK4	412	2
ZNF354A	78	2
AACSP1	0	0
ZNF354B	136	2
ZFP2	0	0
ZNF454	0	0
GRM6	0	0
ZNF879	0	0
ZNF354C	10	1
ADAMTS2	1705	3
RUFY1	1373	3
LOC101928445	9	1
HNRNPH1	9955	4
C5orf60	0	0
CBY3	0	0
CANX	51448	4
MAML1	1802	3
LTC4S	4	1
MGAT4B	4975	4
MIR1229	0	0
SQSTM1	16269	4
C5orf45	81	2
TBC1D9B	6653	4
RNF130	0	0
MIR340	0	0
RASGEF1C	0	0
MAPK9	2009	3
GFPT2	80	2
CNOT6	1366	3
SCGB3A1	0	0
FLT4	0	0
OR2Y1	0	0
MGAT1	14094	4
HEIH	434	2
LINC00847	158	2
ZFP62	396	2
BTNL8	0	0
BTNL3	0	0
BTNL9	0	0
MIR8089	0	0
OR2V1	0	0
OR2V2	0	0
LOC102577426	0	0
TRIM7	8	1
MIR4638	0	0
TRIM41	1492	3
GNB2L1	25139	4
SNORD96A	47	2
SNORD95	2	1
CTC-338M12.4	29	1
TRIM52	111	2
TRIM52-AS1	111	2
LINC00266-3	0	0
LOC285766	0	0
DUSP22	218	2
IRF4	0	0
EXOC2	1593	3
HUS1B	7	1
LOC101927691	0	0
LOC285768	3	1
FOXQ1	273	2
FOXF2	1104	3
MIR6720	0	0
FOXCUT	16	1
FOXC1	733	3
GMDS	296	2
GMDS-AS1	25	1
LINC01600	0	0
MYLK4	28	1
WRNIP1	2190	4
SERPINB1	1636	3
MIR4645	0	0
SERPINB9P1	2	1
LOC101927730	0	0
SERPINB9	4	1
SERPINB6	4587	4
LINC01011	33	2
NQO2	885	3
HTATSF1P2	121	2
RIPK1	2502	4
BPHL	264	2
TUBB2A	3100	4
LOC100507194	0	0
TUBB2B	304	2
PSMG4	449	2
SLC22A23	30	1
PXDC1	2903	4
FAM50B	48	2
PRPF4B	3772	4
FAM217A	0	0
C6orf201	11	1
ECI2	1561	3
LOC100507506	1	1
LOC102724096	0	0
KU-MEL-3	0	0
CDYL	1375	3
RPP40	364	2
LOC100129461	62	2
PPP1R3G	60	2
LYRM4	842	3
MIR3691	0	0
FARS2	579	2
LOC101927972	0	0
LOC101927950	0	0
NRN1	0	0
F13A1	0	0
MIR7853	0	0
MIR5683	0	0
LY86-AS1	0	0
LY86	0	0
RREB1	962	3
SSR1	9211	4
CAGE1	0	0
RIOK1	991	3
DSP	1909	3
SNRNP48	645	3
BMP6	2	1
TXNDC5	850	3
BLOC1S5-TXNDC5	0	0
PIP5K1P1	0	0
EEF1E1-BLOC1S5	0	0
BLOC1S5	0	0
EEF1E1	321	2
SCARNA27	2	1
SLC35B3	1726	3
LOC100506207	12	1
HULC	0	0
TFAP2A	2727	4
TFAP2A-AS1	34	2
LINC00518	7	1
MIR5689	0	0
GCNT2	302	2
C6orf52	18	1
PAK1IP1	1524	3
TMEM14C	4356	4
TMEM14B	2285	4
MAK	12	1
GCM2	0	0
SYCP2L	0	0
LOC101928191	0	0
ELOVL2	2	1
ELOVL2-AS1	0	0
SMIM13	1237	3
ERVFRD-1	2	1
NEDD9	322	2
TMEM170B	83	2
ADTRP	30	1
LOC101928253	0	0
HIVEP1	541	2
EDN1	278	2
PHACTR1	111	2
LOC100130357	10	1
TBC1D7	266	2
GFOD1	44	2
SIRT5	312	2
NOL7	3055	4
RANBP9	2249	4
MCUR1	2147	4
RNF182	303	2
CD83	400	2
LINC01108	0	0
JARID2	1085	3
JARID2-AS1	4	1
DTNBP1	451	2
MYLIP	162	2
MIR4639	0	0
GMPR	3416	4
ATXN1	1377	3
STMND1	6	1
RBM24	479	2
CAP2	1643	3
LOC101928491	10	1
FAM8A1	912	3
NUP153	4644	4
KIF13A	3127	4
NHLRC1	8	1
TPMT	1194	3
KDM1B	526	2
DEK	18831	4
RNF144B	342	2
MIR548A1	0	0
LOC101928519	0	0
ID4	334	2
MBOAT1	164	2
E2F3	1412	3
CDKAL1	618	3
LINC00581	0	0
SOX4	8	1
CASC15	0	0
NBAT1	0	0
PRL	0	0
HDGFL1	0	0
NRSN1	0	0
DCDC2	0	0
KAAG1	0	0
MRS2	76	2
GPLD1	0	0
ALDH5A1	0	0
KIAA0319	14	1
TDP2	2118	4
ACOT13	572	2
C6orf62	5173	4
GMNN	2805	4
C6orf229	0	0
FAM65B	160	2
CMAHP	240	2
LOC101928663	0	0
LRRC16A	539	2
SCGN	0	0
HIST1H2AA	0	0
HIST1H2BA	0	0
HIST1H2APS1	0	0
SLC17A4	0	0
SLC17A1	0	0
SLC17A3	0	0
SLC17A2	0	0
TRIM38	2596	4
HIST1H1A	18	1
HIST1H3A	2	1
HIST1H4A	14	1
HIST1H4B	4	1
HIST1H3B	16	1
HIST1H2AB	0	0
HIST1H2BB	4	1
HIST1H3C	8	1
HIST1H1C	2126	4
HFE	676	3
HIST1H4C	8	1
HIST1H1T	0	0
HIST1H2BC	112	2
HIST1H2AC	773	3
HIST1H1E	110	2
HIST1H2BD	192	2
HIST1H2BE	6	1
HIST1H4D	2	1
HIST1H3D	41	2
HIST1H2AD	0	0
HIST1H2BF	5	1
HIST1H4E	20	1
HIST1H2BG	31	1
HIST1H2AE	54	2
HIST1H3E	13	1
HIST1H1D	34	2
HIST1H4F	0	0
HIST1H4G	0	0
HIST1H3F	12	1
HIST1H2BH	72	2
HIST1H3G	8	1
HIST1H2BI	18	1
HIST1H4H	48	2
BTN3A2	2002	3
BTN2A2	486	2
BTN3A1	1443	3
BTN2A3P	124	2
BTN3A3	1313	3
BTN2A1	3173	4
LOC285819	0	0
BTN1A1	0	0
HCG11	0	0
HMGN4	2856	4
ABT1	1144	3
ZNF322	492	2
GUSBP2	12	1
LINC00240	0	0
LOC100270746	2	1
HIST1H2BJ	134	2
HIST1H2AG	29	1
HIST1H2BK	3968	4
HIST1H4I	16	1
HIST1H2AH	2	1
MIR3143	0	0
PRSS16	0	0
POM121L2	0	0
VN1R10P	0	0
ZNF204P	0	0
ZNF391	0	0
ZNF184	387	2
LINC01012	0	0
LOC100131289	0	0
HIST1H2BL	29	1
HIST1H2AI	12	1
HIST1H3H	43	2
HIST1H2AJ	10	1
HIST1H2BM	4	1
HIST1H4J	8	1
HIST1H4K	9	1
HIST1H2AK	15	1
HIST1H2BN	47	2
HIST1H2AL	43	2
HIST1H1B	41	2
HIST1H3I	2	1
HIST1H4L	0	0
HIST1H3J	2	1
HIST1H2AM	58	2
HIST1H2BO	66	2
OR2B2	0	0
OR2B6	14	1
ZNF165	27	1
ZSCAN12P1	19	1
ZSCAN16-AS1	70	2
ZSCAN16	26	1
ZKSCAN8	847	3
ZNF192P1	6	1
TOB2P1	27	1
ZSCAN9	185	2
ZKSCAN4	217	2
NKAPL	0	0
ZSCAN26	396	2
PGBD1	602	2
ZSCAN31	36	2
ZKSCAN3	168	2
ZSCAN12	525	2
ZSCAN23	68	2
GPX6	0	0
GPX5	0	0
ZBED9	10	1
LOC401242	0	0
HCG14	0	0
TRIM27	2195	4
LINC01556	2	1
ZNF311	70	2
LOC100129636	0	0
OR2W1	0	0
OR2B3	0	0
OR2J3	0	0
OR2J2	0	0
OR14J1	0	0
OR5V1	0	0
OR12D3	0	0
OR12D2	0	0
OR11A1	0	0
OR10C1	0	0
OR2H1	0	0
MAS1L	0	0
LINC01015	0	0
UBD	0	0
SNORD32B	0	0
OR2H2	2	1
GABBR1	342	2
MOG	0	0
ZFP57	0	0
HLA-F	30	1
HLA-F-AS1	19	1
IFITM4P	3	1
HCG4	0	0
LOC554223	0	0
HLA-G	14	1
HLA-H	729	3
HCG4B	78	2
HLA-A	71667	4
HCG9	2	1
ZNRD1-AS1	55	2
HLA-J	24	1
HCG8	10	1
ZNRD1	286	2
PPP1R11	1954	3
RNF39	30	1
TRIM31	0	0
TRIM31-AS1	0	0
TRIM40	0	0
TRIM10	0	0
TRIM15	0	0
TRIM26	4225	4
HCG17	2	1
HLA-L	52	2
HCG18	1758	3
TRIM39	313	2
TRIM39-RPP21	0	0
RPP21	4	1
HLA-E	32829	4
GNL1	3798	4
PRR3	289	2
ABCF1	4371	4
MIR877	0	0
PPP1R10	2177	4
MRPS18B	2228	4
ATAT1	143	2
C6orf136	349	2
DHX16	2294	4
PPP1R18	7731	4
NRM	1034	3
MDC1	1682	3
TUBB	102348	4
FLOT1	7910	4
IER3	5622	4
LINC00243	4	1
DDR1	1100	3
MIR4640	5	1
GTF2H4	900	3
VARS2	1380	3
SFTA2	0	0
DPCR1	2	1
MUC21	0	0
MUC22	0	0
HCG22	0	0
C6orf15	0	0
PSORS1C1	22	1
CDSN	163	2
PSORS1C2	0	0
CCHCR1	1372	3
TCF19	5029	4
POU5F1	29	1
PSORS1C3	2	1
HCG27	15	1
HLA-C	70517	4
HLA-B	94261	4
MIR6891	0	0
MICA	3795	4
HCP5	6	1
HCG26	0	0
MICB	2157	4
MCCD1	0	0
DDX39B	11	1
ATP6V1G2-DDX39B	0	0
SNORD117	2	1
SNORD84	19	1
ATP6V1G2	36	2
NFKBIL1	630	3
LTA	6	1
TNF	0	0
LTB	0	0
LST1	2	1
NCR3	0	0
AIF1	0	0
PRRC2A	14666	4
SNORA38	0	0
MIR6832	2	1
BAG6	6874	4
APOM	43	2
C6orf47	1247	3
GPANK1	777	3
CSNK2B	2385	4
LY6G5B	63	2
LY6G5C	0	0
ABHD16A	1389	3
MIR4646	0	0
LY6G6F	0	0
LY6G6E	0	0
LY6G6D	0	0
LY6G6C	2	1
C6orf25	6	1
DDAH2	1338	3
CLIC1	31926	4
MSH5	0	0
MSH5-SAPCD1	10	1
SAPCD1	0	0
SAPCD1-AS1	0	0
VWA7	16	1
VARS	5741	4
LSM2	1290	3
HSPA1L	84	2
HSPA1A	657	3
HSPA1B	2263	4
C6orf48	4440	4
SNORD48	11	1
SNORD52	35	2
NEU1	1767	3
SLC44A4	0	0
EHMT2	1753	3
C2	31	1
ZBTB12	119	2
C2-AS1	0	0
CFB	782	3
NELFE	3407	4
MIR1236	0	0
SKIV2L	2160	4
DXO	302	2
STK19	253	2
C4A	0	0
C4B_2	0	0
C4B	0	0
CYP21A1P	0	0
TNXB	171	2
TNXA	0	0
CYP21A2	0	0
ATF6B	3486	4
FKBPL	340	2
PRRT1	42	2
LOC100507547	15	1
PPT2	247	2
PPT2-EGFL8	0	0
EGFL8	2	1
AGPAT1	2064	4
MIR6721	0	0
RNF5	1192	3
MIR6833	0	0
AGER	75	2
PBX2	2786	4
GPSM3	363	2
NOTCH4	20	1
C6orf10	3	1
HCG23	4	1
BTNL2	0	0
HLA-DRA	6	1
HLA-DRB5	0	0
HLA-DRB6	0	0
HLA-DRB1	0	0
HLA-DQA1	0	0
HLA-DQB1	0	0
HLA-DQA2	0	0
MIR3135B	0	0
HLA-DQB2	0	0
HLA-DOB	26	1
TAP2	12630	4
PSMB8	7123	4
PSMB8-AS1	117	2
TAP1	16907	4
PSMB9	3542	4
LOC100294145	538	2
HLA-DMB	0	0
HLA-DMA	50	2
BRD2	8575	4
HLA-DOA	0	0
HLA-DPA1	2	1
HLA-DPB1	0	0
HLA-DPB2	0	0
COL11A2	30	1
RXRB	1785	3
SLC39A7	10289	4
HSD17B8	27	1
MIR219A1	1	1
RING1	1767	3
HCG25	2	1
VPS52	969	3
RPS18	31144	4
B3GALT4	34	2
WDR46	3254	4
MIR6873	0	0
PFDN6	1009	3
MIR6834	0	0
RGL2	785	3
TAPBP	6268	4
ZBTB22	627	3
DAXX	2940	4
KIFC1	4191	4
PHF1	1966	3
CUTA	5725	4
SYNGAP1	688	3
MIR5004	0	0
ZBTB9	516	2
BAK1	932	3
GGNBP1	0	0
LINC00336	0	0
ITPR3	5993	4
UQCC2	1594	3
MIR3934	3	1
IP6K3	0	0
LEMD2	2564	4
MLN	0	0
LINC01016	0	0
MIR7159	0	0
MIR1275	0	0
GRM4	0	0
HMGA1	22774	4
MIR6835	3	1
C6orf1	905	3
NUDT3	163	2
RPS10-NUDT3	0	0
RPS10	46	2
PACSIN1	0	0
SPDEF	2	1
C6orf106	4964	4
SNRPC	3020	4
UHRF1BP1	696	3
TAF11	874	3
ANKS1A	1023	3
TCP11	12	1
SCUBE3	1526	3
ZNF76	561	2
DEF6	12	1
PPARD	1808	3
FANCE	876	3
RPL10A	19737	4
MIR7111	3	1
TEAD3	2015	3
TULP1	7	1
FKBP5	1693	3
MIR5690	0	0
LOC285847	0	0
ARMC12	4	1
CLPSL2	0	0
CLPSL1	0	0
CLPS	0	0
LHFPL5	0	0
SRPK1	4183	4
SLC26A8	0	0
MAPK14	3247	4
MAPK13	90	2
BRPF3	2378	4
PNPLA1	2	1
C6orf222	0	0
ETV7	116	2
PXT1	2	1
KCTD20	6755	4
STK38	1600	3
SRSF3	11664	4
MIR3925	0	0
PANDAR	10	1
CDKN1A	9569	4
RAB44	2	1
CPNE5	0	0
PPIL1	1760	3
C6orf89	5245	4
PI16	2	1
MTCH1	11041	4
FGD2	0	0
PIM1	291	2
TMEM217	26	1
TBC1D22B	286	2
RNF8	921	3
CMTR1	5307	4
CCDC167	377	2
LOC100505530	0	0
MIR4462	0	0
MDGA1	240	2
ZFAND3	3298	4
BTBD9	772	3
GLO1	5572	4
DNAH8	0	0
LOC100131047	0	0
GLP1R	0	0
SAYSD1	259	2
KCNK5	0	0
KCNK17	0	0
KCNK16	0	0
KIF6	6	1
DAAM2	36	2
LOC100505635	0	0
MOCS1	182	2
LINC00951	0	0
TDRG1	0	0
LRFN2	0	0
LOC101929555	4	1
UNC5CL	2	1
TSPO2	4	1
APOBEC2	8	1
OARD1	537	2
NFYA	1882	3
ADCY10P1	7	1
TREML1	0	0
TREM2	0	0
TREML2	0	0
TREML3P	6	1
TREML4	0	0
TREML5P	0	0
TREM1	0	0
NCR2	0	0
LINC01276	0	0
FOXP4-AS1	2	1
FOXP4	602	2
MIR4641	0	0
MDFI	0	0
TFEB	263	2
PGC	0	0
FRS3	71	2
PRICKLE4	82	2
TOMM6	2565	4
USP49	158	2
MED20	774	3
BYSL	1586	3
CCND3	5268	4
TAF8	424	2
C6orf132	490	2
GUCA1A	0	0
GUCA1B	14	1
MRPS10	2454	4
TRERF1	1425	3
UBR2	1507	3
PRPH2	4	1
ATP6V0CP3	0	0
TBCC	788	3
GLTSCR1L	402	2
RPL7L1	2615	4
C6orf226	102	2
PTCRA	0	0
CNPY3	1684	3
GNMT	9	1
PEX6	798	3
PPP2R5D	1803	3
MEA1	2692	4
KLHDC3	1857	3
RRP36	2670	4
CUL7	2829	4
MRPL2	806	3
KLC4	166	2
PTK7	4313	4
SRF	4035	4
CUL9	489	2
DNPH1	292	2
TTBK1	0	0
SLC22A7	0	0
CRIP3	0	0
ZNF318	1135	3
ABCC10	836	3
MIR6780B	0	0
DLK2	14	1
TJAP1	941	3
LRRC73	18	1
YIPF3	3651	4
POLR1C	837	3
XPO5	2536	4
POLH	2602	4
GTPBP2	3762	4
MAD2L1BP	692	3
RSPH9	0	0
MRPS18A	971	3
VEGFA	1250	3
LINC01512	0	0
LOC101929705	9	1
C6orf223	0	0
MRPL14	1702	3
TMEM63B	915	3
CAPN11	2	1
SLC29A1	2483	4
HSP90AB1	49491	4
SLC35B2	4115	4
MIR4647	0	0
NFKBIE	376	2
TMEM151B	0	0
TCTE1	0	0
AARS2	1060	3
SPATS1	0	0
CDC5L	3570	4
MIR4642	0	0
SUPT3H	256	2
MIR586	0	0
RUNX2	411	2
CLIC5	0	0
ENPP4	0	0
ENPP5	0	0
RCAN2	0	0
LOC101926915	0	0
LOC101926898	0	0
CYP39A1	0	0
SLC25A27	0	0
TDRD6	0	0
PLA2G7	0	0
ANKRD66	0	0
MEP1A	0	0
ADGRF5	0	0
LOC101926962	0	0
ADGRF1	0	0
TNFRSF21	542	2
CD2AP	2217	4
ADGRF2	0	0
ADGRF4	81	2
OPN5	0	0
PTCHD4	204	2
MUT	1928	3
CENPQ	1642	3
GLYATL3	0	0
C6orf141	0	0
RHAG	0	0
CRISP2	0	0
CRISP3	0	0
PGK2	0	0
LOC101927020	0	0
LOC101927048	0	0
CRISP1	0	0
DEFB133	0	0
DEFB114	0	0
DEFB113	0	0
DEFB110	0	0
DEFB112	0	0
TFAP2D	0	0
TFAP2B	0	0
PKHD1	0	0
LOC101927082	0	0
MIR206	0	0
LINCMD1	0	0
MIR133B	0	0
IL17A	0	0
IL17F	0	0
MCM3	6602	4
PAQR8	362	2
EFHC1	501	2
TRAM2	21176	4
TRAM2-AS1	286	2
LOC730101	648	3
TMEM14A	791	3
GSTA7P	0	0
GSTA2	0	0
GSTA1	0	0
GSTA5	0	0
GSTA3	0	0
GSTA4	100	2
RN7SK	838	3
ICK	283	2
FBXO9	951	3
GCM1	0	0
ELOVL5	5251	4
MIR5685	0	0
RPS16P5	8	1
GCLC	684	3
LOC101927136	0	0
LINC01564	0	0
KLHL31	4	1
LRRC1	370	2
LOC101927189	0	0
MLIP-IT1	0	0
MLIP	0	0
TINAG	0	0
FAM83B	0	0
HCRTR2	0	0
GFRAL	0	0
HMGCLL1	0	0
BMP5	0	0
COL21A1	24	1
DST	11446	4
LOC101930010	4	1
BEND6	291	2
KIAA1586	834	3
ZNF451	1683	3
LOC101927211	1	1
BAG2	2859	4
RAB23	3743	4
LOC100506188	12	1
PRIM2	1758	3
MIR548U	0	0
GUSBP4	266	2
MTRNR2L9	4	1
KHDRBS2	0	0
LGSN	0	0
PTP4A1	4608	4
PHF3	2526	4
EYS	10	1
LOC441155	1	1
SLC25A51P1	0	0
LOC102723883	0	0
LOC101928280	0	0
LOC101928307	0	0
ADGRB3	0	0
LMBRD1	759	3
COL19A1	6	1
COL9A1	0	0
EVADR	0	0
FAM135A	318	2
SDHAF4	81	2
SMAP1	979	3
B3GAT2	0	0
OGFRL1	2014	3
MIR30C2	1	1
MIR30A	0	0
LINC00472	98	2
LOC102724000	5	1
RIMS1	58	2
KCNQ5	1208	3
KCNQ5-IT1	6	1
MIR4282	0	0
KCNQ5-AS1	2	1
KHDC1L	2	1
KHDC1	167	2
DPPA5	0	0
KHDC3L	0	0
OOEP	0	0
DDX43	2	1
MB21D1	448	2
MTO1	876	3
EEF1A1	274957	4
SLC17A5	2229	4
LOC101928489	49	2
CD109	12731	4
LOC101928516	2	1
COL12A1	20689	4
COX7A2	3908	4
TMEM30A	10858	4
LOC100506804	3	1
FILIP1	8	1
LOC101928540	0	0
MIR4463	0	0
SENP6	2429	4
MYO6	1579	3
IMPG1	4	1
HTR1B	68	2
MEI4	1	1
IRAK1BP1	28	1
PHIP	2245	4
HMGN3	883	3
HMGN3-AS1	17	1
LCAL1	0	0
LCA5	128	2
SH3BGRL2	6	1
C6orf7	0	0
ELOVL4	162	2
TTK	2891	4
BCKDHB	316	2
FAM46A	3661	4
LINC01526	0	0
IBTK	3589	4
TPBG	10643	4
UBE3D	145	2
DOPEY1	449	2
PGM3	4560	4
RWDD2A	237	2
ME1	976	3
PRSS35	6	1
SNAP91	0	0
RIPPLY2	0	0
CYB5R4	931	3
MRAP2	0	0
CEP162	366	2
LINC01611	0	0
LOC102724201	1	1
TBX18	1061	3
NT5E	38014	4
SNX14	3211	4
SYNCRIP	13486	4
SNHG5	1371	3
SNORD50A	7	1
SNORD50B	49	2
HTR1E	0	0
CGA	12	1
ZNF292	1027	3
GJB7	0	0
SMIM8	137	2
C6orf163	1	1
LINC01590	0	0
C6orf165	12	1
SLC35A1	437	2
RARS2	1699	3
ORC3	2421	4
AKIRIN2	1273	3
LOC101928911	0	0
SPACA1	0	0
CNR1	0	0
LOC101928936	0	0
RNGTT	1336	3
PNRC1	406	2
SRSF12	0	0
PM20D2	1274	3
GABRR1	0	0
GABRR2	0	0
UBE2J1	2842	4
RRAGD	0	0
ANKRD6	5	1
LYRM2	1954	3
LOC101929057	17	1
MDN1	2339	4
CASP8AP2	1836	3
GJA10	1	1
BACH2	16	1
MIR4464	0	0
MAP3K7	2475	4
MIR4643	0	0
CASC6	0	0
EPHA7	0	0
TSG1	0	0
MANEA-AS1	10	1
MANEA	1183	3
FUT9	0	0
UFL1	1861	3
FHL5	0	0
GPR63	2	1
NDUFAF4	872	3
KLHL32	0	0
MMS22L	1614	3
LOC101927314	0	0
MIR2113	0	0
POU3F2	2	1
FBXL4	651	3
FAXC	118	2
COQ3	368	2
PNISR	1858	3
LOC101927365	13	1
USP45	644	3
TSTD3	125	2
CCNC	1941	3
PRDM13	0	0
MCHR2	0	0
MCHR2-AS1	0	0
SIM1	745	3
ASCC3	7486	4
GRIK2	1276	3
HACE1	788	3
LINC00577	0	0
LIN28B	0	0
BVES	1510	3
BVES-AS1	12	1
POPDC3	697	3
PREP	1867	3
PRDM1	448	2
ATG5	1885	3
AIM1	3688	4
RTN4IP1	271	2
QRSL1	832	3
LOC100422737	0	0
MIR587	0	0
CD24	0	0
C6orf203	359	2
BEND3	207	2
PDSS2	725	3
SOBP	75	2
SCML4	0	0
SEC63	5973	4
OSTM1	2636	4
NR2E1	0	0
SNX3	6332	4
LACE1	172	2
FOXO3	1495	3
LINC00222	0	0
ARMC2	29	1
ARMC2-AS1	0	0
SESN1	316	2
CEP57L1	900	3
LOC100996634	4	1
CCDC162P	0	0
CD164	18664	4
PPIL6	10	1
SMPD2	200	2
MICAL1	2211	4
ZBTB24	510	2
AK9	68	2
FIG4	433	2
GPR6	0	0
WASF1	611	3
CDC40	1213	3
METTL24	0	0
DDO	94	2
SLC22A16	0	0
CDK19	863	3
AMD1	5903	4
GTF3C6	2161	4
RPF2	2078	4
GSTM2P1	0	0
SLC16A10	0	0
KIAA1919	288	2
REV3L	1793	3
TRAF3IP2-AS1	136	2
TRAF3IP2	934	3
FYN	1083	3
WISP3	0	0
TUBE1	344	2
FAM229B	248	2
LAMA4	17110	4
LOC101927640	0	0
RFPL4B	0	0
LOC101927686	0	0
MARCKS	14708	4
LINC01268	0	0
FLJ34503	0	0
HDAC2	6267	4
LOC101927768	12	1
HS3ST5	14	1
FRK	13	1
TPI1P3	2	1
NT5DC1	1060	3
COL10A1	97	2
TSPYL4	954	3
TSPYL1	2950	4
DSE	4448	4
FAM26F	2	1
TRAPPC3L	0	0
FAM26E	1564	3
FAM26D	0	0
RWDD1	2094	4
RSPH4A	8	1
ZUFSP	579	2
KPNA5	251	2
FAM162B	503	2
GPRC6A	0	0
RFX6	0	0
VGLL2	0	0
ROS1	14	1
DCBLD1	1865	3
GOPC	3400	4
LOC101927919	0	0
NUS1	2665	4
SLC35F1	0	0
CEP85L	302	2
BRD7P3	2	1
PLN	0	0
LOC100287632	0	0
MCM9	368	2
ASF1A	1357	3
FAM184A	2	1
MIR548B	0	0
MAN1A1	56	2
LOC285762	0	0
MIR3144	0	0
TBC1D32	237	2
GJA1	4744	4
HSF2	689	3
SERINC1	13974	4
PKIB	10	1
FABP7	0	0
SMPDL3A	285	2
CLVS2	0	0
TRDN	0	0
HRAT13	0	0
NKAIN2	0	0
RNF217-AS1	17	1
RNF217	617	3
TPD52L1	11	1
HDDC2	1553	3
LOC643623	0	0
HEY2	0	0
NCOA7	3915	4
NCOA7-AS1	0	0
HINT3	1276	3
TRMT11	738	3
CENPW	1114	3
MIR588	0	0
RSPO3	32	1
RNF146	1043	3
ECHDC1	3146	4
SOGA3	465	2
KIAA0408	0	0
C6orf58	10	1
THEMIS	0	0
PTPRK	4579	4
LOC101928140	0	0
LAMA2	458	2
ARHGAP18	4538	4
TMEM244	2	1
L3MBTL3	394	2
SAMD3	22	1
TMEM200A	1855	3
SMLR1	0	0
EPB41L2	3550	4
AKAP7	348	2
ARG1	4	1
MED23	1266	3
ENPP3	4	1
OR2A4	0	0
CTAGE9	0	0
MIR548H5	0	0
ENPP1	1678	3
CTGF	17935	4
MIR548AJ1	0	0
LINC01013	0	0
MOXD1	2929	4
STX7	2186	4
TAAR9	0	0
TAAR8	0	0
TAAR6	0	0
TAAR5	0	0
TAAR3	0	0
TAAR2	0	0
TAAR1	0	0
VNN1	202	2
VNN3	6	1
VNN2	6	1
SLC18B1	402	2
RPS12	18829	4
SNORD101	32	1
SNORD100	16	1
SNORA33	32	1
LINC00326	0	0
EYA4	0	0
TARID	0	0
LINC01312	0	0
TCF21	0	0
TBPL1	645	3
SLC2A12	131	2
HMGA1P7	0	0
SGK1	3814	4
LOC101928231	6	1
LINC01010	4	1
LOC101928304	0	0
ALDH8A1	0	0
HBS1L	2418	4
MIR3662	0	0
MYB	22	1
MIR548A2	0	0
AHI1	1334	3
LINC00271	2	1
PDE7B	967	3
MTFR2	574	2
BCLAF1	6775	4
MAP7	34	2
MAP3K5	2071	4
LOC101928461	34	2
PEX7	221	2
SLC35D3	0	0
NHEG1	0	0
IL20RA	0	0
IL22RA2	0	0
IFNGR1	2558	4
OLIG3	0	0
LOC102723649	0	0
LOC100507406	0	0
LOC100130476	12	1
TNFAIP3	1134	3
PERP	3884	4
ARFGEF3	0	0
PBOV1	0	0
HEBP2	1537	3
NHSL1	191	2
MIR3145	0	0
FLJ46906	50	2
LOC100507462	2	1
CCDC28A	265	2
ECT2L	8	1
REPS1	1141	3
ABRACL	857	3
HECA	614	3
TXLNB	26	1
CITED2	14711	4
LOC645434	0	0
LOC100132735	14	1
LOC100507477	10	1
LOC103352541	0	0
MIR3668	0	0
MIR4465	0	0
NMBR	4	1
VTA1	4010	4
ADGRG6	278	2
LOC153910	0	0
HIVEP2	2370	4
LINC01277	0	0
AIG1	572	2
ADAT2	188	2
PEX3	949	3
FUCA2	7464	4
LOC285740	8	1
PHACTR2	1636	3
LTV1	2228	4
ZC2HC1B	0	0
PLAGL1	1275	3
HYMAI	0	0
SF3B5	2324	4
STX11	68	2
UTRN	5809	4
EPM2A	106	2
LOC100507557	8	1
FBXO30	1519	3
SHPRH	472	2
GRM1	4	1
RAB32	2788	4
LOC101928661	0	0
ADGB	0	0
KATNBL1P6	0	0
STXBP5-AS1	30	1
STXBP5	1990	3
SAMD5	8	1
SASH1	6869	4
UST	890	3
LOC100128176	0	0
TAB2	2933	4
SUMO4	0	0
ZC3H12D	10	1
PPIL4	1916	3
GINM1	2459	4
RPS18P9	59	2
KATNA1	890	3
LATS1	985	3
NUP43	2476	4
PCMT1	4132	4
LRP11	3186	4
RAET1E-AS1	2	1
RAET1E	46	2
RAET1G	54	2
ULBP2	460	2
ULBP1	12	1
RAET1K	0	0
RAET1L	0	0
ULBP3	129	2
PPP1R14C	0	0
IYD	0	0
PLEKHG1	10	1
MTHFD1L	2811	4
LOC102723831	0	0
AKAP12	1968	3
ZBTB2	1252	3
RMND1	766	3
ARMT1	1914	3
CCDC170	0	0
ESR1	0	0
SYNE1	4468	4
SYNE1-AS1	5	1
MYCT1	2	1
VIP	0	0
FBXO5	2696	4
MTRF1L	1107	3
RGS17	105	2
OPRM1	0	0
IPCEF1	1	1
CNKSR3	334	2
SCAF8	2042	3
MIR1273C	0	0
TIAM2	136	2
TFB1M	370	2
CLDN20	2	1
NOX3	0	0
MIR1202	0	0
ARID1B	2327	4
MIR4466	0	0
TMEM242	631	3
ZDHHC14	330	2
MIR3692	0	0
SNX9	5323	4
SYNJ2	3979	4
SYNJ2-IT1	0	0
SERAC1	303	2
GTF2H5	978	3
TULP4	684	3
TMEM181	3078	4
MIR7161	5	1
DYNLT1	4659	4
SYTL3	89	2
MIR3918	0	0
EZR	6946	4
EZR-AS1	0	0
OSTCP1	2	1
C6orf99	2	1
RSPH3	151	2
TAGAP	0	0
LOC101929122	0	0
FNDC1	0	0
LOC102724053	0	0
SOD2	10932	4
WTAP	4010	4
LOC100129518	12	1
ACAT2	1416	3
TCP1	10128	4
SNORA20	6	1
SNORA29	7	1
MRPL18	2680	4
PNLDC1	0	0
MAS1	0	0
IGF2R	12257	4
AIRN	0	0
LOC729603	68	2
SLC22A1	2	1
SLC22A2	0	0
SLC22A3	2	1
LPAL2	4	1
LPA	0	0
PLG	0	0
MAP3K4	815	3
AGPAT4	305	2
AGPAT4-IT1	4	1
PARK2	0	0
PACRG	0	0
LOC101929239	0	0
LOC729658	0	0
PACRG-AS1	0	0
DKFZp451B082	0	0
CAHM	2	1
QKI	5086	4
MEAT6	0	0
C6orf118	0	0
PDE10A	0	0
LINC00473	0	0
LINC00602	0	0
T	0	0
LOC101929297	0	0
PRR18	0	0
SFT2D1	1239	3
LOC100289495	10	1
MPC1	578	2
RPS6KA2	376	2
RPS6KA2-IT1	0	0
MIR1913	0	0
RPS6KA2-AS1	0	0
RNASET2	339	2
MIR3939	0	0
FGFR1OP	1310	3
CCR6	2	1
GPR31	0	0
TCP10L2	0	0
UNC93A	0	0
TTLL2	0	0
TCP10	0	0
LOC401286	0	0
LOC441178	0	0
LINC01558	0	0
MLLT4-AS1	7	1
MLLT4	2416	4
HGC6.3	0	0
KIF25-AS1	0	0
KIF25	0	0
FRMD1	0	0
LOC101929420	0	0
DACT2	0	0
SMOC2	0	0
LOC101929504	2	1
THBS2	25268	4
WDR27	230	2
C6orf120	1613	3
PHF10	547	2
TCTE3	7	1
ERMARD	633	3
LINC00242	8	1
LINC00574	0	0
LOC100131532	0	0
LOC102724511	0	0
LOC154449	0	0
LOC285804	0	0
FLJ38122	0	0
DLL1	97	2
FAM120B	1754	3
MIR4644	0	0
PSMB1	5446	4
TBP	664	3
PDCD2	2003	3
HLA-DRB3	0	0
HLA-DRB4	0	0
LOC100507642	8	1
FAM20C	2798	4
WI2-2373I1.2	0	0
LOC442497	0	0
PDGFA	161	2
HRAT92	18	1
PRKAR1B	159	2
LOC101926963	0	0
DNAAF5	1395	3
SUN1	2909	4
GET4	1146	3
ADAP1	0	0
COX19	381	2
CYP2W1	0	0
C7orf50	2272	4
MIR339	0	0
GPR146	10	1
GPER1	97	2
ZFAND2A	621	3
LOC101927021	112	2
UNCX	0	0
MICALL2	435	2
INTS1	4639	4
MAFK	1824	3
TMEM184A	50	2
PSMG3	878	3
PSMG3-AS1	40	2
TFAMP1	0	0
ELFN1	4	1
ELFN1-AS1	0	0
MAD1L1	1515	3
MIR4655	0	0
FTSJ2	1512	3
NUDT1	847	3
SNX8	1983	3
MIR6836	2	1
EIF3B	10242	4
CHST12	1036	3
LOC101927181	48	2
GRIFIN	0	0
LFNG	24	1
MIR4648	0	0
BRAT1	1294	3
IQCE	903	3
TTYH3	8811	4
AMZ1	82	2
GNA12	4505	4
CARD11	0	0
LOC100129603	0	0
SDK1	0	0
FOXK1	1856	3
AP5Z1	1460	3
MIR4656	5	1
RADIL	68	2
PAPOLB	0	0
MMD2	0	0
RNF216P1	590	2
RBAK	514	2
RBAK-RBAKDN	0	0
RBAKDN	0	0
ZNF890P	6	1
WIPI2	2150	4
SLC29A4	8	1
TNRC18	7460	4
FBXL18	1125	3
MIR589	11	1
LOC221946	13	1
ACTB	231722	4
FSCN1	19041	4
RNF216	2276	4
RNF216-IT1	0	0
MIR6874	0	0
ZNF815P	49	2
OCM	0	0
CCZ1	1132	3
RSPH10B	0	0
RSPH10B2	0	0
PMS2	373	2
AIMP2	664	3
EIF2AK1	3335	4
ANKRD61	16	1
USP42	667	3
CYTH3	2312	4
FAM220A	559	2
RAC1	12947	4
DAGLB	1154	3
KDELR2	16806	4
GRID2IP	0	0
ZDHHC4	1275	3
C7orf26	710	3
ZNF853	2	1
ZNF316	1292	3
ZNF12	990	3
PMS2CL	115	2
CCZ1B	312	2
MIR3683	0	0
LOC100131257	0	0
C1GALT1	1862	3
LOC101927354	4	1
COL28A1	10	1
LOC101927391	0	0
MIOS	1595	3
RPA3	1105	3
UMAD1	406	2
LOC100505921	0	0
GLCCI1	156	2
ICA1	4	1
LOC100505938	0	0
NXPH1	0	0
PER4	0	0
NDUFA4	3475	4
PHF14	1263	3
THSD7A	2	1
TMEM106B	2134	4
VWDE	6	1
SCIN	10	1
ARL4A	650	3
ETV1	1230	3
DGKB	26	1
AGMO	23	1
MEOX2	378	2
MEOX2-AS1	0	0
ISPD	31	1
ISPD-AS1	0	0
SOSTDC1	0	0
LRRC72	0	0
ANKMY2	1244	3
BZW2	2915	4
TSPAN13	86	2
AGR2	0	0
AGR3	0	0
AHR	5893	4
KCCAT333	0	0
LOC101927630	0	0
SNX13	1523	3
PRPS1L1	0	0
HDAC9	600	2
MIR1302-6	0	0
TWIST1	947	3
FERD3L	0	0
TWISTNB	1202	3
MIR3146	0	0
TMEM196	0	0
LOC101927668	0	0
MACC1	0	0
MACC1-AS1	0	0
LOC101927769	0	0
LOC101927811	0	0
ITGB8	0	0
ABCB5	0	0
SP8	0	0
RPL23P8	6	1
LINC01162	0	0
SP4	143	2
MIR1183	0	0
DNAH11	17	1
CDCA7L	1534	3
RAPGEF5	31	1
STEAP1B	1529	3
LOC100506178	20	1
LOC401312	0	0
LOC541472	18	1
IL6	7107	4
TOMM7	4357	4
SNORD93	13	1
FAM126A	8151	4
KLHL7-AS1	18	1
KLHL7	1133	3
NUPL2	817	3
GPNMB	9358	4
MALSU1	972	3
IGF2BP3	4654	4
RPS2P32	0	0
TRA2A	1784	3
CLK2P1	0	0
CCDC126	104	2
FAM221A	0	0
STK31	0	0
NPY	0	0
MPP6	187	2
DFNA5	1247	3
OSBPL3	2267	4
CYCS	6252	4
C7orf31	44	2
NPVF	0	0
MIR148A	0	0
NFE2L3	102	2
HNRNPA2B1	29692	4
CBX3	10559	4
SNX10	0	0
LOC441204	0	0
KIAA0087	0	0
C7orf71	0	0
SKAP2	1353	3
HOXA1	80	2
HOTAIRM1	98	2
HOXA2	2	1
HOXA3	24	1
HOXA-AS2	3	1
HOXA4	14	1
HOXA-AS3	15	1
HOXA5	136	2
HOXA6	12	1
HOXA7	51	2
HOXA10-HOXA9	0	0
HOXA9	29	1
HOXA10-AS	54	2
MIR196B	0	0
HOXA10	534	2
HOXA11	1268	3
HOXA11-AS	180	2
HOXA13	336	2
HOTTIP	4	1
EVX1-AS	0	0
EVX1	0	0
HIBADH	1091	3
TSL	2	1
TAX1BP1	5222	4
JAZF1	1548	3
JAZF1-AS1	3	1
CREB5	6	1
TRIL	0	0
LOC100506497	0	0
CPVL	0	0
LOC101928168	0	0
CHN2	0	0
LOC102724484	0	0
PRR15	0	0
LOC646762	164	2
MIR550A3	0	0
ZNRF2P2	0	0
DPY19L2P3	3	1
WIPF3	2	1
SCRN1	12164	4
FKBP14	2541	4
PLEKHA8	392	2
MTURN	266	2
ZNRF2	333	2
MIR550A1	0	0
MIR550B1	0	0
DKFZP586I1420	46	2
LINC01176	2	1
NOD1	437	2
GGCT	1523	3
LOC401320	71	2
GARS	6417	4
CRHR2	0	0
INMT	4	1
INMT-FAM188B	0	0
FAM188B	0	0
AQP1	4	1
GHRHR	0	0
ADCYAP1R1	0	0
NEUROD6	0	0
CCDC129	0	0
PPP1R17	0	0
PDE1C	576	2
LOC100130673	0	0
LSM5	1229	3
AVL9	1723	3
DPY19L1P1	4	1
ZNRF2P1	103	2
MIR550A2	0	0
MIR550B2	0	0
LINC00997	149	2
KBTBD2	2334	4
RP9P	501	2
FKBP9	7992	4
NT5C3A	2141	4
RP9	504	2
BBS9	339	2
BMPER	1051	3
NPSR1-AS1	0	0
NPSR1	0	0
DPY19L1	2950	4
DPY19L2P1	2	1
TBX20	0	0
LOC401324	0	0
HERPUD2	996	3
LOC100506725	0	0
SEPT7-AS1	3	1
SEPT7	12880	4
LOC101928618	0	0
EEPD1	12	1
KIAA0895	12	1
ANLN	18335	4
AOAH	0	0
AOAH-IT1	0	0
ELMO1	6	1
MIR1200	0	0
ELMO1-AS1	0	0
GPR141	0	0
NME8	0	0
SFRP4	0	0
EPDR1	0	0
STARD3NL	2138	4
TARP	0	0
TRG-AS1	0	0
AMPH	0	0
FAM183B	0	0
VPS41	2193	4
POU6F2	0	0
POU6F2-AS1	0	0
YAE1D1	444	2
RALA	3127	4
LINC00265	117	2
CDK13	1607	3
MPLKIP	538	2
SUGCT	158	2
LINC01450	0	0
LINC01449	0	0
INHBA	5273	4
INHBA-AS1	14	1
GLI3	1055	3
LINC01448	0	0
C7orf25	594	2
PSMA2	7263	4
MRPL32	1730	3
HECW1	230	2
MIR3943	0	0
LOC100506895	11	1
STK17A	3993	4
COA1	2040	3
BLVRA	1183	3
MRPS24	35	2
URGCP-MRPS24	0	0
URGCP	2902	4
UBE2D4	112	2
POLR2J4	179	2
SPDYE1	22	1
RASA4CP	2	1
LINC00957	20	1
DBNL	6638	4
MIR6837	3	1
PGAM2	25	1
POLM	426	2
MIR6838	0	0
AEBP1	26	1
MIR4649	0	0
POLD2	4393	4
MYL7	0	0
GCK	0	0
YKT6	7364	4
CAMK2B	0	0
NUDCD3	3717	4
NPC1L1	0	0
DDX56	2598	4
TMED4	2713	4
OGDH	5631	4
ZMIZ2	1574	3
PPIA	48133	4
H2AFV	4772	4
PURB	3274	4
MIR4657	0	0
MYO1G	0	0
SNHG15	609	3
SNORA9	21	1
CCM2	1931	3
NACAD	38	2
TBRG4	2656	4
SNORA5A	4	1
SNORA5C	16	1
SNORA5B	0	0
RAMP3	0	0
ADCY1	6	1
SEPT7P2	356	2
IGFBP1	0	0
IGFBP3	2705	4
TNS3	5729	4
LINC01447	0	0
C7orf65	2	1
LINC00525	4	1
PKD1L1	3	1
C7orf69	4	1
HUS1	859	3
SUN3	10	1
C7orf57	0	0
UPP1	1162	3
ABCA13	2	1
CDC14C	2	1
VWC2	0	0
ZPBP	0	0
C7orf72	0	0
IKZF1	0	0
FIGNL1	1860	3
DDC	0	0
DDC-AS1	0	0
GRB10	845	3
COBL	0	0
POM121L12	0	0
LINC01446	0	0
HPVC1	0	0
LINC01445	0	0
VSTM2A	0	0
VSTM2A-OT1	0	0
SEC61G	3977	4
LOC100996654	2	1
EGFR	5551	4
EGFR-AS1	3	1
ELDR	3	1
LANCL2	1051	3
VOPP1	4043	4
FKBP9P1	70	2
SEPT14	0	0
ZNF713	24	1
MRPS17	737	3
GBAS	1786	3
PSPH	474	2
CCT6A	14678	4
SNORA15	1	1
SUMF2	3926	4
PHKG1	17	1
CHCHD2	10340	4
NUPR1L	0	0
LOC650226	0	0
LOC100240728	0	0
DKFZp434L192	0	0
LOC101928401	0	0
LOC401357	0	0
LOC100130849	0	0
MIR4283-1	0	0
MIR4283-2	0	0
ZNF479	0	0
GUSBP10	0	0
LOC100653233	0	0
MIR3147	0	0
ZNF716	0	0
ZNF733P	0	0
LOC100287834	0	0
LOC100287704	0	0
LINC01005	0	0
ZNF727	0	0
ZNF735	0	0
ZNF679	0	0
ZNF736	222	2
YWHAEP1	2	1
ZNF680	188	2
LOC100128885	0	0
LOC641746	0	0
ZNF107	781	3
MIR6839	0	0
ZNF138	184	2
ZNF273	190	2
ZNF117	116	2
ERV3-1	134	2
CCT6P3	29	1
ZNF92	370	2
LOC441242	38	2
INTS4P2	0	0
CCT6P1	156	2
SNORA22	0	0
VKORC1L1	2406	4
GUSB	1977	3
ASL	1374	3
CRCP	1976	3
TPST1	1734	3
LINC00174	15	1
GS1-124K5.11	562	2
KCTD7	462	2
LOC100996437	22	1
RABGEF1	2409	4
GTF2IRD1P1	0	0
TMEM248	5129	4
SBDS	7424	4
TYW1	838	3
MIR4650-1	0	0
MIR4650-2	0	0
PMS2P4	46	2
STAG3L4	272	2
LINC01372	6	1
LOC102723427	0	0
LOC100507468	0	0
AUTS2	0	0
WBSCR17	0	0
MIR3914-1	0	0
MIR3914-2	0	0
CALN1	0	0
TYW1B	26	1
SBDSP1	2273	4
SPDYE7P	0	0
POM121	2126	4
NSUN5P2	5	1
TRIM73	0	0
TRIM74	0	0
LOC541473	1	1
LOC100101148	0	0
STAG3L3	200	2
PMS2P7	4	1
SPDYE8P	0	0
GTF2IP4	0	0
GTF2IP1	116	2
NCF1B	0	0
NSUN5	308	2
TRIM50	0	0
FKBP6	0	0
FZD9	0	0
BAZ1B	7713	4
BCL7B	1776	3
TBL2	2413	4
MLXIPL	0	0
VPS37D	60	2
DNAJC30	565	2
WBSCR22	1928	3
STX1A	395	2
MIR4284	2	1
ABHD11-AS1	48	2
ABHD11	939	3
CLDN3	2	1
CLDN4	13	1
WBSCR27	16	1
WBSCR28	6	1
ELN	472	2
LIMK1	2728	4
EIF4H	13934	4
MIR590	5	1
LAT2	76	2
RFC2	2178	4
CLIP2	3280	4
GTF2IRD1	663	3
GTF2I	1116	3
LOC101926943	0	0
NCF1	0	0
GTF2IRD2	93	2
STAG3L2	176	2
PMS2P5	9	1
GATSL2	103	2
WBSCR16	2187	4
GTF2IRD2B	317	2
NCF1C	0	0
PMS2P2	2	1
STAG3L1	56	2
NSUN5P1	200	2
POM121C	2109	4
SPDYE5	28	1
PMS2P3	118	2
HIP1	3156	4
CCL26	14	1
CCL24	0	0
RHBDD2	1205	3
POR	2117	4
MIR4651	0	0
SNORA14A	4	1
TMEM120A	668	3
STYXL1	579	2
MDH2	5144	4
SRRM3	0	0
HSPB1	10028	4
YWHAG	11442	4
SSC4D	6	1
ZP3	4	1
DTX2	248	2
FDPSP2	2	1
UPK3B	0	0
LOC100133091	63	2
POMZP3	71	2
DTX2P1-UPK3BP1-PMS2P11	13	1
PMS2P9	8	1
CCDC146	38	2
FGL2	2	1
GSAP	509	2
LOC101927243	0	0
PTPN12	4449	4
APTR	142	2
RSBN1L	730	3
TMEM60	634	3
PHTF2	3803	4
MAGI2	487	2
RPL13AP17	0	0
MAGI2-AS2	0	0
MAGI2-AS3	3093	4
GNAI1	2438	4
LOC101927269	0	0
GNAT3	0	0
CD36	98	2
SEMA3C	9301	4
LOC100128317	20	1
HGF	1623	3
CACNA2D1	2299	4
LOC101927356	11	1
PCLO	90	2
SEMA3E	96	2
SEMA3A	7848	4
LOC101927378	4	1
SEMA3D	2843	4
GRM3	0	0
KIAA1324L	0	0
DMTF1	1004	3
TMEM243	518	2
TP53TG1	143	2
CROT	634	3
ABCB4	0	0
ABCB1	62	2
RUNDC3B	6	1
SLC25A40	960	3
DBF4	1344	3
ADAM22	12	1
SRI	1915	3
LOC102723885	0	0
STEAP4	0	0
ZNF804B	0	0
C7orf62	0	0
STEAP2-AS1	0	0
DPY19L2P4	0	0
STEAP1	3072	4
STEAP2	784	3
CFAP69	37	2
LOC101927446	0	0
GTPBP10	1292	3
LOC101409256	2	1
CLDN12	1655	3
CDK14	970	3
FZD1	1993	3
MTERF1	421	2
AKAP9	1521	3
CYP51A1	2956	4
CYP51A1-AS1	2	1
LRRD1	4	1
KRIT1	1447	3
MIR1285-1	0	0
ANKIB1	4289	4
GATAD1	1498	3
ERVW-1	4	1
PEX1	520	2
RBM48	258	2
MGC16142	26	1
FAM133B	827	3
CDK6	3381	4
RNU6-10P	0	0
LOC101927497	13	1
SAMD9	23183	4
SAMD9L	16335	4
HEPACAM2	0	0
VPS50	1109	3
CALCR	0	0
MIR653	0	0
MIR489	0	0
MIR4652	0	0
TFPI2	5525	4
GNGT1	0	0
GNG11	4766	4
BET1	1092	3
COL1A2	230727	4
CASD1	577	2
SGCE	3713	4
PEG10	1880	3
PPP1R9A	0	0
PON1	0	0
PON3	0	0
PON2	1966	3
ASB4	0	0
PDK4	0	0
DYNC1I1	0	0
SLC25A13	641	3
MIR591	0	0
C7orf76	0	0
LOC100506136	7	1
SHFM1	2594	4
DLX6-AS1	0	0
DLX6	0	0
DLX5	0	0
SDHAF3	222	2
TAC1	0	0
ASNS	735	3
MIR5692A1	0	0
MIR5692A2	0	0
MIR5692C2	0	0
MGC72080	303	2
OCM2	0	0
LMTK2	748	3
BHLHA15	0	0
TECPR1	1030	3
BRI3	5100	4
BAIAP2L1	143	2
NPTX2	0	0
TMEM130	31	1
TRRAP	3484	4
MIR3609	0	0
LOC101927550	43	2
SMURF1	1986	3
KPNA7	0	0
MYH16	3	1
ARPC1A	3950	4
ARPC1B	9078	4
PDAP1	7652	4
BUD31	1411	3
PTCD1	6	1
ATP5J2-PTCD1	0	0
CPSF4	984	3
ATP5J2	1388	3
ZNF789	91	2
ZNF394	460	2
ZKSCAN5	927	3
FAM200A	248	2
ZNF655	2222	4
GS1-259H13.2	90	2
ZSCAN25	698	3
CYP3A5	11	1
CYP3A7-CYP3A51P	0	0
CYP3A7	0	0
CYP3A4	0	0
CYP3A43	0	0
OR2AE1	0	0
TRIM4	561	2
GJC3	0	0
AZGP1	2	1
AZGP1P1	0	0
ZKSCAN1	2032	3
ZSCAN21	73	2
ZNF3	719	3
COPS6	5653	4
MCM7	11212	4
MIR25	17	1
MIR93	4	1
MIR106B	0	0
AP4M1	759	3
TAF6	2008	3
CNPY4	1047	3
MBLAC1	92	2
LAMTOR4	1475	3
C7orf43	539	2
MIR4658	0	0
GAL3ST4	2	1
GPC2	2	1
STAG3	5	1
GATS	64	2
PVRIG	11	1
SPDYE3	34	2
PMS2P1	300	2
STAG3L5P-PVRIG2P-PILRB	139	2
STAG3L5P	10	1
PVRIG2P	0	0
MIR6840	6	1
PILRB	5	1
PILRA	8	1
ZCWPW1	73	2
MEPCE	3571	4
PPP1R35	669	3
C7orf61	14	1
TSC22D4	2224	4
NYAP1	42	2
AGFG2	436	2
SAP25	45	2
LRCH4	1466	3
ZASP	0	0
FBXO24	5	1
PCOLCE-AS1	12	1
PCOLCE	12222	4
MOSPD3	258	2
TFR2	0	0
ACTL6B	0	0
GNB2	10286	4
GIGYF1	1792	3
POP7	1234	3
EPO	0	0
ZAN	0	0
EPHB4	2176	4
SLC12A9	1077	3
TRIP6	4155	4
MIR6875	0	0
SRRT	5573	4
UFSP1	52	2
ACHE	0	0
MUC3A	0	0
MUC12	12	1
LOC102724094	24	1
MUC17	0	0
TRIM56	3059	4
SERPINE1	93654	4
AP1S1	4105	4
MIR4653	6	1
VGF	8	1
NAT16	0	0
MOGAT3	0	0
PLOD3	9571	4
ZNHIT1	1783	3
CLDN15	154	2
FIS1	2596	4
LOC101927746	4	1
IFT22	479	2
COL26A1	0	0
LINC01007	0	0
MYL10	0	0
CUX1	2955	4
SH2B2	42	2
MIR4285	0	0
SPDYE6	29	1
LOC100289561	7	1
LOC100630923	0	0
PRKRIP1	22	1
MIR548O	0	0
ORAI2	3705	4
ALKBH4	336	2
LRWD1	1038	3
MIR5090	0	0
MIR4467	0	0
POLR2J	1463	3
RASA4B	56	2
POLR2J3	224	2
SPDYE2	0	0
SPDYE2B	0	0
RASA4	13	1
POLR2J2	6	1
UPK3BL	0	0
FAM185A	73	2
FBXL13	6	1
LRRC17	53	2
NFE4	0	0
ARMC10	1066	3
NAPEPLD	314	2
RPL19P12	2	1
DPY19L2P2	128	2
PMPCB	2114	4
DNAJC2	1813	3
PSMC2	6055	4
SLC26A5	2	1
LOC101927870	0	0
RELN	43	2
ORC5	1045	3
LHFPL3	0	0
LHFPL3-AS1	0	0
LHFPL3-AS2	6	1
LINC01004	72	2
KMT2E-AS1	44	2
KMT2E	2580	4
SRPK2	1771	3
PUS7	923	3
RINT1	1106	3
EFCAB10	37	2
ATXN7L1	353	2
CDHR3	17	1
SYPL1	3855	4
NAMPT	7907	4
CCDC71L	4516	4
PIK3CG	0	0
PRKAR2B	642	3
HBP1	946	3
COG5	1667	3
GPR22	2	1
DUS4L	217	2
BCAP29	5159	4
SLC26A4-AS1	0	0
SLC26A4	26	1
CBLL1	884	3
SLC26A3	0	0
DLD	3104	4
LAMB1	22651	4
LAMB4	5	1
NRCAM	12	1
PNPLA8	2003	3
THAP5	947	3
DNAJB9	1236	3
C7orf66	0	0
EIF3IP1	0	0
IMMP2L	70	2
LRRN3	1844	3
DOCK4	721	3
DOCK4-AS1	2	1
ZNF277	675	3
IFRD1	3037	4
LSMEM1	12	1
LOC100996249	0	0
LOC101928012	2	1
TMEM168	765	3
C7orf60	882	3
HRAT17	46	2
GPR85	402	2
LINC00998	1522	3
PPP1R3A	0	0
FOXP2	30	1
MIR3666	0	0
MDFIC	5665	4
LINC01393	2	1
LINC01392	2	1
TFEC	8	1
TES	126	2
LOC102724434	226	2
CAV2	7049	4
CAV1	54024	4
LINC01510	13	1
MET	8794	4
CAPZA2	7534	4
ST7-AS1	38	2
ST7	549	2
ST7-OT4	12	1
MIR6132	0	0
ST7-AS2	0	0
ST7-OT3	0	0
WNT2	0	0
ASZ1	0	0
CFTR	0	0
CTTNBP2	0	0
LSM8	1172	3
ANKRD7	0	0
LVCAT5	0	0
KCND2	0	0
TSPAN12	8	1
ING3	540	2
CPED1	6417	4
WNT16	223	2
FAM3C	3745	4
PTPRZ1	0	0
AASS	404	2
FEZF1	0	0
FEZF1-AS1	0	0
CADPS2	0	0
RNF133	0	0
RNF148	0	0
TAS2R16	0	0
SLC13A1	0	0
IQUB	2	1
NDUFA5	1674	3
ASB15	0	0
LOC102724555	0	0
LMOD2	0	0
WASL	1827	3
HYALP1	0	0
HYAL4	0	0
SPAM1	0	0
TMEM229A	0	0
LOC101928211	3	1
GPR37	94	2
C7orf77	0	0
POT1	1070	3
POT1-AS1	14	1
LOC101928283	0	0
LOC101928254	0	0
GRM8	0	0
MIR592	0	0
LOC101928333	0	0
ZNF800	953	3
LOC100506682	0	0
GCC1	1031	3
ARF5	2146	4
FSCN3	0	0
PAX4	0	0
SND1	12825	4
SND1-IT1	6	1
LRRC4	12	1
MIR593	0	0
MIR129-1	0	0
LEP	0	0
MGC27345	138	2
RBM28	1151	3
PRRT4	0	0
IMPDH1	2103	4
HILPDA	278	2
METTL2B	1003	3
LINC01000	814	3
FAM71F2	22	1
FAM71F1	0	0
CALU	58630	4
OPN1SW	5	1
CCDC136	197	2
FLNC	32988	4
ATP6V1F	1996	3
LOC100130705	10	1
KCP	1	1
IRF5	12	1
TNPO3	3042	4
TPI1P2	21	1
LOC407835	10	1
TSPAN33	8	1
SMO	0	0
AHCYL2	292	2
STRIP2	306	2
SMKR1	0	0
NRF1	605	3
MIR182	0	0
MIR96	0	0
MIR183	0	0
UBE2H	3814	4
ZC3HC1	776	3
KLHDC10	1206	3
TMEM209	779	3
SSMEM1	0	0
CPA2	0	0
CPA4	56	2
CPA5	8	1
CPA1	0	0
CEP41	610	3
MEST	3	1
MESTIT1	0	0
MIR335	0	0
COPG2	999	3
COPG2IT1	0	0
TSGA13	0	0
KLF14	0	0
MIR29A	6	1
MIR29B1	0	0
LINC-PINT	336	2
LOC100506860	25	1
MKLN1	2402	4
MKLN1-AS	44	2
PODXL	3627	4
LOC101928782	0	0
PLXNA4	2	1
FLJ40288	0	0
CHCHD3	2649	4
EXOC4	2058	4
MIR6133	0	0
LOC101928861	0	0
LRGUK	6	1
SLC35B4	1688	3
AKR1B1	45570	4
AKR1B10	84	2
AKR1B15	8	1
BPGM	1092	3
CALD1	46751	4
AGBL3	35	2
C7orf49	970	3
TMEM140	1035	3
WDR91	451	2
MIR6509	0	0
STRA8	0	0
CNOT4	676	3
NUP205	4792	4
C7orf73	1674	3
SLC13A4	24	1
FAM180A	211	2
MTPN	0	0
LUZP6	0	0
CHRM2	296	2
LOC349160	0	0
MIR490	0	0
PTN	4969	4
DGKI	131	2
CREB3L2	10425	4
LOC100130880	0	0
AKR1D1	0	0
MIR4468	0	0
TRIM24	659	3
SVOPL	0	0
ATP6V0A4	8	1
TMEM213	0	0
KIAA1549	824	3
ZC3HAV1L	193	2
ZC3HAV1	3522	4
TTC26	288	2
UBN2	309	2
LUC7L2	561	2
C7orf55	0	0
C7orf55-LUC7L2	0	0
LOC100129148	2	1
KLRG2	0	0
CLEC2L	0	0
HIPK2	1612	3
TBXAS1	12	1
PARP12	3678	4
KDM7A	92	2
JHDM1D-AS1	6	1
SLC37A3	1469	3
RAB19	0	0
MKRN1	2357	4
DENND2A	329	2
ADCK2	709	3
NDUFB2-AS1	42	2
NDUFB2	1183	3
BRAF	354	2
MRPS33	680	3
TMEM178B	2	1
AGK	1013	3
KIAA1147	310	2
WEE2-AS1	15	1
WEE2	2	1
SSBP1	3822	4
TAS2R3	4	1
TAS2R4	0	0
TAS2R5	6	1
PRSS37	0	0
OR9A4	0	0
CLEC5A	0	0
TAS2R38	0	0
MGAM	215	2
MGAM2	0	0
MOXD2P	0	0
PRSS58	0	0
TRY2P	0	0
MTRNR2L6	0	0
PRSS1	0	0
PRSS2	0	0
EPHB6	18	1
TRPV6	0	0
TRPV5	0	0
C7orf34	0	0
KEL	0	0
OR9A2	0	0
OR6V1	0	0
OR6W1P	0	0
PIP	0	0
TAS2R39	0	0
TAS2R40	0	0
GSTK1	1977	3
TMEM139	0	0
CASP2	1459	3
CLCN1	0	0
FAM131B	90	2
ZYX	16014	4
MIR6892	0	0
EPHA1	5	1
EPHA1-AS1	4	1
TAS2R60	0	0
TAS2R41	0	0
CTAGE15	0	0
TCAF2	16	1
TCAF2P1	1	1
CTAGE6	0	0
LOC154761	2	1
TCAF1	2514	4
OR2F2	0	0
OR2F1	0	0
OR6B1	0	0
OR2A5	0	0
OR2A25	0	0
OR2A12	0	0
OR2A2	0	0
OR2A14	0	0
CTAGE8	0	0
CTAGE4	0	0
ARHGEF35	0	0
OR2A1-AS1	4	1
LOC101928605	0	0
OR2A42	0	0
OR2A1	0	0
OR2A9P	0	0
OR2A20P	0	0
OR2A7	0	0
ARHGEF34P	22	1
ARHGEF5	13	1
NOBOX	0	0
TPK1	28	1
CNTNAP2	0	0
LOC101928700	0	0
MIR548F4	0	0
C7orf33	0	0
CUL1	3726	4
EZH2	1792	3
RNY5	0	0
RNY4	0	0
RNY3	0	0
RNY1	0	0
GHET1	10	1
PDIA4	18165	4
ZNF786	126	2
ZNF425	80	2
ZNF398	553	2
ZNF282	1679	3
ZNF212	366	2
ZNF783	216	2
LOC155060	256	2
ZNF777	704	3
ZNF746	1005	3
ZNF767P	161	2
KRBA1	195	2
ZNF467	15	1
SSPO	2	1
ZNF862	262	2
ATP6V0E2-AS1	17	1
ATP6V0E2	138	2
ACTR3C	0	0
LRRC61	0	0
ZBED6CL	0	0
RARRES2	0	0
REPIN1	2095	4
ZNF775	197	2
LOC728743	76	2
LINC00996	4	1
GIMAP8	0	0
GIMAP7	0	0
GIMAP4	0	0
GIMAP6	0	0
GIMAP2	278	2
GIMAP1	0	0
GIMAP1-GIMAP5	0	0
GIMAP5	0	0
TMEM176B	0	0
TMEM176A	0	0
AOC1	0	0
KCNH2	0	0
NOS3	0	0
ATG9B	0	0
ABCB8	1242	3
ASIC3	27	1
CDK5	773	3
SLC4A2	9336	4
FASTK	2094	4
TMUB1	1285	3
AGAP3	2452	4
GBX1	0	0
ASB10	0	0
IQCA1L	0	0
ABCF2	4250	4
CHPF2	5447	4
MIR671	0	0
SMARCD3	659	3
NUB1	2448	4
WDR86	0	0
WDR86-AS1	0	0
CRYGN	0	0
MIR3907	0	0
RHEB	5369	4
PRKAG2	590	2
PRKAG2-AS1	0	0
GALNTL5	0	0
GALNT11	911	3
KMT2C	1700	3
FABP5P3	0	0
LINC01003	64	2
XRCC2	845	3
ACTR3B	190	2
LINC01287	0	0
DPP6	0	0
PAXIP1-AS2	88	2
PAXIP1	576	2
PAXIP1-AS1	102	2
HTR5A-AS1	0	0
HTR5A	0	0
INSIG1	2558	4
BLACE	0	0
EN2	0	0
CNPY1	0	0
LOC100506302	41	2
RBM33	1184	3
SHH	0	0
LOC389602	6	1
LOC285889	0	0
LINC01006	0	0
LINC00244	0	0
C7orf13	52	2
RNF32	47	2
LMBR1	1227	3
NOM1	1704	3
MNX1	0	0
MNX1-AS1	0	0
UBE3C	6011	4
DNAJB6	4268	4
LOC101927914	0	0
PTPRN2	0	0
MIR153-2	0	0
LOC100506585	0	0
MIR595	0	0
MIR5707	0	0
NCAPG2	5639	4
ESYT2	4332	4
WDR60	354	2
LINC00689	0	0
VIPR2	0	0
PRSS3P2	0	0
OR4F21	0	0
RPL23AP53	340	2
ZNF596	59	2
FAM87A	0	0
FBXO25	378	2
TDRP	124	2
ERICH1	564	2
ERICH1-AS1	0	0
LOC286083	0	0
DLGAP2	0	0
DLGAP2-AS1	0	0
CLN8	515	2
MIR3674	0	0
MIR596	0	0
ARHGEF10	2679	4
KBTBD11-OT1	0	0
KBTBD11	0	0
MYOM2	18	1
MIR7160	0	0
LOC101927815	29	1
CSMD1	4	1
LOC100287015	83	2
MCPH1	737	3
ANGPT2	2	1
MCPH1-AS1	6	1
MIR8055	2	1
AGPAT5	1711	3
MIR4659A	0	0
MIR4659B	0	0
XKR5	2	1
GS1-24F4.2	0	0
DEFB1	0	0
DEFA6	0	0
DEFA4	0	0
DEFA8P	0	0
DEFA9P	0	0
DEFA10P	0	0
DEFA1	0	0
DEFA1B	0	0
DEFT1P	0	0
DEFT1P2	0	0
DEFA3	0	0
DEFA11P	0	0
DEFA5	0	0
LINC00965	0	0
FAM66B	38	2
DEFB109P1B	0	0
DEFB109P1	0	0
USP17L1	0	0
USP17L4	0	0
ZNF705G	0	0
DEFB4B	0	0
DEFB103A	0	0
DEFB103B	0	0
SPAG11B	0	0
DEFB104A	0	0
DEFB104B	0	0
DEFB106A	0	0
DEFB106B	0	0
DEFB105A	0	0
DEFB105B	0	0
DEFB107A	0	0
DEFB107B	0	0
PRR23D1	0	0
PRR23D2	0	0
FAM90A7P	0	0
FAM90A10P	0	0
SPAG11A	0	0
DEFB4A	0	0
ZNF705B	0	0
FAM66E	0	0
USP17L8	0	0
USP17L3	0	0
MIR548I3	0	0
FAM86B3P	66	2
SGK223	566	2
CLDN23	20	1
MFHAS1	852	3
ERI1	1637	3
MIR4660	0	0
PPP1R3B	352	2
LOC101929128	0	0
LOC157273	0	0
TNKS	1828	3
MIR597	0	0
LINC00599	0	0
MIR124-1	0	0
MSRA	1067	3
LINCR-0001	0	0
PRSS55	0	0
RP1L1	0	0
MIR4286	0	0
C8orf74	0	0
SOX7	2	1
PINX1	484	2
MIR1322	0	0
LOC101929229	2	1
XKR6	93	2
MIR598	0	0
MTMR9	1186	3
SLC35G5	0	0
TDH	0	0
FAM167A-AS1	7	1
FAM167A	7398	4
BLK	44	2
LINC00208	0	0
GATA4	1	1
C8orf49	0	0
NEIL2	474	2
FDFT1	5084	4
CTSB	62853	4
DEFB136	0	0
DEFB135	0	0
DEFB134	0	0
LOC100133267	0	0
DEFB130	0	0
ZNF705D	0	0
FAM66D	6	1
LOC392196	0	0
USP17L7	0	0
USP17L2	2	1
FAM90A2P	0	0
FAM86B1	10	1
FAM66A	0	0
LOC649352	0	0
FAM90A25P	0	0
FAM86B2	12	1
LOC100506990	358	2
LOC729732	4	1
LONRF1	332	2
MIR3926-1	0	0
MIR3926-2	0	0
LOC340357	0	0
LINC00681	0	0
KIAA1456	175	2
DLC1	4124	4
C8orf48	154	2
SGCZ	8	1
MIR383	0	0
TUSC3	5257	4
MSR1	10	1
FGF20	9	1
MICU3	671	3
ZDHHC2	2413	4
CNOT7	3236	4
VPS37A	2165	4
MTMR7	55	2
SLC7A2	372	2
PDGFRL	392	2
MTUS1	112	2
MIR548V	0	0
FGL1	0	0
PCM1	4236	4
ASAH1	1421	3
LOC101929066	0	0
NAT1	274	2
NAT2	0	0
PSD3	1498	3
LOC100128993	0	0
SH2D4A	2486	4
CSGALNACT1	885	3
INTS10	1416	3
LPL	0	0
SLC18A1	0	0
ATP6V1B2	3313	4
LZTS1	16	1
LZTS1-AS1	0	0
LOC102467222	0	0
LOC286114	0	0
LOC101929172	0	0
GFRA2	0	0
DOK2	0	0
XPO7	3021	4
NPM2	6	1
FGF17	4	1
DMTN	0	0
FAM160B2	1537	3
NUDT18	224	2
HR	0	0
REEP4	1297	3
LGI3	0	0
SFTPC	0	0
BMP1	3145	4
PHYHIP	2	1
MIR320A	4	1
POLR3D	1932	3
PIWIL2	0	0
SLC39A14	7825	4
PPP3CC	740	3
SORBS3	4658	4
PDLIM2	1635	3
C8orf58	755	3
CCAR2	5266	4
BIN3	1126	3
BIN3-IT1	4	1
EGR3	6	1
PEBP4	0	0
LOC101929237	0	0
RHOBTB2	1111	3
TNFRSF10B	3549	4
LOC286059	0	0
LOC254896	8	1
TNFRSF10C	0	0
TNFRSF10D	627	3
TNFRSF10A	594	2
LOC389641	41	2
CHMP7	2230	4
R3HCC1	1255	3
LOXL2	33494	4
LOC100507156	61	2
ENTPD4	2313	4
SLC25A37	1242	3
NKX3-1	304	2
NKX2-6	0	0
STC1	19966	4
ADAM28	9	1
LOC101929294	0	0
ADAMDEC1	0	0
ADAM7	0	0
LOC101929315	0	0
NEFM	0	0
NEFL	0	0
MIR6841	0	0
DOCK5	4722	4
MIR6876	0	0
GNRH1	45	2
KCTD9	3758	4
CDCA2	2207	4
EBF2	207	2
PPP2R2A	2749	4
BNIP3L	2198	4
PNMA2	0	0
DPYSL2	3482	4
ADRA1A	0	0
MIR548H4	0	0
STMN4	0	0
TRIM35	1187	3
PTK2B	151	2
MIR6842	0	0
CHRNA2	0	0
EPHX2	0	0
CLU	2605	4
MIR6843	0	0
SCARA3	3602	4
MIR3622B	0	0
MIR3622A	0	0
CCDC25	1774	3
ESCO2	1689	3
PBK	4825	4
SCARA5	0	0
MIR4287	0	0
NUGGC	0	0
ELP3	1150	3
PNOC	0	0
ZNF395	886	3
FBXO16	2	1
FZD3	0	0
MIR4288	0	0
EXTL3-AS1	0	0
EXTL3	3675	4
INTS9	520	2
HMBOX1	148	2
KIF13B	466	2
DUSP4	3525	4
LINC00589	0	0
LOC101929450	0	0
LOC101929470	4	1
FAM183CP	0	0
MIR3148	0	0
SARAF	4470	4
LEPROTL1	1707	3
MBOAT4	5	1
DCTN6	2017	3
RBPMS-AS1	12	1
RBPMS	1158	3
GTF2E2	1820	3
SMIM18	0	0
GSR	3659	4
UBXN8	680	3
PPP2CB	4256	4
TEX15	0	0
PURG	0	0
WRN	1157	3
NRG1	1210	3
NRG1-IT1	0	0
NRG1-IT3	0	0
FUT10	235	2
MAK16	1118	3
TTI2	386	2
SNORD13	0	0
RNF122	28	1
DUSP26	0	0
LINC01288	0	0
UNC5D	0	0
LOC101929550	0	0
KCNU1	0	0
LINC01605	129	2
ZNF703	1425	3
LOC101929622	0	0
LOC102723701	2	1
ERLIN2	3965	4
LOC728024	7	1
PROSC	1570	3
ADGRA2	7031	4
BRF2	597	2
RAB11FIP1	74	2
GOT1L1	0	0
ADRB3	0	0
EIF4EBP1	1562	3
ASH2L	2271	4
STAR	7	1
LSM1	1742	3
BAG4	878	3
DDHD2	1622	3
PPAPDC1B	1436	3
WHSC1L1	2949	4
LETM2	461	2
FGFR1	9272	4
C8orf86	0	0
RNF5P1	2	1
TACC1	6132	4
PLEKHA2	3910	4
HTRA4	8	1
TM2D2	3136	4
ADAM9	24235	4
ADAM32	3	1
ADAM5	0	0
ADAM3A	0	0
LOC100130964	0	0
ADAM18	0	0
ADAM2	0	0
IDO1	15	1
IDO2	0	0
C8orf4	380	2
ZMAT4	0	0
SFRP1	18555	4
MIR548AO	0	0
GOLGA7	1900	3
GINS4	1554	3
LOC102723729	2	1
GPAT4	4003	4
NKX6-3	0	0
ANK1	10	1
MIR486-1	0	0
MIR486-2	0	0
KAT6A	3116	4
AP3M2	935	3
PLAT	3291	4
LOC101929897	0	0
IKBKB	1521	3
POLB	433	2
DKK4	0	0
VDAC3	4037	4
SLC20A2	3514	4
SMIM19	506	2
CHRNB3	0	0
CHRNA6	0	0
THAP1	461	2
RNF170	666	3
MIR4469	0	0
HOOK3	2690	4
FNTA	1700	3
POMK	313	2
HGSNAT	3233	4
POTEA	0	0
LINC00293	0	0
LOC100287846	0	0
SPIDR	1047	3
CEBPD	1798	3
PRKDC	15369	4
MCM4	12020	4
UBE2V2	2237	4
LOC101929268	9	1
LOC101929217	0	0
EFCAB1	2	1
SNAI2	3547	4
C8orf22	0	0
SNTG1	0	0
PXDNL	6	1
PCMTD1	682	3
ST18	4	1
FAM150A	0	0
RB1CC1	1993	3
NPBWR1	0	0
OPRK1	0	0
ATP6V1H	1716	3
RGS20	648	3
TCEA1	4015	4
LYPLA1	2149	4
MRPL15	2757	4
RNU105C	0	0
SOX17	0	0
RP1	0	0
XKR4	0	0
SBF1P1	0	0
TMEM68	475	2
TGS1	1565	3
LYN	1961	3
RPS20	19478	4
SNORD54	8	1
MOS	0	0
PLAG1	709	3
CHCHD7	717	3
SDR16C5	0	0
SDR16C6P	0	0
PENK	5	1
LOC101929415	3	1
LINC00968	100	2
IMPAD1	8356	4
LINC01606	0	0
LOC286177	0	0
LINC00588	0	0
LOC101929488	0	0
LINC01602	0	0
FAM110B	75	2
LOC101929528	0	0
UBXN2B	342	2
CYP7A1	0	0
SDCBP	7218	4
NSMAF	1913	3
TOX	327	2
CA8	0	0
LINC01301	6	1
RAB2A	7485	4
CHD7	2	1
LOC100130298	2	1
CLVS1	6	1
ASPH	49847	4
MIR4470	4	1
NKAIN3	0	0
UG0898H09	0	0
GGH	2791	4
TTPA	0	0
YTHDF3-AS1	4	1
YTHDF3	3549	4
LOC102724612	0	0
LINC01289	0	0
LOC102724623	0	0
MIR124-2HG	0	0
MIR124-2	0	0
LOC401463	0	0
BHLHE22	0	0
CYP7B1	0	0
LINC00251	0	0
LINC01299	0	0
ARMC1	1824	3
MTFR1	1095	3
PDE7A	313	2
DNAJC5B	2	1
TRIM55	0	0
CRH	0	0
LINC00967	0	0
RRS1-AS1	0	0
RRS1	1809	3
ADHFE1	25	1
C8orf46	12	1
MYBL1	2662	4
VCPIP1	1290	3
C8orf44	34	2
C8orf44-SGK3	0	0
SGK3	4	1
PTTG3P	4	1
MCMDC2	6	1
SNHG6	1705	3
SNORD87	11	1
TCF24	0	0
PPP1R42	0	0
COPS5	2279	4
CSPP1	591	2
ARFGEF1	2645	4
CPA6	10	1
PREX2	0	0
C8orf34-AS1	0	0
C8orf34	34	2
LINC01592	5	1
LINC01603	0	0
SULF1	416	2
SLCO5A1	10	1
PRDM14	0	0
NCOA2	896	3
LOC101926892	0	0
TRAM1	15433	4
LACTB2-AS1	0	0
LACTB2	238	2
XKR9	14	1
EYA1	0	0
MSC	982	3
MSC-AS1	516	2
TRPA1	614	3
LOC392232	0	0
KCNB2	0	0
LOC101926908	0	0
TERF1	945	3
SBSPON	10	1
C8orf89	0	0
RPL7	25762	4
RDH10	280	2
RDH10-AS1	3	1
STAU2-AS1	4	1
STAU2	1019	3
UBE2W	954	3
TCEB1	3215	4
TMEM70	1229	3
LY96	351	2
JPH1	0	0
GDAP1	90	2
MIR5681A	0	0
MIR5681B	0	0
MIR2052HG	0	0
MIR2052	0	0
PI15	0	0
CRISPLD1	0	0
CASC9	0	0
HNF4G	0	0
LINC01111	2	1
ZFHX4-AS1	10	1
ZFHX4	1065	3
MIR3149	0	0
PEX2	1390	3
LOC102724874	0	0
PKIA	743	3
PKIA-AS1	5	1
ZC2HC1A	601	2
LOC101241902	12	1
IL7	203	2
STMN2	0	0
HEY1	68	2
LINC01607	0	0
LOC101927040	0	0
MRPS28	801	3
TPD52	0	0
MIR5708	0	0
ZBTB10	145	2
ZNF704	0	0
PAG1	936	3
FABP5	0	0
PMP2	0	0
FABP9	0	0
FABP4	0	0
FABP12	0	0
IMPA1	1652	3
SLC10A5	5	1
ZFAND1	1024	3
CHMP4C	0	0
SNX16	441	2
LINC01419	0	0
RALYL	0	0
LRRCC1	578	2
E2F5	29	1
C8orf59	986	3
CA13	2	1
CA1	0	0
CA3	0	0
CA3-AS1	0	0
CA2	0	0
REXO1L2P	0	0
PSKH2	0	0
ATP6V0D2	0	0
SLC7A13	0	0
WWP1	1020	3
RMDN1	2057	4
CPNE3	3446	4
CNGB3	0	0
CNBD1	0	0
DCAF4L2	0	0
MMP16	2174	4
LOC101929709	38	2
RIPK2	2404	4
OSGIN2	2534	4
NBN	5539	4
DECR1	2637	4
CALB1	0	0
LINC00534	0	0
LINC01030	0	0
TMEM64	1334	3
NECAB1	88	2
C8orf88	171	2
TMEM55A	910	3
OTUD6B-AS1	994	3
OTUD6B	1016	3
LRRC69	7	1
MIR4661	0	0
SLC26A7	2	1
RUNX1T1	253	2
LOC102724710	0	0
FLJ46284	0	0
TRIQK	1174	3
MIR8084	0	0
C8orf87	0	0
LINC00535	0	0
FAM92A1	801	3
RBM12B	793	3
RBM12B-AS1	12	1
TMEM67	152	2
MIR378D2	0	0
PDP1	1525	3
CDH17	0	0
GEM	859	3
RAD54B	820	3
FSBP	0	0
KIAA1429	3640	4
LOC100288748	0	0
ESRP1	0	0
DPY19L4	2380	4
INTS8	1161	3
CCNE2	1855	3
TP53INP1	212	2
NDUFAF6	306	2
MIR3150B	0	0
MIR3150A	0	0
PLEKHF2	702	3
LINC01298	0	0
C8orf37	164	2
C8orf37-AS1	0	0
LOC100500773	0	0
GDF6	0	0
UQCRB	4890	4
MTERF3	1016	3
PTDSS1	4469	4
LOC102724804	0	0
SDC2	3930	4
CPQ	1582	3
LOC101927066	0	0
TSPYL5	0	0
MTDH	9937	4
LAPTM4B	1710	3
MATN2	219	2
RPL30	13896	4
SNORA72	22	1
ERICH5	0	0
HRSP12	359	2
POP1	1597	3
NIPAL2	710	3
KCNS2	0	0
STK3	1549	3
OSR2	455	2
VPS13B	1662	3
MIR599	0	0
MIR875	0	0
COX6C	2625	4
RGS22	2	1
MIR1273A	0	0
FBXO43	76	2
POLR2K	1885	3
SPAG1	239	2
RNF19A	1438	3
MIR4471	0	0
ANKRD46	265	2
SNX31	2	1
PABPC1	20897	4
MIR7705	0	0
YWHAZ	31832	4
FLJ42969	0	0
ZNF706	1299	3
NACAP1	0	0
GRHL2	0	0
NCALD	7	1
LOC104054148	0	0
MIR5680	0	0
RRM2B	1570	3
UBR5-AS1	0	0
UBR5	4246	4
ODF1	0	0
KLF10	1909	3
AZIN1	7732	4
AZIN1-AS1	28	1
ATP6V1C1	2404	4
BAALC-AS2	2	1
BAALC	40	2
MIR3151	0	0
BAALC-AS1	24	1
FZD6	3199	4
CTHRC1	38	2
SLC25A32	2619	4
DCAF13	3091	4
RIMS2	86	2
DCSTAMP	0	0
DPYS	2	1
MIR548A3	0	0
LRP12	2635	4
ZFPM2	36	2
ZFPM2-AS1	304	2
OXR1	1857	3
ABRA	2	1
ANGPT1	3235	4
RSPO2	0	0
EIF3E	8626	4
EMC2	923	3
TMEM74	0	0
TRHR	0	0
NUDCD1	4720	4
ENY2	3215	4
PKHD1L1	0	0
EBAG9	556	2
SYBU	0	0
KCNV1	0	0
LINC01608	0	0
LINC01609	0	0
CSMD3	0	0
MIR2053	0	0
TRPS1	732	3
LINC00536	10	1
EIF3H	5923	4
UTP23	1012	3
RAD21	11711	4
RAD21-AS1	10	1
MIR3610	0	0
AARD	0	0
SLC30A8	0	0
MED30	266	2
EXT1	12279	4
SAMD12	234	2
SAMD12-AS1	0	0
TNFRSF11B	48518	4
COLEC10	31	1
MAL2	0	0
MIR548AZ	0	0
NOV	2577	4
ENPP2	11101	4
TAF2	2008	3
DSCC1	659	3
DEPTOR	14	1
COL14A1	66	2
MRPL13	1904	3
MTBP	622	3
SNTB1	1024	3
LOC101927543	0	0
HAS2	1521	3
HAS2-AS1	37	2
LOC105375734	17	1
LINC01151	0	0
ZHX2	94	2
DERL1	3808	4
TBC1D31	324	2
FAM83A	2	1
FAM83A-AS1	0	0
MIR4663	0	0
C8orf76	88	2
ZHX1-C8orf76	9	1
ZHX1	2376	4
ATAD2	7707	4
MIR548AA1	0	0
MIR548D1	0	0
WDYHV1	396	2
FBXO32	151	2
KLHL38	6	1
ANXA13	0	0
FAM91A1	3369	4
FER1L6	50	2
FER1L6-AS1	0	0
FER1L6-AS2	0	0
LOC101927588	4	1
TMEM65	752	3
TRMT12	348	2
RNF139-AS1	21	1
RNF139	1545	3
TATDN1	858	3
MIR6844	0	0
NDUFB9	2456	4
MTSS1	248	2
MIR4662B	0	0
MIR4662A	0	0
LINC00964	0	0
ZNF572	44	2
SQLE	3739	4
KIAA0196	3181	4
NSMCE2	855	3
TRIB1	312	2
LINC00861	0	0
LOC101927657	0	0
FAM84B	0	0
PCAT1	0	0
PCAT2	0	0
PRNCR1	2	1
CASC19	0	0
CCAT1	0	0
CASC21	0	0
CASC8	6	1
CCAT2	0	0
POU5F1B	0	0
CASC11	0	0
MYC	2194	4
MIR1204	3	1
PVT1	208	2
TMEM75	6	1
MIR1205	4	1
MIR1206	0	0
MIR1207	0	0
MIR1208	0	0
LINC00824	6	1
LINC00977	0	0
CCDC26	0	0
MIR3686	0	0
GSDMC	0	0
FAM49B	1484	3
MIR5194	0	0
ASAP1	6857	4
ASAP1-IT2	0	0
ASAP1-IT1	0	0
ADCY8	0	0
EFR3A	4021	4
OC90	0	0
HHLA1	0	0
KCNQ3	2	1
HPYR1	0	0
LRRC6	0	0
TMEM71	76	2
PHF20L1	2669	4
TG	1	1
SLA	4	1
MIR7848	0	0
WISP1	194	2
NDRG1	1327	3
ST3GAL1	3061	4
LOC101927798	0	0
LOC101927822	0	0
ZFAT	318	2
ZFAT-AS1	0	0
MIR30B	0	0
MIR30D	0	0
NCRNA00250	0	0
LOC101927845	0	0
LINC01591	0	0
KHDRBS3	668	3
LOC101927915	0	0
FAM135B	0	0
COL22A1	0	0
KCNK9	2	1
TRAPPC9	509	2
CHRAC1	1356	3
AGO2	749	3
PTK2	3767	4
MIR151A	0	0
DENND3	1100	3
SLC45A4	243	2
LINC01300	0	0
GPR20	0	0
PTP4A3	2	1
MROH5	0	0
MIR1302-7	0	0
MIR4472-1	0	0
LINC00051	0	0
TSNARE1	90	2
ADGRB1	0	0
ARC	16	1
JRK	1714	3
PSCA	114	2
LY6K	1052	3
LOC100288181	172	2
THEM6	502	2
SLURP1	0	0
LYPD2	0	0
LYNX1	0	0
LY6D	0	0
GML	0	0
CYP11B1	0	0
CYP11B2	0	0
LOC100133669	56	2
CDC42P3	4	1
LY6E	23849	4
C8orf31	53	2
LY6H	0	0
GPIHBP1	0	0
ZFP41	461	2
GLI4	149	2
LINC01604	18	1
ZNF696	359	2
TOP1MT	166	2
RHPN1-AS1	2	1
RHPN1	12	1
MAFA-AS1	0	0
MAFA	0	0
ZC3H3	776	3
GSDMD	2281	4
MROH6	58	2
NAPRT	209	2
EEF1D	12080	4
TIGD5	723	3
PYCRL	867	3
TSTA3	2161	4
ZNF623	941	3
ZNF707	334	2
BREA2	4	1
CCDC166	0	0
MAPK15	0	0
FAM83H	0	0
MIR4664	0	0
FAM83H-AS1	0	0
SCRIB	3669	4
MIR937	0	0
PUF60	6227	4
NRBP2	1088	3
MIR6845	0	0
EPPK1	5	1
PLEC	78086	4
MIR661	7	1
PARP10	5717	4
GRINA	8764	4
SPATC1	0	0
OPLAH	0	0
MIR6846	0	0
EXOSC4	850	3
MIR6847	0	0
GPAA1	5132	4
CYC1	3902	4
SHARPIN	1293	3
MAF1	3265	4
KIAA1875	10	1
HGH1	1321	3
MROH1	1061	3
BOP1	3297	4
MIR7112	0	0
SCX	44	2
HSF1	2204	4
DGAT1	755	3
MIR6848	0	0
SCRT1	0	0
TMEM249	62	2
FBXL6	986	3
SLC52A2	4599	4
ADCK5	407	2
CPSF1	3081	4
MIR939	0	0
MIR1234	0	0
MIR6849	0	0
SLC39A4	152	2
VPS28	1931	3
TONSL	1224	3
TONSL-AS1	19	1
MIR6893	0	0
CYHR1	757	3
KIFC2	469	2
FOXH1	0	0
PPP1R16A	676	3
GPT	28	1
MFSD3	258	2
RECQL4	2261	4
LRRC14	587	2
LRRC24	0	0
C8orf82	627	3
ARHGAP39	205	2
ZNF251	666	3
ZNF34	92	2
RPL8	31089	4
MIR6850	0	0
ZNF517	108	2
ZNF7	696	3
COMMD5	820	3
ZNF250	253	2
ZNF16	242	2
ZNF252P	533	2
TMED10P1	78	2
ZNF252P-AS1	10	1
C8orf33	1762	3
DDX11L5	4	1
WASH1	103	2
FOXD4	2	1
CBWD1	404	2
C9orf66	0	0
DOCK8	0	0
KANK1	2508	4
DMRT1	0	0
DMRT3	0	0
LINC01230	0	0
DMRT2	0	0
SMARCA2	2844	4
VLDLR-AS1	0	0
VLDLR	80	2
KCNV2	6	1
KIAA0020	2716	4
LINC01231	0	0
RFX3	151	2
RFX3-AS1	3	1
GLIS3	1157	3
GLIS3-AS1	0	0
SLC1A1	0	0
SPATA6L	10	1
PPAPDC2	234	2
CDC37L1-AS1	6	1
CDC37L1	556	2
AK3	2029	3
RCL1	368	2
MIR101-2	0	0
JAK2	1200	3
INSL6	0	0
INSL4	0	0
RLN2	0	0
RLN1	0	0
PLGRKT	651	3
CD274	1995	3
PDCD1LG2	6041	4
RIC1	2097	4
ERMP1	714	3
MLANA	0	0
KIAA2026	625	3
MIR4665	0	0
RANBP6	2520	4
IL33	10	1
TPD52L3	0	0
UHRF2	2288	4
GLDC	7	1
KDM4C	462	2
TMEM261	1021	3
PTPRD	0	0
PTPRD-AS1	0	0
PTPRD-AS2	0	0
TYRP1	1	1
LURAP1L-AS1	0	0
LURAP1L	430	2
MPDZ	1619	3
FLJ41200	0	0
LINC00583	0	0
NFIB	2	1
ZDHHC21	733	3
CER1	0	0
FREM1	2	1
LOC389705	0	0
TTC39B	463	2
SNAPC3	1225	3
PSIP1	4350	4
CCDC171	64	2
RNU6-14P	0	0
C9orf92	0	0
BNC2	1138	3
CNTLN	1124	3
SH3GL2	106	2
ADAMTSL1	798	3
MIR3152	0	0
SAXO1	2	1
RRAGA	3915	4
HAUS6	2575	4
SCARNA8	0	0
PLIN2	2280	4
DENND4C	1681	3
RPS6	32430	4
ACER2	30	1
SLC24A2	0	0
MLLT3	1011	3
MIR4473	0	0
MIR4474	0	0
FOCAD	1310	3
FOCAD-AS1	4	1
MIR491	0	0
HACD4	90	2
IFNB1	86	2
IFNW1	0	0
IFNA21	0	0
IFNA4	0	0
IFNA7	0	0
IFNA10	0	0
IFNA16	0	0
IFNA17	0	0
IFNA14	0	0
IFNA22P	0	0
IFNA5	0	0
KLHL9	2220	4
IFNA6	0	0
IFNA13	0	0
IFNA2	0	0
IFNA8	0	0
IFNA1	0	0
MIR31HG	0	0
IFNE	0	0
MIR31	0	0
MTAP	0	0
CDKN2A-AS1	0	0
CDKN2A	2	1
CDKN2B-AS1	49	2
CDKN2B	240	2
DMRTA1	0	0
LINC01239	0	0
LOC101929563	0	0
ELAVL2	0	0
IZUMO3	0	0
TUSC1	0	0
LINC01241	0	0
LOC100506422	0	0
CAAP1	684	3
PLAA	2030	3
IFT74	632	3
IFT74-AS1	0	0
LRRC19	6	1
TEK	10	1
LINC00032	0	0
EQTN	0	0
MOB3B	0	0
IFNK	0	0
C9orf72	200	2
LINGO2	0	0
MIR876	0	0
MIR873	0	0
LINC01242	0	0
ACO1	3060	4
DDX58	15071	4
TOPORS	1400	3
TOPORS-AS1	43	2
NDUFB6	1735	3
TAF1L	6	1
TMEM215	0	0
APTX	1011	3
DNAJA1	14743	4
SMU1	2628	4
B4GALT1	9664	4
B4GALT1-AS1	29	1
SPINK4	0	0
BAG1	2315	4
CHMP5	7276	4
NFX1	1830	3
AQP7	0	0
AQP3	70	2
NOL6	3919	4
MIR6851	0	0
SUGT1P1	41	2
ANKRD18B	198	2
ANXA2P2	478	2
PTENP1	8	1
PTENP1-AS	0	0
LINC01251	0	0
PRSS3	206	2
UBE2R2	2905	4
UBAP2	1757	3
SNORD121B	0	0
SNORD121A	1	1
DCAF12	1412	3
UBAP1	1608	3
KIF24	584	2
NUDT2	483	2
KIAA1161	118	2
C9orf24	0	0
FAM219A	1118	3
DNAI1	0	0
ENHO	0	0
CNTFR	0	0
CNTFR-AS1	0	0
RPP25L	225	2
DCTN3	1794	3
ARID3C	9	1
SIGMAR1	4226	4
GALT	420	2
IL11RA	335	2
CCL27	0	0
CCL19	0	0
CCL21	0	0
FAM205A	0	0
FAM205BP	0	0
FAM205C	0	0
PHF24	2	1
DNAJB5-AS1	0	0
DNAJB5	551	2
C9orf131	9	1
VCP	24953	4
FANCG	1720	3
PIGO	1382	3
STOML2	2374	4
FAM214B	1594	3
UNC13B	985	3
ATP8B5P	7	1
RUSC2	2625	4
FAM166B	1	1
TESK1	1131	3
MIR4667	0	0
CD72	18	1
SIT1	0	0
RMRP	184	2
CCDC107	192	2
ARHGEF39	250	2
CA9	5	1
TPM2	34552	4
TLN1	46413	4
MIR6852	0	0
CREB3	4411	4
MIR6853	0	0
GBA2	1271	3
RGP1	558	2
MSMP	264	2
NPR2	820	3
SPAG8	17	1
HINT2	562	2
FAM221B	0	0
TMEM8B	146	2
LINC00950	2	1
OR13J1	0	0
HRCT1	4	1
LINC00961	2	1
OR2S2	0	0
RECK	3925	4
GLIPR2	1064	3
CCIN	30	1
CLTA	6222	4
GNE	1422	3
RNF38	608	3
MELK	5323	4
MIR4475	0	0
PAX5	18	1
MIR4540	0	0
MIR4476	0	0
EBLN3	1438	3
ZCCHC7	692	3
GRHPR	2351	4
ZBTB5	473	2
POLR1E	1462	3
FBXO10	317	2
TOMM5	2863	4
FRMPD1	0	0
TRMT10B	249	2
EXOSC3	1261	3
DCAF10	1542	3
SLC25A51	286	2
SHB	2306	4
ALDH1B1	834	3
IGFBPL1	0	0
FAM95C	0	0
ANKRD18A	0	0
FAM201A	0	0
CNTNAP3	0	0
SPATA31A1	0	0
FAM74A1	0	0
ZNF658B	2	1
GLIDR	18	1
KGFLP2	0	0
LOC102724238	0	0
LOC554249	0	0
ANKRD20A2	0	0
ANKRD20A3	0	0
FAM95B1	0	0
GXYLT1P3	0	0
AQP7P3	4	1
MIR1299	0	0
FRG1HP	126	2
PGM5P2	46	2
LOC440896	0	0
FOXD4L6	0	0
CBWD6	82	2
CBWD5	176	2
FAM27E2	0	0
CNTNAP3B	0	0
SPATA31A6	0	0
FAM74A7	0	0
LOC103908605	0	0
LOC101927827	0	0
XLOC_007697	0	0
SPATA31A5	0	0
SPATA31A7	0	0
FAM74A6	0	0
FAM74A4	0	0
FAM27C	4	1
LOC102723709	0	0
KGFLP1	0	0
LINC01189	0	0
LINC01410	134	2
PTGER4P2-CDK2AP2P2	13	1
LOC403323	0	0
LOC728673	8	1
LOC101928381	0	0
LOC286297	0	0
AQP7P1	2	1
FRG1JP	0	0
FLJ43315	0	0
ANKRD20A4	0	0
FOXD4L5	0	0
FOXD4L4	2	1
ANKRD20A1	0	0
LOC642929	0	0
ZNF658	34	2
FAM74A3	0	0
SPATA31A3	0	0
CNTNAP3P2	0	0
FAM27E3	2	1
FAM27B	13	1
CBWD3	21	1
FOXD4L3	0	0
PGM5-AS1	0	0
PGM5	233	2
TMEM252	0	0
LINC01506	0	0
PIP5K1B	0	0
FAM122A	495	2
LOC101927069	0	0
PRKACG	0	0
FXN	328	2
TJP2	3154	4
BANCR	0	0
FAM189A2	0	0
APBA1	450	2
PTAR1	2554	4
C9orf135-AS1	0	0
C9orf135	2	1
MAMDC2	232	2
MAMDC2-AS1	2	1
SMC5-AS1	27	1
SMC5	2425	4
KLF9	492	2
TRPM3	3	1
MIR204	0	0
TMEM2	6678	4
ABHD17B	389	2
C9orf85	268	2
C9orf57	0	0
GDA	0	0
LINC01504	22	1
ZFAND5	5248	4
TMC1	0	0
LINC01474	0	0
ALDH1A1	18	1
ANXA1	37441	4
LOC101927358	0	0
RORB-AS1	0	0
RORB	0	0
TRPM6	0	0
C9orf40	1074	3
C9orf41-AS1	18	1
CARNMT1	579	2
NMRK1	640	3
OSTF1	1437	3
PCSK5	2	1
RFK	925	3
RPSAP9	20	1
GCNT1	743	3
PRUNE2	2	1
PCA3	0	0
FOXB2	0	0
VPS13A-AS1	0	0
VPS13A	1125	3
GNA14	0	0
GNA14-AS1	0	0
GNAQ	3019	4
CEP78	1038	3
PSAT1	1652	3
LOC101927450	0	0
TLE4	4236	4
LINC01507	0	0
TLE1	363	2
LOC101927502	0	0
SPATA31D5P	0	0
SPATA31D4	0	0
SPATA31D3	0	0
SPATA31D1	0	0
RASEF	0	0
FRMD3	255	2
IDNK	107	2
UBQLN1	7726	4
GKAP1	44	2
KIF27	105	2
C9orf64	10	1
HNRNPK	27753	4
MIR7-1	8	1
RMI1	1115	3
LOC101927575	0	0
SLC28A3	72	2
NTRK2	0	0
AGTPBP1	476	2
LOC389765	42	2
NAA35	1016	3
GOLM1	996	3
LOC101927623	0	0
C9orf153	0	0
ISCA1	921	3
ZCCHC6	1454	3
GAS1	234	2
LOC100506834	2	1
LOC440173	0	0
LOC494127	0	0
C9orf170	4	1
DAPK1	20	1
CTSL	17483	4
CTSL3P	1	1
CTSLP8	1	1
LOC392364	0	0
SPATA31E1	2	1
SPATA31C1	0	0
CDK20	178	2
SPATA31C2	0	0
SPIN1	5440	4
NXNL2	40	2
LOC286238	0	0
MIR4289	0	0
C9orf47	105	2
S1PR3	9011	4
SHC3	324	2
CKS2	2804	4
MIR3153	23	1
SECISBP2	873	3
SEMA4D	36	2
GADD45G	0	0
UNQ6494	0	0
LOC101927847	0	0
LOC286370	0	0
MIR4290	0	0
LINC01508	0	0
LINC01501	0	0
DIRAS2	0	0
SYK	0	0
LOC100129316	0	0
AUH	231	2
NFIL3	1143	3
MIR3910-1	0	0
MIR3910-2	0	0
ROR2	20	1
SPTLC1	4489	4
LOC100128076	2	1
LINC00475	2	1
IARS	7779	4
MIR3651	0	0
SNORA84	0	0
NOL8	1598	3
CENPP	263	2
OGN	0	0
OMD	0	0
ASPN	30	1
ECM2	28	1
MIR4670	0	0
IPPK	425	2
LOC100128361	40	2
BICD2	2657	4
ANKRD19P	18	1
ZNF484	289	2
LOC642943	0	0
FGD3	0	0
LOC101927954	0	0
SUSD3	0	0
C9orf89	1200	3
NINJ1	1585	3
WNK2	0	0
C9orf129	0	0
FAM120AOS	1015	3
FAM120A	9052	4
PHF2	1916	3
MIR4291	0	0
BARX1	0	0
PTPDC1	276	2
MIRLET7A1	0	0
MIRLET7F1	1	1
MIRLET7DHG	19	1
MIRLET7D	0	0
ZNF169	45	2
NUTM2F	0	0
LOC100132077	0	0
HIATL1	6093	4
PCAT7	0	0
FBP2	0	0
FBP1	0	0
C9orf3	571	2
MIR2278	0	0
MIR6081	1	1
MIR23B	0	0
MIR27B	0	0
MIR3074	0	0
MIR24-1	0	0
FANCC	828	3
PTCH1	158	2
LOC100507346	0	0
LINC00476	54	2
ERCC6L2	1013	3
LINC00092	0	0
LOC158435	0	0
LOC158434	0	0
HSD17B3	0	0
SLC35D2	650	3
ZNF367	2220	4
HABP4	1325	3
CDC14B	776	3
AAED1	1031	3
LOC441455	0	0
ZNF510	421	2
ZNF782	74	2
LOC100132781	0	0
LOC441454	5	1
NUTM2G	26	1
HIATL2	164	2
CTSV	2	1
GAS2L1P2	0	0
LOC100499484-C9ORF174	0	0
LOC100499484	7	1
CCDC180	0	0
MIR1302-8	0	0
LOC286359	0	0
TDRD7	3998	4
TMOD1	126	2
TSTD2	394	2
NCBP1	3302	4
XPA	420	2
FOXE1	5388	4
C9orf156	400	2
HEMGN	0	0
ANP32B	7922	4
NANS	1832	3
TRIM14	10265	4
CORO2A	2	1
TBC1D2	2381	4
MIR6854	0	0
GABBR2	10	1
ANKS6	731	3
GALNT12	4	1
COL15A1	4	1
TGFBR1	2896	4
ALG2	1683	3
SEC61B	3464	4
NAMA	0	0
LOC101928438	0	0
NR4A3	628	3
STX17-AS1	0	0
STX17	1479	3
ERP44	4974	4
INVS	531	2
TEX10	2408	4
MSANTD3	1688	3
MSANTD3-TMEFF1	0	0
TMEFF1	24	1
MURC	70	2
LPPR1	0	0
BAAT	0	0
MRPL50	805	3
ZNF189	644	3
ALDOB	0	0
TMEM246-AS1	2	1
TMEM246	1513	3
RNF20	1767	3
GRIN3A	12	1
PPP3R2	0	0
LINC00587	0	0
CYLC2	0	0
LINC01492	0	0
LOC101928523	0	0
SMC2-AS1	0	0
SMC2	5039	4
OR13F1	0	0
OR13C4	0	0
OR13C3	0	0
OR13C8	0	0
OR13C5	0	0
OR13C2	0	0
OR13C9	0	0
OR13D1	0	0
NIPSNAP3A	1688	3
NIPSNAP3B	20	1
ABCA1	422	2
SLC44A1	4121	4
FSD1L	284	2
RALGAPA1P	12	1
FKTN	1459	3
TAL2	4	1
TMEM38B	1206	3
MIR8081	0	0
LINC01505	0	0
ZNF462	473	2
LOC340512	0	0
RAD23B	11493	4
LINC01509	2	1
KLF4	1057	3
ACTL7B	0	0
ACTL7A	0	0
IKBKAP	2353	4
FAM206A	596	2
CTNNAL1	5614	4
TMEM245	5050	4
MIR32	0	0
FRRS1L	0	0
EPB41L4B	26	1
PTPN3	0	0
MIR3927	0	0
PALM2	100	2
PALM2-AKAP2	0	0
AKAP2	14	1
C9orf152	4	1
TXN	18287	4
TXNDC8	0	0
SVEP1	1531	3
MUSK	17	1
LPAR1	11729	4
MIR7702	0	0
OR2K2	0	0
KIAA0368	5461	4
ZNF483	10	1
PTGR1	2265	4
LRRC37A5P	0	0
DNAJC25-GNG10	0	0
DNAJC25	630	3
GNG10	10	1
C9orf84	7	1
UGCG	5178	4
MIR4668	0	0
SUSD1	296	2
PTBP3	2130	4
HSDL2	1609	3
KIAA1958	37	2
INIP	717	3
SNX30	882	3
SLC46A2	5	1
ZNF883	0	0
ZFP37	14	1
FAM225B	0	0
FAM225A	0	0
SLC31A2	350	2
FKBP15	1821	3
SLC31A1	2570	4
CDC26	600	2
PRPF4	2629	4
RNF183	0	0
WDR31	28	1
BSPRY	6	1
HDHD3	213	2
ALAD	1198	3
POLE3	3390	4
C9orf43	8	1
RGS3	2856	4
ZNF618	2017	3
AMBP	35	2
KIF12	0	0
COL27A1	1323	3
MIR455	1	1
ORM1	0	0
ORM2	0	0
AKNA	706	3
DFNB31	197	2
ATP6V1G1	3755	4
C9orf91	503	2
LOC100505478	0	0
TNFSF15	16	1
TNFSF8	0	0
TNC	90326	4
LOC101928748	0	0
DEC1	0	0
LOC101928775	0	0
LINC00474	0	0
PAPPA	4097	4
PAPPA-AS1	0	0
ASTN2	98	2
ASTN2-AS1	1	1
TRIM32	1365	3
SNORA70C	0	0
LOC101928797	0	0
TLR4	1450	3
BRINP1	0	0
MIR147A	0	0
CDK5RAP2	2586	4
MEGF9	372	2
FBXW2	2764	4
LOC100288842	28	1
PSMD5	2249	4
PSMD5-AS1	80	2
PHF19	3375	4
TRAF1	108	2
C5	380	2
CNTRL	928	3
RAB14	5079	4
GSN	7902	4
GSN-AS1	44	2
STOM	4521	4
GGTA1P	0	0
DAB2IP	2213	4
TTLL11	260	2
MIR4478	0	0
NDUFA8	1378	3
MORN5	0	0
LHX6	14	1
RBM18	1382	3
MRRF	932	3
PTGS1	45260	4
OR1J1	2	1
OR1J2	0	0
OR1J4	3	1
OR1N1	2	1
OR1N2	0	0
OR1L8	2	1
OR1Q1	8	1
OR1B1	0	0
OR1L1	0	0
OR1L3	0	0
OR1L4	0	0
OR1L6	0	0
OR5C1	0	0
OR1K1	0	0
PDCL	1346	3
RC3H2	1423	3
SNORD90	0	0
ZBTB6	580	2
ZBTB26	108	2
RABGAP1	1828	3
GPR21	0	0
MIR600HG	0	0
MIR600	0	0
STRBP	44	2
CRB2	0	0
DENND1A	1776	3
MIR601	0	0
MIR7150	0	0
LHX2	82	2
NEK6	1267	3
PSMB7	3671	4
LOC100129034	681	3
NR5A1	0	0
NR6A1	28	1
MIR181A2HG	27	1
MIR181A2	0	0
MIR181B2	0	0
OLFML2A	904	3
WDR38	0	0
RPL35	19788	4
ARPC5L	2054	3
GOLGA1	1452	3
SCAI	185	2
PPP6C	1789	3
RABEPK	974	3
HSPA5	56973	4
GAPVD1	2110	4
MAPKAP1	3859	4
LOC51145	2	1
PBX3	1080	3
LOC101929116	0	0
MVB12B	78	2
NRON	0	0
LMX1B	0	0
ZBTB43	582	2
ZBTB34	492	2
RALGPS1	21	1
ANGPTL2	1355	3
GARNL3	4	1
SLC2A8	150	2
ZNF79	148	2
RPL12	19122	4
SNORA65	7	1
LRSAM1	838	3
FAM129B	33649	4
STXBP1	1453	3
MIR3911	0	0
C9orf117	30	1
PTRH1	314	2
TTC16	0	0
TOR2A	292	2
SH2D3C	0	0
MIR3960	7	1
MIR2861	0	0
CDK9	1896	3
FPGS	2981	4
ENG	9397	4
AK1	1126	3
MIR4672	0	0
ST6GALNAC6	1591	3
ST6GALNAC4	638	3
PIP5KL1	15	1
DPM2	1269	3
FAM102A	961	3
NAIF1	282	2
SLC25A25	1034	3
SLC25A25-AS1	17	1
PTGES2	1717	3
PTGES2-AS1	10	1
LCN2	0	0
C9orf16	636	3
CIZ1	3112	4
DNM1	741	3
MIR199B	2	1
MIR3154	0	0
GOLGA2	4525	4
SWI5	498	2
TRUB2	1196	3
COQ4	635	3
SLC27A4	1194	3
URM1	1915	3
MIR219A2	0	0
MIR219B	0	0
CERCAM	5064	4
ODF2	1878	3
GLE1	1718	3
SPTAN1	11605	4
WDR34	3057	4
SET	17450	4
PKN3	515	2
ZDHHC12	922	3
LOC100506100	23	1
ZER1	1161	3
TBC1D13	1419	3
ENDOG	210	2
C9orf114	1232	3
CCBL1	130	2
LRRC8A	3377	4
PHYHD1	297	2
DOLK	886	3
NUP188	3802	4
SH3GLB2	1317	3
FAM73B	847	3
DOLPP1	754	3
CRAT	1186	3
PPP2R4	4736	4
IER5L	1684	3
LOC101929331	0	0
C9orf106	0	0
LINC01503	4	1
LINC00963	264	2
NTMT1	1097	3
C9orf50	2	1
ASB6	1350	3
PRRX2	2064	4
PRRX2-AS1	3	1
PTGES	364	2
TOR1B	2130	4
TOR1A	3601	4
C9orf78	2496	4
USP20	773	3
MIR6855	0	0
FNBP1	998	3
GPR107	5923	4
NCS1	1965	3
HMCN2	6	1
ASS1	2410	4
LOC100272217	27	1
FUBP3	3658	4
MIR6856	0	0
PRDM12	4	1
EXOSC2	1430	3
ABL1	4679	4
QRFP	2	1
FIBCD1	2299	4
LAMC3	0	0
AIF1L	3	1
NUP214	2338	4
FAM78A	30	1
PPAPDC3	4	1
PRRC2B	11063	4
SNORD62A	0	0
SNORD62B	0	0
POMT1	631	3
UCK1	1451	3
RAPGEF1	2698	4
MED27	957	3
NTNG2	191	2
SETX	3348	4
TTF1	860	3
C9orf171	0	0
BARHL1	0	0
DDX31	843	3
GTF3C4	1304	3
AK8	0	0
C9orf9	29	1
TSC1	1145	3
GFI1B	0	0
MIR548AW	0	0
GTF3C5	1871	3
MIR6877	0	0
CEL	5	1
CELP	0	0
RALGDS	604	3
GBGT1	167	2
OBP2B	0	0
ABO	0	0
SURF6	1247	3
MED22	1896	3
RPL7A	30128	4
SNORD24	2	1
SNORD36B	3	1
SNORD36A	69	2
SNORD36C	12	1
SURF1	699	3
SURF2	435	2
SURF4	20152	4
STKLD1	1	1
REXO4	1505	3
ADAMTS13	51	2
CACFD1	133	2
SLC2A6	372	2
TMEM8C	0	0
ADAMTSL2	0	0
FAM163B	0	0
DBH	0	0
DBH-AS1	0	0
SARDH	2	1
VAV2	2108	4
LINC00094	527	2
BRD3	865	3
WDR5	2429	4
RNU6ATAC	3	1
RXRA	1978	3
MIR4669	0	0
COL5A1	38223	4
LOC101448202	10	1
MIR3689A	0	0
MIR3689C	0	0
MIR3689D1	0	0
MIR3689B	0	0
MIR3689D2	0	0
MIR3689E	0	0
MIR3689F	0	0
FCN2	0	0
FCN1	0	0
OLFM1	0	0
LOC401557	0	0
C9orf62	0	0
PPP1R26-AS1	24	1
PPP1R26	1395	3
C9orf116	70	2
MRPS2	758	3
LOC101928525	12	1
LCN1	0	0
OBP2A	0	0
PAEP	0	0
LINC01502	0	0
GLT6D1	0	0
LCN9	0	0
SOHLH1	0	0
KCNT1	0	0
CAMSAP1	1530	3
UBAC1	1130	3
NACC2	1596	3
C9orf69	2594	4
LHX3	3	1
QSOX2	2610	4
MGC50722	0	0
DKFZP434A062	4	1
GPSM1	1979	3
DNLZ	529	2
CARD9	17	1
SNAPC4	720	3
SDCCAG3	1226	3
PMPCA	2127	4
INPP5E	885	3
SEC16A	4556	4
C9orf163	4	1
NOTCH1	1647	3
MIR4673	0	0
MIR4674	0	0
LINC01573	2	1
EGFL7	184	2
MIR126	0	0
AGPAT2	2028	3
FAM69B	26	1
SNHG7	1333	3
SNORA43	0	0
SNORA17	0	0
LCN10	2	1
LCN6	0	0
LOC100128593	0	0
MIR6722	0	0
LCN8	0	0
LCN15	0	0
TMEM141	1104	3
CCDC183	33	2
CCDC183-AS1	35	2
RABL6	5729	4
MIR4292	32	1
C9orf172	149	2
PHPT1	2081	4
MAMDC4	103	2
EDF1	5875	4
TRAF2	965	3
MIR4479	6	1
FBXW5	3561	4
C8G	8	1
LCN12	0	0
PTGDS	0	0
LCNL1	0	0
C9orf142	869	3
CLIC3	9	1
ABCA2	1566	3
C9orf139	0	0
FUT7	0	0
NPDC1	1940	3
ENTPD2	0	0
SAPCD2	2397	4
UAP1L1	1704	3
MAN1B1-AS1	52	2
MAN1B1	4913	4
DPP7	2561	4
GRIN1	1	1
LRRC26	0	0
MIR3621	0	0
TMEM210	0	0
ANAPC2	1616	3
SSNA1	2026	3
TPRN	599	2
TMEM203	1282	3
NDOR1	2032	3
RNF208	15	1
CYSRT1	42	2
RNF224	0	0
SLC34A3	10	1
TUBB4B	24465	4
FAM166A	2	1
C9orf173-AS1	4	1
C9orf173	0	0
NELFB	4095	4
TOR4A	5340	4
NRARP	14	1
EXD3	92	2
NOXA1	2	1
ENTPD8	0	0
NSMF	1619	3
MIR7114	0	0
PNPLA7	28	1
MRPL41	1625	3
DPH7	561	2
ZMYND19	1569	3
ARRDC1	619	3
ARRDC1-AS1	301	2
EHMT1	2007	3
EHMT1-IT1	1	1
MIR602	0	0
LOC100133077	0	0
CACNA1B	0	0
LOC101928786	0	0
TUBBP5	0	0
FAM157B	0	0
LOC389831	0	0
LOC100288966	0	0
LOC100233156	0	0
LOC389834	0	0
LOC283788	0	0
PLCXD1	0	0
GTPBP6	0	0
LINC00685	0	0
PPP2R3B	0	0
SHOX	0	0
CRLF2	0	0
CSF2RA	0	0
MIR3690	0	0
IL3RA	0	0
SLC25A6	0	0
LINC00106	0	0
ASMTL-AS1	0	0
ASMTL	0	0
P2RY8	0	0
AKAP17A	0	0
ASMT	0	0
DHRSX	0	0
ZBED1	0	0
MIR6089	0	0
CD99P1	0	0
LINC00102	0	0
CD99	2	1
XG	0	0
XGY2	0	0
GYG2	0	0
ARSD	280	2
ARSE	76	2
ARSH	0	0
ARSF	0	0
LINC01546	8	1
MXRA5	1795	3
PRKX	492	2
PRKX-AS1	0	0
LOC389906	230	2
LOC101928201	0	0
NLGN4X	0	0
MIR4770	0	0
VCX3A	0	0
HDHD1	788	3
MIR4767	28	1
STS	1174	3
VCX	0	0
PNPLA4	0	0
MIR651	0	0
VCX2	0	0
VCX3B	0	0
ANOS1	0	0
FAM9A	0	0
FAM9B	0	0
TBL1X	2414	4
GPR143	0	0
SHROOM2	292	2
CLDN34	0	0
WWC3	2156	4
CLCN4	0	0
MID1	1006	3
HCCS	1756	3
ARHGAP6	17	1
AMELX	0	0
MIR548AX	0	0
MSL3	1048	3
FRMPD4	832	3
PRPS2	2939	4
TLR7	0	0
TLR8-AS1	0	0
TLR8	0	0
TMSB4X	25733	4
FAM9C	0	0
GS1-600G8.3	0	0
ATXN3L	0	0
LINC01203	0	0
EGFL6	0	0
MIR6086	0	0
TCEANC	56	2
RAB9A	641	3
TRAPPC2	166	2
OFD1	402	2
GPM6B	12	1
GEMIN8	251	2
UBE2E4P	10	1
GLRA2	2	1
FANCB	516	2
MOSPD2	1241	3
ASB9	4	1
ASB11	0	0
PIGA	256	2
FIGF	0	0
PIR-FIGF	2	1
PIR	32	1
BMX	0	0
ACE2	0	0
GS1-594A7.3	0	0
TMEM27	2	1
CA5BP1	124	2
CA5B	165	2
INE2	0	0
ZRSR2	261	2
AP1S2	1134	3
GRPR	10	1
MAGEB17	0	0
CTPS2	570	2
MIR548AM	4	1
S100G	0	0
SYAP1	2315	4
TXLNG	571	2
RBBP7	5462	4
REPS2	0	0
NHS	12	1
MIR4768	0	0
NHS-AS1	4	1
SCML1	760	3
RAI2	0	0
BEND2	0	0
SCML2	191	2
CDKL5	172	2
RS1	0	0
PPEF1-AS1	0	0
PPEF1	0	0
PHKA2-AS1	0	0
PHKA2	383	2
ADGRG2	11	1
PDHA1	2037	3
MAP3K15	0	0
SH3KBP1	4649	4
CXorf23	185	2
LOC729609	0	0
MAP7D2	0	0
MIR23C	0	0
EIF1AX	5908	4
SCARNA9L	0	0
EIF1AX-AS1	4	1
RPS6KA3	2586	4
CNKSR2	0	0
KLHL34	0	0
SMPX	0	0
MBTPS2	2789	4
YY2	122	2
SMS	5660	4
PHEX	18	1
PHEX-AS1	0	0
PTCHD1-AS	0	0
ZNF645	0	0
DDX53	0	0
PTCHD1	0	0
PRDX4	4639	4
ACOT9	2362	4
SAT1	1007	3
APOO	364	2
CXorf58	0	0
KLHL15	460	2
EIF2S3	5732	4
ZFX-AS1	2	1
ZFX	804	3
SUPT20HL2	0	0
SUPT20HL1	0	0
PDK3	10	1
PCYT1B	0	0
PCYT1B-AS1	0	0
POLA1	1694	3
SCARNA23	0	0
ARX	0	0
MAGEB18	0	0
MAGEB6	0	0
MAGEB5	0	0
VENTXP1	0	0
PPP4R3CP	0	0
DCAF8L2	0	0
MAGEB10	0	0
DCAF8L1	0	0
MIR6134	0	0
IL1RAPL1	0	0
MIR4666B	0	0
MAGEB2	0	0
MAGEB3	0	0
MAGEB4	0	0
MAGEB1	0	0
NR0B1	0	0
CXorf21	0	0
GK	1443	3
TAB3	864	3
FTHL17	0	0
DMD	58	2
MIR3915	0	0
MIR548F5	0	0
FAM47A	0	0
TMEM47	3524	4
FAM47B	0	0
MAGEB16	0	0
CFAP47	0	0
RP11-87M18.2	0	0
FAM47C	0	0
FTH1P18	0	0
PRRG1	618	3
LANCL3	0	0
XK	0	0
CYBB	0	0
DYNLT3	1539	3
HYPM	0	0
SYTL5	0	0
MIR548AJ2	0	0
SRPX	1072	3
RPGR	310	2
OTC	0	0
TSPAN7	0	0
MID1IP1-AS1	22	1
MID1IP1	2023	3
LINC01281	0	0
LINC01282	0	0
MIR3937	0	0
MIR1587	0	0
BCOR	1053	3
LOC101927476	29	1
ATP6AP2	6666	4
MPC1L	0	0
CXorf38	1456	3
MED14	1657	3
MED14OS	27	1
LOC100132831	0	0
USP9X	4509	4
DDX3X	13899	4
NYX	0	0
CASK	1032	3
GPR34	0	0
GPR82	0	0
PPP1R2P9	0	0
LOC101927501	2	1
MAOA	2	1
MAOB	0	0
NDP	11	1
EFHC2	6	1
FUNDC1	448	2
DUSP21	0	0
KDM6A	684	3
CXorf36	0	0
LINC01204	123	2
LOC392452	1	1
MIR221	96	2
MIR222	0	0
LOC401585	3	1
LINC01186	0	0
KRBOX4	377	2
ZNF674	162	2
ZNF674-AS1	94	2
CHST7	1069	3
SLC9A7	1180	3
RP2	1712	3
LINC01545	6	1
JADE3	317	2
RGN	0	0
NDUFB11	1746	3
RBM10	2341	4
UBA1	13371	4
INE1	27	1
CDK16	3597	4
USP11	2639	4
ZNF157	0	0
SNORA11C	0	0
ZNF41	313	2
LINC01560	40	2
ARAF	1515	3
SYN1	0	0
TIMP1	15858	4
MIR4769	0	0
CFP	6	1
ELK1	1374	3
UXT	1028	3
UXT-AS1	0	0
CXXC1P1	0	0
ZNF81	228	2
ZNF182	203	2
SPACA5	0	0
SPACA5B	0	0
ZNF630-AS1	0	0
ZNF630	0	0
SSX6	0	0
SSX5	0	0
SSX1	0	0
SSX9	0	0
SSX3	0	0
SSX4B	0	0
SSX4	0	0
SLC38A5	4	1
FTSJ1	1953	3
PORCN	282	2
EBP	778	3
TBC1D25	429	2
RBM3	14675	4
WDR13	1407	3
WAS	0	0
SUV39H1	1054	3
GLOD5	0	0
GATA1	0	0
HDAC6	1026	3
ERAS	0	0
PCSK1N	0	0
TIMM17B	906	3
PQBP1	1350	3
SLC35A2	1515	3
PIM2	161	2
OTUD5	2155	4
KCND1	40	2
GRIPAP1	1311	3
TFE3	4040	4
CCDC120	0	0
PRAF2	861	3
WDR45	1333	3
GPKOW	1029	3
MAGIX	16	1
PLP2	4503	4
PRICKLE3	317	2
SYP	6	1
SYP-AS1	0	0
CACNA1F	0	0
CCDC22	641	3
FOXP3	4	1
PPP1R3F	140	2
GAGE10	0	0
GAGE12D	0	0
GAGE12J	0	0
GAGE2D	0	0
GAGE13	0	0
GAGE2E	0	0
GAGE8	0	0
GAGE12F	0	0
GAGE12G	0	0
GAGE4	0	0
GAGE6	0	0
GAGE5	0	0
GAGE12I	0	0
GAGE7	0	0
GAGE12C	0	0
GAGE12E	0	0
GAGE12H	0	0
GAGE12B	0	0
GAGE2A	0	0
GAGE2C	0	0
GAGE2B	0	0
GAGE1	0	0
PAGE1	0	0
PAGE4	0	0
USP27X-AS1	16	1
USP27X	86	2
CLCN5	256	2
MIR532	0	0
MIR188	0	0
MIR500A	0	0
MIR362	0	0
MIR501	0	0
MIR500B	0	0
MIR660	0	0
MIR502	0	0
AKAP4	0	0
CCNB3	0	0
DGKK	0	0
SHROOM4	0	0
BMP15	0	0
LINC01284	0	0
NUDT10	4	1
CXorf67	0	0
NUDT11	30	1
LINC01496	0	0
CENPVP2	0	0
CENPVP1	0	0
GSPT2	164	2
MAGED1	10591	4
MAGED4	0	0
MAGED4B	0	0
SNORA11D	0	0
SNORA11E	0	0
MIR8088	0	0
XAGE2	0	0
XAGE1B	0	0
XAGE1E	0	0
SSX8	0	0
SSX7	0	0
SSX2B	0	0
SSX2	0	0
SPANXN5	0	0
XAGE5	0	0
XAGE3	0	0
FAM156A	3	1
FAM156B	0	0
GPR173	132	2
TSPYL2	647	3
KANTR	39	2
KDM5C	3206	4
MIR6895	0	0
MIR6894	0	0
IQSEC2	661	3
SMC1A	8075	4
MIR6857	0	0
RIBC1	18	1
HSD17B10	1468	3
HUWE1	10686	4
MIR98	0	0
MIRLET7F2	0	0
PHF8	694	3
FAM120C	661	3
WNK3	0	0
TSR2	1262	3
FGD1	954	3
GNL3L	1790	3
ITIH6	0	0
MAGED2	8509	4
SNORA11	4	1
TRO	0	0
PFKFB1	4	1
APEX2	947	3
ALAS2	3	1
PAGE2B	0	0
PAGE2	0	0
FAM104B	268	2
MTRNR2L10	0	0
PAGE5	0	0
PAGE3	0	0
LOC100421746	0	0
MIR4536-2	0	0
MIR4536-1	0	0
MAGEH1	344	2
USP51	12	1
FOXR2	0	0
RRAGB	219	2
KLF8	4	1
UBQLN2	1878	3
LINC01420	904	3
UQCRBP1	0	0
SPIN3	190	2
SPIN2B	172	2
SPIN2A	3	1
FAAH2	0	0
ZXDB	354	2
ZXDA	0	0
SPIN4	657	3
LINC01278	313	2
ARHGEF9	619	3
ARHGEF9-IT1	4	1
MIR1468	0	0
AMER1	319	2
ASB12	0	0
MTMR8	0	0
ZC4H2	12	1
ZC3H12B	10	1
LAS1L	1598	3
FRMD8P1	0	0
MSN	37455	4
MIR223	0	0
VSIG4	0	0
HEPH	22	1
EDA2R	462	2
AR	1036	3
OPHN1	593	2
YIPF6	1817	3
STARD8	90	2
EFNB1	138	2
PJA1	606	3
LINC00269	0	0
FAM155B	0	0
EDA	0	0
MIR676	0	0
AWAT2	0	0
OTUD6A	0	0
IGBP1	1203	3
DGAT2L6	0	0
AWAT1	0	0
P2RY4	2	1
ARR3	14	1
RAB41	4	1
PDZD11	1527	3
KIF4A	3688	4
GDPD2	4	1
DLG3	369	2
DLG3-AS1	4	1
TEX11	0	0
SLC7A3	0	0
SNX12	2859	4
FOXO4	86	2
CXorf65	0	0
IL2RG	0	0
MED12	1029	3
NLGN3	6	1
GJB1	0	0
ZMYM3	1245	3
NONO	19522	4
ITGB1BP2	29	1
TAF1	1814	3
INGX	0	0
OGT	2541	4
ACRC	29	1
CXCR3	0	0
LOC100132741	0	0
LINC00891	0	0
CXorf49B	0	0
CXorf49	0	0
NHSL2	212	2
RPS26P11	2	1
RGAG4	132	2
FLJ44635	31	1
PIN4	598	2
ERCC6L	1258	3
RPS4X	19806	4
CITED1	2	1
HDAC8	383	2
PHKA1	0	0
LOC101928259	0	0
FAM226B	0	0
FAM226A	0	0
LINC00684	0	0
LOC100132304	0	0
DMRTC1	0	0
DMRTC1B	0	0
PABPC1L2B-AS1	0	0
PABPC1L2B	0	0
PABPC1L2A	0	0
NAP1L6	0	0
NAP1L2	0	0
CDX4	0	0
MAP2K4P1	6	1
CHIC1	546	2
TSIX	0	0
XIST	0	0
JPX	193	2
FTX	80	2
MIR421	0	0
MIR374B	0	0
MIR374C	0	0
MIR545	0	0
MIR374A	1	1
ZCCHC13	0	0
SLC16A2	3255	4
RLIM	3241	4
KIAA2022	0	0
ABCB7	603	3
UPRT	366	2
ZDHHC15	0	0
TTC3P1	44	2
MAGEE2	0	0
PBDC1	1256	3
MAGEE1	122	2
MIR325HG	0	0
MIR384	0	0
MIR325	0	0
FGF16	0	0
ATRX	2180	4
MAGT1	6331	4
COX7B	2078	4
ATP7A	788	3
PGAM4	18	1
PGK1	15739	4
TAF9B	805	3
CYSLTR1	0	0
ZCCHC5	10	1
LPAR4	0	0
MIR4328	0	0
P2RY10	0	0
GPR174	0	0
ITM2A	0	0
TBX22	0	0
CHMP1B2P	0	0
FAM46D	0	0
BRWD3	666	3
HMGN5	114	2
SH3BGRL	3721	4
POU3F4	0	0
CYLC1	0	0
RPS6KA6	28	1
MIR548I4	0	0
HDX	301	2
UBE2DNL	0	0
APOOL	668	3
SATL1	0	0
LOC101928128	0	0
ZNF711	0	0
POF1B	0	0
MIR1321	0	0
CHM	1482	3
MIR361	0	0
DACH2	0	0
KLHL4	0	0
CPXCR1	0	0
TGIF2LX	0	0
PABPC5-AS1	0	0
PABPC5	0	0
PCDH11X	0	0
NAP1L3	0	0
FAM133A	0	0
MIR548M	0	0
BRDTP1	0	0
DIAPH2	842	3
RPA4	0	0
DIAPH2-AS1	0	0
XRCC6P5	0	0
PCDH19	0	0
TNMD	0	0
TSPAN6	557	2
SRPX2	1311	3
SYTL4	577	2
CSTF2	1238	3
NOX1	13	1
XKRX	13	1
ARL13A	1	1
TRMT2B	672	3
TMEM35	78	2
CENPI	1320	3
DRP2	54	2
TAF7L	8	1
TIMM8A	408	2
BTK	2	1
RPL36A	131	2
RPL36A-HNRNPH2	0	0
GLA	1486	3
HNRNPH2	2	1
ARMCX4	322	2
ARMCX1	1838	3
ARMCX6	1092	3
ARMCX3	2775	4
RNU6-30P	2	1
ARMCX2	2459	4
NXF5	0	0
ZMAT1	23	1
TCEAL2	0	0
TCEAL6	4	1
BEX5	0	0
TCP11X2	0	0
NXF2B	0	0
NXF2	0	0
TMSB15A	0	0
NXF4	0	0
ARMCX5	315	2
ARMCX5-GPRASP2	31	1
GPRASP1	16	1
GPRASP2	25	1
BHLHB9	272	2
LINC00630	89	2
RAB40AL	4	1
BEX1	28	1
NXF3	0	0
BEX4	104	2
TCEAL8	2151	4
TCEAL5	0	0
BEX2	0	0
TCEAL7	254	2
WBP5	5905	4
NGFRAP1	5597	4
RAB40A	26	1
LOC105373300	1	1
TCEAL4	2822	4
TCEAL3	1794	3
TCEAL1	816	3
MORF4L2	14948	4
MORF4L2-AS1	11	1
GLRA4	2	1
TMEM31	0	0
PLP1	18	1
RAB9B	10	1
TMSB15B	15	1
LOC100101478	0	0
H2BFXP	0	0
H2BFWT	0	0
H2BFM	1	1
SLC25A53	10	1
ZCCHC18	8	1
LOC286437	54	2
FAM199X	1312	3
ESX1	0	0
IL1RAPL2	0	0
TEX13A	0	0
NRK	0	0
SERPINA7	0	0
MUM1L1	0	0
CXorf57	81	2
MIR548AN	0	0
RNF128	0	0
TBC1D8B	714	3
RIPPLY1	0	0
CLDN2	0	0
MORC4	1211	3
RBM41	621	3
NUP62CL	0	0
PIH1D3	0	0
FRMPD3-AS1	0	0
FRMPD3	18	1
PRPS1	3144	4
TSC22D3	176	2
MID2	392	2
LOC101928335	2	1
TEX13B	0	0
VSIG1	0	0
PSMD10	2089	4
ATG4A	554	2
COL4A6	128	2
COL4A5	1389	3
IRS4	0	0
LOC101928358	0	0
MIR6087	6	1
GUCY2F	0	0
NXT2	432	2
KCNE5	16	1
ACSL4	10305	4
TMEM164	946	3
MIR652	0	0
MIR3978	0	0
AMMECR1	793	3
SNORD96B	0	0
RGAG1	16	1
TDGF1P3	0	0
CHRDL1	254	2
PAK3	0	0
CAPN6	0	0
DCX	0	0
LINC00890	0	0
ALG13	734	3
TRPC5	0	0
TRPC5OS	0	0
ZCCHC16	0	0
LHFPL1	0	0
AMOT	436	2
MIR4329	0	0
LOC101928437	0	0
XACT	0	0
HTR2C	2	1
SNORA35	0	0
MIR764	0	0
MIR1912	0	0
MIR1264	0	0
MIR1298	0	0
MIR1911	0	0
MIR448	0	0
IL13RA2	925	3
LRCH2	680	3
RBMXL3	0	0
LUZP4	0	0
PLS3-AS1	13	1
PLS3	16750	4
DANT2	0	0
AGTR2	0	0
SLC6A14	0	0
CT83	0	0
KLHL13	0	0
WDR44	1256	3
MIR1277	0	0
DOCK11	981	3
IL13RA1	4574	4
ZCCHC12	0	0
LINC01285	0	0
LONRF3	0	0
KIAA1210	0	0
PGRMC1	6795	4
LOC101928336	0	0
SLC25A43	1280	3
SLC25A5-AS1	19	1
SLC25A5	6652	4
CXorf56	975	3
UBE2A	4073	4
NKRF	585	2
SEPT6	1055	3
MIR766	0	0
SOWAHD	2	1
RPL39	10954	4
SNORA69	4	1
UPF3B	720	3
RNF113A	400	2
NDUFA1	1889	3
AKAP14	0	0
NKAP	697	3
RHOXF1P1	0	0
RHOXF1-AS1	0	0
RHOXF2B	0	0
RHOXF2	0	0
RHOXF1	0	0
LINC01402	0	0
NKAPP1	10	1
ZBTB33	902	3
TMEM255A	0	0
ATP1B4	0	0
LAMP2	8082	4
CUL4B	8429	4
MCTS1	1945	3
C1GALT1C1	1982	3
CT47B1	0	0
CT47A10	0	0
CT47A8	0	0
CT47A9	0	0
CT47A2	0	0
CT47A12	0	0
CT47A4	0	0
CT47A1	0	0
CT47A11	0	0
CT47A3	0	0
CT47A5	0	0
CT47A6	0	0
CT47A7	0	0
GLUD2	20	1
MIR3672	0	0
GRIA3	189	2
THOC2	3085	4
XIAP	2660	4
LOC101928402	0	0
STAG2	5174	4
SH2D1A	0	0
TENM1	0	0
LOC100129520	0	0
LOC101928495	0	0
DCAF12L2	0	0
DCAF12L1	0	0
PRR32	0	0
ACTRT1	0	0
SMARCA1	4611	4
OCRL	2251	4
APLN	0	0
XPNPEP2	0	0
SASH3	0	0
ZDHHC9	1677	3
UTP14A	1940	3
BCORL1	330	2
ELF4	1977	3
AIFM1	1186	3
RAB33A	30	1
ZNF280C	344	2
SLC25A14	297	2
GPR119	0	0
RBMX2	913	3
FAM45B	68	2
ENOX2	582	2
LINC01201	0	0
ARHGAP36	0	0
IGSF1	0	0
OR13H1	0	0
FIRRE	12	1
STK26	0	0
FRMD7	0	0
RAP2C	1918	3
RAP2C-AS1	42	2
MBNL3	0	0
HS6ST2	0	0
HS6ST2-AS1	0	0
USP26	0	0
TFDP3	0	0
GPC4	0	0
GPC3	0	0
MIR363	0	0
MIR92A2	0	0
MIR19B2	0	0
MIR20B	0	0
MIR18B	0	0
MIR106A	0	0
CCDC160	0	0
PHF6	1754	3
HPRT1	2341	4
MIR450B	0	0
MIR450A1	0	0
MIR450A2	0	0
MIR542	0	0
MIR503HG	77	2
MIR503	4	1
MIR424	0	0
LINC00629	0	0
PLAC1	0	0
FAM122B	1715	3
FAM122C	148	2
MOSPD1	821	3
SMIM10	660	3
FAM127C	1204	3
FAM127A	3433	4
FAM127B	765	3
SMIM10L2B	0	0
LINC00633	0	0
LOC100287728	0	0
CT55	0	0
ZNF75D	386	2
ZNF449	347	2
LOC100506790	0	0
SMIM10L2A	0	0
DDX26B-AS1	0	0
DDX26B	146	2
CT45A1	0	0
CT45A4	0	0
CT45A3	0	0
CT45A5	0	0
CT45A6	0	0
CT45A7	0	0
CT45A9	0	0
CT45A8	0	0
CT45A2	0	0
CT45A10	0	0
SAGE1	0	0
MMGT1	1703	3
SLC9A6	1367	3
FHL1	7812	4
MAP7D3	1665	3
ADGRG4	0	0
BRS3	0	0
HTATSF1	2662	4
VGLL1	0	0
MIR934	0	0
LINC00892	4	1
CD40LG	0	0
ARHGEF6	815	3
RBMX	8490	4
SNORD61	0	0
GPR101	0	0
ZIC3	0	0
LINC00889	0	0
FGF13	0	0
MIR504	0	0
FGF13-AS1	0	0
SRD5A1P1	0	0
F9	0	0
MCF2	0	0
ATP11C	2898	4
MIR505	0	0
CXorf66	0	0
LOC389895	0	0
SOX3	0	0
LINC00632	0	0
CDR1	2	1
MIR320D2	0	0
SPANXB1	0	0
LDOC1	0	0
SPANXC	0	0
SPANXA2-OT1	0	0
SPANXA1	0	0
SPANXA2	0	0
SPANXD	0	0
MAGEC3	0	0
MAGEC1	0	0
MAGEC2	0	0
SPANXN4	0	0
SPANXN3	0	0
SLITRK4	0	0
SPANXN2	0	0
UBE2NL	0	0
SPANXN1	0	0
SLITRK2	0	0
TMEM257	0	0
MIR892C	0	0
MIR890	0	0
MIR888	0	0
MIR892A	0	0
MIR892B	0	0
MIR891B	0	0
MIR891A	0	0
CXorf51A	0	0
CXorf51B	0	0
MIR513C	0	0
MIR513B	0	0
MIR513A1	0	0
MIR513A2	0	0
MIR506	0	0
MIR507	0	0
MIR508	0	0
MIR514B	0	0
MIR509-1	0	0
MIR509-2	0	0
MIR509-3	0	0
MIR510	0	0
MIR514A1	0	0
MIR514A2	0	0
MIR514A3	0	0
FMR1-AS1	0	0
FMR1	1841	3
FMR1NB	0	0
AFF2	0	0
IDS	3284	4
LINC00893	14	1
CXorf40A	494	2
MAGEA9B	0	0
MAGEA9	0	0
HSFX2	0	0
HSFX1	0	0
TMEM185A	479	2
MAGEA11	0	0
LINC00850	0	0
MAGEA8-AS1	0	0
MAGEA8	0	0
CXorf40B	751	3
LINC00894	18	1
MIR2114	0	0
MAMLD1	334	2
MTM1	408	2
MTMR1	1322	3
CD99L2	4017	4
HMGB3	1806	3
MIR4330	0	0
GPR50	0	0
VMA21	1667	3
PASD1	0	0
PRRG3	0	0
FATE1	0	0
CNGA2	0	0
MAGEA4	0	0
GABRE	171	2
MIR224	0	0
MIR452	2	1
MAGEA5	0	0
MAGEA10-MAGEA5	0	0
MAGEA10	0	0
GABRA3	0	0
MIR105-1	0	0
MIR767	0	0
MIR105-2	0	0
GABRQ	0	0
MAGEA3	0	0
CSAG3	0	0
MAGEA2	0	0
MAGEA2B	0	0
CSAG1	0	0
MAGEA12	0	0
CSAG4	0	0
MAGEA6	0	0
CETN2	1690	3
NSDHL	998	3
ZNF185	104	2
PNMA5	0	0
PNMA3	0	0
PNMA6A	0	0
MAGEA1	0	0
ZNF275	779	3
ZFP92	4	1
TREX2	14	1
HAUS7	555	2
BGN	6194	4
ATP2B3	0	0
FAM58A	828	3
LOC105373383	8	1
DUSP9	0	0
PNCK	0	0
SLC6A8	157	2
BCAP31	5020	4
ABCD1	222	2
PLXNB3	387	2
SRPK3	19	1
IDH3G	1205	3
SSR4	5329	4
PDZD4	4	1
L1CAM	3587	4
LCA10	13	1
AVPR2	0	0
ARHGAP4	4	1
NAA10	2223	4
RENBP	0	0
HCFC1	4718	4
HCFC1-AS1	0	0
TMEM187	174	2
MIR3202-1	0	0
MIR3202-2	0	0
IRAK1	7006	4
MIR718	0	0
MECP2	1647	3
OPN1LW	0	0
OPN1MW2	0	0
OPN1MW	0	0
TEX28	0	0
TKTL1	0	0
FLNA	198009	4
EMD	2190	4
RPL10	33645	4
SNORA70	142	2
DNASE1L1	1081	3
TAZ	551	2
CH17-340M24.3	20	1
ATP6AP1	3189	4
GDI1	6311	4
FAM50A	3787	4
MIR6858	0	0
PLXNA3	2014	3
LAGE3	162	2
UBL4A	2602	4
SLC10A3	1784	3
FAM3A	1438	3
G6PD	8151	4
IKBKG	573	2
FAM223A	0	0
FAM223B	0	0
CTAG1B	0	0
CTAG1A	0	0
CTAG2	0	0
GAB3	6	1
DKC1	3676	4
SNORA36A	0	0
MIR664B	0	0
SNORA56	0	0
MPP1	447	2
SMIM9	0	0
F8	64	2
H2AFB2	0	0
H2AFB1	0	0
H2AFB3	0	0
F8A1	114	2
F8A2	0	0
F8A3	0	0
MIR1184-1	0	0
MIR1184-2	0	0
MIR1184-3	0	0
FUNDC2	1490	3
CMC4	136	2
MTCP1	64	2
BRCC3	1221	3
VBP1	2647	4
RAB39B	0	0
CLIC2	6	1
TMLHE-AS1	0	0
LOC101927830	0	0
TMLHE	306	2
SPRY3	3	1
VAMP7	0	0
IL9R	0	0
DDX11L16	0	0
SRY	0	0
RPS4Y1	6426	4
ZFY	1085	3
LINC00278	2	1
TGIF2LY	0	0
PCDH11Y	0	0
TTTY23	0	0
TTTY23B	0	0
TSPY2	0	0
LINC00280	0	0
TTTY1	0	0
TTTY1B	0	0
TTTY2	0	0
TTTY2B	0	0
TTTY21	0	0
TTTY21B	0	0
TTTY7	0	0
TTTY7B	0	0
TTTY8	0	0
TTTY8B	0	0
AMELY	0	0
TBL1Y	0	0
PRKY	324	2
TTTY16	0	0
TTTY12	0	0
TTTY18	0	0
TTTY19	0	0
TTTY11	0	0
RBMY1A3P	0	0
TTTY20	0	0
TSPY3	0	0
TSPY10	0	0
TSPY8	0	0
TSPY4	0	0
FAM197Y5	0	0
FAM197Y2	0	0
TSPY1	0	0
RBMY3AP	0	0
TTTY22	0	0
GYG2P1	16	1
TTTY15	754	3
USP9Y	958	3
DDX3Y	3373	4
UTY	421	2
TMSB4Y	0	0
VCY1B	0	0
VCY	0	0
NLGN4Y	598	2
NLGN4Y-AS1	4	1
FAM41AY2	0	0
FAM41AY1	0	0
FAM224B	0	0
FAM224A	0	0
XKRY2	0	0
XKRY	0	0
CDY2B	0	0
CDY2A	0	0
HSFY2	0	0
HSFY1	0	0
TTTY9A	0	0
TTTY9B	0	0
TTTY14	32	1
BCORP1	0	0
TXLNGY	492	2
KDM5D	741	3
TTTY10	0	0
EIF1AY	1127	3
RPS4Y2	0	0
PRORY	0	0
RBMY2EP	0	0
RBMY1B	0	0
RBMY1A1	0	0
RBMY1E	0	0
RBMY1D	0	0
TTTY13	0	0
PRY2	0	0
PRY	0	0
LOC101929148	0	0
TTTY6	0	0
TTTY6B	0	0
RBMY1F	0	0
RBMY1J	0	0
TTTY5	0	0
RBMY2FP	0	0
LOC100652931	0	0
TTTY17C	0	0
TTTY17B	0	0
TTTY17A	0	0
TTTY4C	0	0
TTTY4B	0	0
TTTY4	0	0
BPY2B	0	0
BPY2C	0	0
BPY2	0	0
DAZ4	0	0
DAZ1	0	0
DAZ3	0	0
DAZ2	0	0
TTTY3B	0	0
TTTY3	0	0
CDY1B	0	0
CDY1	0	0
CSPG4P1Y	0	0
GOLGA2P3Y	0	0
GOLGA2P2Y	0	0
